image,category,level,response,RT,seed,model
simulated,0,super,yes,85.62412229932612,1,simulated
simulated,0,super,yes,85.64057840352969,1,simulated
simulated,0,super,yes,85.70997249908926,1,simulated
simulated,0,super,yes,85.64702012764799,1,simulated
simulated,0,super,yes,85.6204730974305,1,simulated
simulated,0,super,yes,85.654697153451,1,simulated
simulated,0,super,yes,85.69183021680357,1,simulated
simulated,0,super,yes,85.7011347957675,1,simulated
simulated,0,super,yes,85.59721355902204,1,simulated
simulated,0,super,yes,85.6529914484275,1,simulated
simulated,0,super,yes,85.69128119527277,1,simulated
simulated,0,super,yes,85.72318896796227,1,simulated
simulated,0,super,yes,85.68462006308421,1,simulated
simulated,0,super,yes,85.70698400011022,1,simulated
simulated,0,super,yes,85.67314624621075,1,simulated
simulated,0,super,yes,85.6220937126471,1,simulated
simulated,0,super,yes,85.66475732115057,1,simulated
simulated,0,super,yes,85.63408593698668,1,simulated
simulated,0,super,yes,85.69189080922385,1,simulated
simulated,0,super,yes,85.67627120834945,1,simulated
simulated,0,super,yes,85.64504206499325,1,simulated
simulated,0,super,yes,85.71987066374635,1,simulated
simulated,0,super,yes,85.6042390047198,1,simulated
simulated,0,super,yes,85.69260798656579,1,simulated
simulated,0,super,yes,85.6371425656729,1,simulated
simulated,0,super,yes,85.59300746113952,1,simulated
simulated,0,super,yes,85.67074661036449,1,simulated
simulated,0,super,yes,85.66194914182371,1,simulated
simulated,0,super,yes,85.65651100429042,1,simulated
simulated,0,super,yes,85.70833570589558,1,simulated
simulated,0,super,yes,85.61143540324377,1,simulated
simulated,0,super,yes,85.71108839254256,1,simulated
simulated,0,super,yes,85.6724311392892,1,simulated
simulated,0,super,yes,85.63088352492396,1,simulated
simulated,0,super,yes,85.6719569130163,1,simulated
simulated,0,super,yes,85.63410273450756,1,simulated
simulated,0,super,yes,85.67804907630156,1,simulated
simulated,0,super,yes,85.7131781707339,1,simulated
simulated,0,super,yes,85.65866682049605,1,simulated
simulated,0,super,yes,85.6093242840644,1,simulated
simulated,0,super,yes,85.61768485722214,1,simulated
simulated,0,super,yes,85.67455841370187,1,simulated
simulated,0,super,yes,85.64424404483883,1,simulated
simulated,0,super,yes,85.72008131033832,1,simulated
simulated,0,super,yes,85.63268496948996,1,simulated
simulated,0,super,yes,85.65926240262876,1,simulated
simulated,0,super,yes,85.68884614760823,1,simulated
simulated,0,super,yes,85.67715238138972,1,simulated
simulated,0,super,yes,85.67339270230013,1,simulated
simulated,0,super,yes,85.59891316716825,1,simulated
simulated,0,super,yes,85.61835297841297,1,simulated
simulated,0,super,yes,85.60492420004361,1,simulated
simulated,0,super,yes,85.68165839971606,1,simulated
simulated,0,super,yes,85.73373812047429,1,simulated
simulated,0,super,yes,85.64671375033016,1,simulated
simulated,0,super,yes,85.62634404621915,1,simulated
simulated,0,super,yes,85.68339357347477,1,simulated
simulated,0,super,yes,85.6614194155587,1,simulated
simulated,0,super,yes,85.67486182052527,1,simulated
simulated,0,super,yes,85.61031540078153,1,simulated
simulated,0,super,yes,85.66671609574303,1,simulated
simulated,0,super,yes,85.66797931273526,1,simulated
simulated,0,super,yes,85.70474586333762,1,simulated
simulated,0,super,yes,85.64763197902909,1,simulated
simulated,0,super,yes,85.62578498476661,1,simulated
simulated,0,super,yes,85.6634836514823,1,simulated
simulated,0,super,yes,85.72271019335548,1,simulated
simulated,0,super,yes,85.68919034439108,1,simulated
simulated,0,super,yes,85.63104058140985,1,simulated
simulated,0,super,yes,85.66854926817241,1,simulated
simulated,0,super,yes,85.64763046561494,1,simulated
simulated,0,super,yes,85.66013519731065,1,simulated
simulated,0,super,yes,85.69852366260733,1,simulated
simulated,0,super,yes,85.7229172558019,1,simulated
simulated,0,super,yes,85.6443316723859,1,simulated
simulated,0,super,yes,85.65810567482498,1,simulated
simulated,0,super,yes,85.69764593383262,1,simulated
simulated,0,super,yes,85.66843651966339,1,simulated
simulated,0,super,yes,85.76744879768523,1,simulated
simulated,0,super,yes,85.66987669679287,1,simulated
simulated,0,super,yes,85.65153158289371,1,simulated
simulated,0,super,yes,85.67572903127642,1,simulated
simulated,0,super,yes,85.63976856409379,1,simulated
simulated,0,super,yes,85.57144521055794,1,simulated
simulated,0,super,yes,85.71473344165287,1,simulated
simulated,0,super,yes,85.68718191423122,1,simulated
simulated,0,super,yes,85.71678740992428,1,simulated
simulated,0,super,yes,85.6495980806034,1,simulated
simulated,0,super,yes,85.70320501808645,1,simulated
simulated,0,super,yes,85.674201899664,1,simulated
simulated,0,super,yes,85.6880902369006,1,simulated
simulated,0,super,yes,85.67947677708894,1,simulated
simulated,0,super,yes,85.73365943280324,1,simulated
simulated,0,super,yes,85.65528824816684,1,simulated
simulated,0,super,yes,85.73398494397489,1,simulated
simulated,0,super,yes,85.63415077228481,1,simulated
simulated,0,super,yes,85.77127907643826,1,simulated
simulated,0,super,yes,85.70672365214186,1,simulated
simulated,0,super,yes,85.6246940597451,1,simulated
simulated,0,super,yes,85.57109389140435,1,simulated
simulated,0,super,yes,85.64746823293258,1,simulated
simulated,0,super,yes,85.74079929546264,1,simulated
simulated,0,super,yes,85.65032166610754,1,simulated
simulated,0,super,yes,85.60192957319819,1,simulated
simulated,0,super,yes,85.71907438893172,1,simulated
simulated,0,super,yes,85.6741265955984,1,simulated
simulated,0,super,yes,85.69196077023572,1,simulated
simulated,0,super,yes,85.60991235911165,1,simulated
simulated,0,super,yes,85.69786943578829,1,simulated
simulated,0,super,yes,85.69173182778292,1,simulated
simulated,0,super,yes,85.63385759312368,1,simulated
simulated,0,super,yes,85.72662428291731,1,simulated
simulated,0,super,yes,85.5979823420499,1,simulated
simulated,0,super,yes,85.6790733890956,1,simulated
simulated,0,super,yes,85.63721150930536,1,simulated
simulated,0,super,yes,85.58826546410853,1,simulated
simulated,0,super,yes,85.5971137423704,1,simulated
simulated,0,super,yes,85.6856211536329,1,simulated
simulated,0,super,yes,85.72316511016588,1,simulated
simulated,0,super,yes,85.69534542517334,1,simulated
simulated,0,super,yes,85.68295803803744,1,simulated
simulated,0,super,yes,85.65473004951478,1,simulated
simulated,0,super,yes,85.67347191800667,1,simulated
simulated,0,super,yes,85.66725474216702,1,simulated
simulated,0,super,yes,85.57988468841617,1,simulated
simulated,0,super,yes,85.62797759226267,1,simulated
simulated,0,super,yes,85.62681378143283,1,simulated
simulated,0,super,yes,85.60516606498612,1,simulated
simulated,0,super,yes,85.65762278206087,1,simulated
simulated,0,super,yes,85.61688342576734,1,simulated
simulated,0,super,yes,85.682129115841,1,simulated
simulated,0,super,yes,85.68581818995769,1,simulated
simulated,0,super,yes,85.61471974568052,1,simulated
simulated,0,super,yes,85.64815441089068,1,simulated
simulated,0,super,yes,85.64085817487612,1,simulated
simulated,0,super,yes,85.58047484302074,1,simulated
simulated,0,super,yes,85.67544105507315,1,simulated
simulated,0,super,yes,85.67857037792339,1,simulated
simulated,0,super,yes,85.6245441956624,1,simulated
simulated,0,super,yes,85.6305817196186,1,simulated
simulated,0,super,yes,85.68460394086073,1,simulated
simulated,0,super,yes,85.61581830089625,1,simulated
simulated,0,super,yes,85.66876818820398,1,simulated
simulated,0,super,yes,85.64105690440424,1,simulated
simulated,0,super,yes,85.64016670565937,1,simulated
simulated,0,super,yes,85.64260638570353,1,simulated
simulated,0,super,yes,85.58424211746545,1,simulated
simulated,0,super,yes,85.63094834489532,1,simulated
simulated,0,super,yes,85.64973884501205,1,simulated
simulated,0,super,yes,85.6618766960075,1,simulated
simulated,0,super,yes,85.68795960180223,1,simulated
simulated,0,super,yes,85.62445968526268,1,simulated
simulated,0,super,yes,85.73160942821649,1,simulated
simulated,0,super,yes,85.63740988545271,1,simulated
simulated,0,super,yes,85.74633602747824,1,simulated
simulated,0,super,yes,85.62671178005206,1,simulated
simulated,0,super,yes,85.69335061132185,1,simulated
simulated,0,super,yes,85.62521175886044,1,simulated
simulated,0,super,yes,85.61288886171408,1,simulated
simulated,0,super,yes,85.66505066751857,1,simulated
simulated,0,super,yes,85.63825128888908,1,simulated
simulated,0,super,yes,85.6913288016743,1,simulated
simulated,0,super,yes,85.64855535286942,1,simulated
simulated,0,super,yes,85.63193128322021,1,simulated
simulated,0,super,yes,85.65821922573093,1,simulated
simulated,0,super,yes,85.63577992846747,1,simulated
simulated,0,super,yes,85.60728249048498,1,simulated
simulated,0,super,yes,85.65400653389986,1,simulated
simulated,0,super,yes,85.71786725985484,1,simulated
simulated,0,super,yes,85.69543968632692,1,simulated
simulated,0,super,yes,85.71571994318195,1,simulated
simulated,0,super,yes,85.63703193052987,1,simulated
simulated,0,super,yes,85.66846616018405,1,simulated
simulated,0,super,yes,85.58222263818256,1,simulated
simulated,0,super,yes,85.60792466758043,1,simulated
simulated,0,super,yes,85.71340383764624,1,simulated
simulated,0,super,yes,85.68357707410077,1,simulated
simulated,0,super,yes,85.62198023694182,1,simulated
simulated,0,super,yes,85.6250709266598,1,simulated
simulated,0,super,yes,85.66349197922547,1,simulated
simulated,0,super,yes,85.67175169170707,1,simulated
simulated,0,super,yes,85.69136633762888,1,simulated
simulated,0,super,yes,85.67583242544708,1,simulated
simulated,0,super,yes,85.66048372751168,1,simulated
simulated,0,super,yes,85.62101945606656,1,simulated
simulated,0,super,yes,85.7049950366937,1,simulated
simulated,0,super,yes,85.59469269171001,1,simulated
simulated,0,super,yes,85.69606081092783,1,simulated
simulated,0,super,yes,85.67101707633964,1,simulated
simulated,0,super,yes,85.69190720694304,1,simulated
simulated,0,super,yes,85.64530274568205,1,simulated
simulated,0,super,yes,85.6139250702871,1,simulated
simulated,0,super,yes,85.6009873151836,1,simulated
simulated,0,super,yes,85.60919869498326,1,simulated
simulated,0,super,yes,85.64496716965768,1,simulated
simulated,0,super,yes,85.66491420060203,1,simulated
simulated,0,super,yes,85.75740498448823,1,simulated
simulated,0,super,yes,85.63149254494027,1,simulated
simulated,0,super,yes,85.66860547057456,1,simulated
simulated,0,super,yes,85.63437950300926,1,simulated
simulated,1,super,yes,85.67232686461334,1,simulated
simulated,1,super,yes,85.66379562282236,1,simulated
simulated,1,super,yes,85.67088656106101,1,simulated
simulated,1,super,yes,85.62360396848882,1,simulated
simulated,1,super,yes,85.63963290888967,1,simulated
simulated,1,super,yes,85.66282140254161,1,simulated
simulated,1,super,yes,85.62271020686669,1,simulated
simulated,1,super,yes,85.64661054772114,1,simulated
simulated,1,super,yes,85.6760617165068,1,simulated
simulated,1,super,yes,85.65420228345273,1,simulated
simulated,1,super,yes,85.65434739264663,1,simulated
simulated,1,super,yes,85.64996729436503,1,simulated
simulated,1,super,yes,85.71059169986334,1,simulated
simulated,1,super,yes,85.63274113463764,1,simulated
simulated,1,super,yes,85.68291716261105,1,simulated
simulated,1,super,yes,85.62459181704294,1,simulated
simulated,1,super,yes,85.6479178902572,1,simulated
simulated,1,super,yes,85.60053763408195,1,simulated
simulated,1,super,yes,85.69965110693333,1,simulated
simulated,1,super,yes,85.70433845094725,1,simulated
simulated,1,super,yes,85.63983905473492,1,simulated
simulated,1,super,yes,85.76353038772172,1,simulated
simulated,1,super,yes,85.62022698279772,1,simulated
simulated,1,super,yes,85.6672559976886,1,simulated
simulated,1,super,yes,85.6982573812459,1,simulated
simulated,1,super,yes,85.61803798962463,1,simulated
simulated,1,super,yes,85.65482942615787,1,simulated
simulated,1,super,yes,85.6477422275822,1,simulated
simulated,1,super,yes,85.66949825469905,1,simulated
simulated,1,super,yes,85.67255977268817,1,simulated
simulated,1,super,yes,85.6685939896262,1,simulated
simulated,1,super,yes,85.64445756440156,1,simulated
simulated,1,super,yes,85.70756876246574,1,simulated
simulated,1,super,yes,85.65387809897089,1,simulated
simulated,1,super,yes,85.72216767997973,1,simulated
simulated,1,super,yes,85.6399826472774,1,simulated
simulated,1,super,yes,85.69210527308395,1,simulated
simulated,1,super,yes,85.69408668390511,1,simulated
simulated,1,super,yes,85.62803740450661,1,simulated
simulated,1,super,yes,85.68523846155315,1,simulated
simulated,1,super,yes,85.63915764656205,1,simulated
simulated,1,super,yes,85.63436548398128,1,simulated
simulated,1,super,yes,85.63546488049526,1,simulated
simulated,1,super,yes,85.70999297215842,1,simulated
simulated,1,super,yes,85.70869322695414,1,simulated
simulated,1,super,yes,85.65367032596573,1,simulated
simulated,1,super,yes,85.66554721867831,1,simulated
simulated,1,super,yes,85.60656885174951,1,simulated
simulated,1,super,yes,85.64601795497897,1,simulated
simulated,1,super,yes,85.70953096206588,1,simulated
simulated,1,super,yes,85.56996858781973,1,simulated
simulated,1,super,yes,85.70822439035801,1,simulated
simulated,1,super,yes,85.6265496467699,1,simulated
simulated,1,super,yes,85.70893630486879,1,simulated
simulated,1,super,yes,85.67471474895542,1,simulated
simulated,1,super,yes,85.71169413018836,1,simulated
simulated,1,super,yes,85.6420252322547,1,simulated
simulated,1,super,yes,85.68929563364112,1,simulated
simulated,1,super,yes,85.69522034341716,1,simulated
simulated,1,super,yes,85.72103525485068,1,simulated
simulated,1,super,yes,85.67558954045792,1,simulated
simulated,1,super,yes,85.70878631954167,1,simulated
simulated,1,super,yes,85.65072840257098,1,simulated
simulated,1,super,yes,85.7438654506561,1,simulated
simulated,1,super,yes,85.6414051481084,1,simulated
simulated,1,super,yes,85.63407369734112,1,simulated
simulated,1,super,yes,85.58237821502267,1,simulated
simulated,1,super,yes,85.6583849661537,1,simulated
simulated,1,super,yes,85.6455498891832,1,simulated
simulated,1,super,yes,85.75020131371039,1,simulated
simulated,1,super,yes,85.62822303147777,1,simulated
simulated,1,super,yes,85.71425957419507,1,simulated
simulated,1,super,yes,85.69763461038114,1,simulated
simulated,1,super,yes,85.66102471362426,1,simulated
simulated,1,super,yes,85.66983491550621,1,simulated
simulated,1,super,yes,85.65196588813389,1,simulated
simulated,1,super,yes,85.74355765959218,1,simulated
simulated,1,super,yes,85.64606623167755,1,simulated
simulated,1,super,yes,85.67152070646782,1,simulated
simulated,1,super,yes,85.75518084050728,1,simulated
simulated,1,super,yes,85.7093229068097,1,simulated
simulated,1,super,yes,85.66222382682334,1,simulated
simulated,1,super,yes,85.65658740770269,1,simulated
simulated,1,super,yes,85.68487037619413,1,simulated
simulated,1,super,yes,85.66722080299344,1,simulated
simulated,1,super,yes,85.69000509612944,1,simulated
simulated,1,super,yes,85.69281126208607,1,simulated
simulated,1,super,yes,85.66511622194916,1,simulated
simulated,1,super,yes,85.6908210716532,1,simulated
simulated,1,super,yes,85.70653322792671,1,simulated
simulated,1,super,yes,85.65394711511492,1,simulated
simulated,1,super,yes,85.72822776125604,1,simulated
simulated,1,super,yes,85.68659146228194,1,simulated
simulated,1,super,yes,85.66044744161321,1,simulated
simulated,1,super,yes,85.72121892043539,1,simulated
simulated,1,super,yes,85.62040408832148,1,simulated
simulated,1,super,yes,85.65628223071414,1,simulated
simulated,1,super,yes,85.67901871951773,1,simulated
simulated,1,super,yes,85.65244537053822,1,simulated
simulated,1,super,yes,85.65045966132827,1,simulated
simulated,1,super,yes,85.65689060265716,1,simulated
simulated,1,super,yes,85.64730949565127,1,simulated
simulated,1,super,yes,85.64991529756998,1,simulated
simulated,1,super,yes,85.60569618002019,1,simulated
simulated,1,super,yes,85.564624403326,1,simulated
simulated,1,super,yes,85.64250740520787,1,simulated
simulated,1,super,yes,85.68304360129754,1,simulated
simulated,1,super,yes,85.66954623729625,1,simulated
simulated,1,super,yes,85.60760789311895,1,simulated
simulated,1,super,yes,85.58951008953642,1,simulated
simulated,1,super,yes,85.64315080921666,1,simulated
simulated,1,super,yes,85.68492339311787,1,simulated
simulated,1,super,yes,85.67336308476584,1,simulated
simulated,1,super,yes,85.65525782101172,1,simulated
simulated,1,super,yes,85.68461271964226,1,simulated
simulated,1,super,yes,85.64157913400251,1,simulated
simulated,1,super,yes,85.6567213429903,1,simulated
simulated,1,super,yes,85.68183701823997,1,simulated
simulated,1,super,yes,85.65191459992091,1,simulated
simulated,1,super,yes,85.67811586569385,1,simulated
simulated,1,super,yes,85.72528116351411,1,simulated
simulated,1,super,yes,85.66447289334079,1,simulated
simulated,1,super,yes,85.59078625657375,1,simulated
simulated,1,super,yes,85.70211024681437,1,simulated
simulated,1,super,yes,85.62524274930026,1,simulated
simulated,1,super,yes,85.73551438357237,1,simulated
simulated,1,super,yes,85.66196653361094,1,simulated
simulated,1,super,yes,85.62684156862335,1,simulated
simulated,1,super,yes,85.62223589467885,1,simulated
simulated,1,super,yes,85.64555046733929,1,simulated
simulated,1,super,yes,85.71485484491721,1,simulated
simulated,1,super,yes,85.70447015023818,1,simulated
simulated,1,super,yes,85.71519238707229,1,simulated
simulated,1,super,yes,85.6569098742876,1,simulated
simulated,1,super,yes,85.65184825335136,1,simulated
simulated,1,super,yes,85.59888332597048,1,simulated
simulated,1,super,yes,85.72414263702098,1,simulated
simulated,1,super,yes,85.76787473278587,1,simulated
simulated,1,super,yes,85.62600622685757,1,simulated
simulated,1,super,yes,85.61503996206885,1,simulated
simulated,1,super,yes,85.69757942081137,1,simulated
simulated,1,super,yes,85.71910159198572,1,simulated
simulated,1,super,yes,85.64587912711195,1,simulated
simulated,1,super,yes,85.62623226968766,1,simulated
simulated,1,super,yes,85.68201647051761,1,simulated
simulated,1,super,yes,85.67073276894536,1,simulated
simulated,1,super,yes,85.64556727519958,1,simulated
simulated,1,super,yes,85.71780749274404,1,simulated
simulated,1,super,yes,85.65607749142262,1,simulated
simulated,1,super,yes,85.65254141814319,1,simulated
simulated,1,super,yes,85.69437440988418,1,simulated
simulated,1,super,yes,85.68409879934045,1,simulated
simulated,1,super,yes,85.68780841082344,1,simulated
simulated,1,super,yes,85.75217751196526,1,simulated
simulated,1,super,yes,85.74783377270609,1,simulated
simulated,1,super,yes,85.61988308169288,1,simulated
simulated,1,super,yes,85.64129943237361,1,simulated
simulated,1,super,yes,85.56413466234575,1,simulated
simulated,1,super,yes,85.66428954365038,1,simulated
simulated,1,super,yes,85.65565016919201,1,simulated
simulated,1,super,yes,85.72100777783608,1,simulated
simulated,1,super,yes,85.68029468602116,1,simulated
simulated,1,super,yes,85.70659363317597,1,simulated
simulated,1,super,yes,85.66217013946412,1,simulated
simulated,1,super,yes,85.67123515196795,1,simulated
simulated,1,super,yes,85.65612855354804,1,simulated
simulated,1,super,yes,85.69774141042764,1,simulated
simulated,1,super,yes,85.64683586189643,1,simulated
simulated,1,super,yes,85.65248719761097,1,simulated
simulated,1,super,yes,85.64697882106725,1,simulated
simulated,1,super,yes,85.66335198843433,1,simulated
simulated,1,super,yes,85.65546335782349,1,simulated
simulated,1,super,yes,85.74403302608967,1,simulated
simulated,1,super,yes,85.6326077132263,1,simulated
simulated,1,super,yes,85.65559990246624,1,simulated
simulated,1,super,yes,85.59677774358164,1,simulated
simulated,1,super,yes,85.69998511416159,1,simulated
simulated,1,super,yes,85.66755659994637,1,simulated
simulated,1,super,yes,85.64416625194288,1,simulated
simulated,1,super,yes,85.68493883975404,1,simulated
simulated,1,super,yes,85.59040641652237,1,simulated
simulated,1,super,yes,85.6467303760871,1,simulated
simulated,1,super,yes,85.7227291061414,1,simulated
simulated,1,super,yes,85.66092336380045,1,simulated
simulated,1,super,yes,85.63836818463135,1,simulated
simulated,1,super,yes,85.61549462855285,1,simulated
simulated,1,super,yes,85.71436117536376,1,simulated
simulated,1,super,yes,85.61141303586646,1,simulated
simulated,1,super,yes,85.64560671055204,1,simulated
simulated,1,super,yes,85.66798094737959,1,simulated
simulated,1,super,yes,85.74060553640697,1,simulated
simulated,1,super,yes,85.63543559808933,1,simulated
simulated,1,super,yes,85.61105863539088,1,simulated
simulated,1,super,yes,85.65543655698649,1,simulated
simulated,1,super,yes,85.67956016537997,1,simulated
simulated,1,super,yes,85.72659468902258,1,simulated
simulated,1,super,yes,85.73568611651147,1,simulated
simulated,1,super,yes,85.64466361797788,1,simulated
simulated,1,super,yes,85.68338252816191,1,simulated
simulated,1,super,yes,85.60839781051794,1,simulated
simulated,0,basic,yes,253.22367610562273,1,simulated
simulated,0,basic,yes,253.241109683601,1,simulated
simulated,0,basic,yes,253.2298349906155,1,simulated
simulated,0,basic,yes,253.17643370643407,1,simulated
simulated,0,basic,yes,253.16886423597575,1,simulated
simulated,0,basic,yes,253.22834836300837,1,simulated
simulated,0,basic,yes,253.15268470006825,1,simulated
simulated,0,basic,yes,253.23649463025427,1,simulated
simulated,0,basic,yes,253.18255997066632,1,simulated
simulated,0,basic,yes,253.19727757769994,1,simulated
simulated,0,basic,yes,253.2257897425399,1,simulated
simulated,0,basic,yes,253.21756576396834,1,simulated
simulated,0,basic,yes,253.2496679352317,1,simulated
simulated,0,basic,yes,253.2445406027499,1,simulated
simulated,0,basic,yes,253.25676952180518,1,simulated
simulated,0,basic,yes,253.24859196718282,1,simulated
simulated,0,basic,yes,253.1430420516267,1,simulated
simulated,0,basic,yes,253.1860110974041,1,simulated
simulated,0,basic,yes,253.18076475993016,1,simulated
simulated,0,basic,yes,253.26147967020557,1,simulated
simulated,0,basic,yes,253.23677451071015,1,simulated
simulated,0,basic,yes,253.24435786811054,1,simulated
simulated,0,basic,yes,253.16253532592725,1,simulated
simulated,0,basic,yes,253.1305235393756,1,simulated
simulated,0,basic,yes,253.27263745925575,1,simulated
simulated,0,basic,yes,253.26083796211643,1,simulated
simulated,0,basic,yes,253.22282464954324,1,simulated
simulated,0,basic,yes,253.18196885204037,1,simulated
simulated,0,basic,yes,253.25263521479013,1,simulated
simulated,0,basic,yes,253.14313643501262,1,simulated
simulated,0,basic,yes,253.1792009799262,1,simulated
simulated,0,basic,yes,253.14405190458723,1,simulated
simulated,0,basic,yes,253.25006620684587,1,simulated
simulated,0,basic,yes,253.15208203168623,1,simulated
simulated,0,basic,yes,253.13637918948893,1,simulated
simulated,0,basic,yes,253.23067506747512,1,simulated
simulated,0,basic,yes,253.20241546020844,1,simulated
simulated,0,basic,yes,253.195461173723,1,simulated
simulated,0,basic,yes,253.1908369175039,1,simulated
simulated,0,basic,yes,253.1829342268177,1,simulated
simulated,0,basic,yes,253.24749668051953,1,simulated
simulated,0,basic,yes,253.21876900844904,1,simulated
simulated,0,basic,yes,253.2578383150985,1,simulated
simulated,0,basic,yes,253.18651902808674,1,simulated
simulated,0,basic,yes,253.2143671560302,1,simulated
simulated,0,basic,yes,253.22681918251254,1,simulated
simulated,0,basic,yes,253.23646673126174,1,simulated
simulated,0,basic,yes,253.22486248381753,1,simulated
simulated,0,basic,yes,253.21763835121544,1,simulated
simulated,0,basic,yes,253.19325125024235,1,simulated
simulated,0,basic,yes,253.21759811405295,1,simulated
simulated,0,basic,yes,253.11567663908096,1,simulated
simulated,0,basic,yes,253.2866491253041,1,simulated
simulated,0,basic,yes,253.1292333860711,1,simulated
simulated,0,basic,yes,253.24793688353245,1,simulated
simulated,0,basic,yes,253.08004209987553,1,simulated
simulated,0,basic,yes,253.13976536680323,1,simulated
simulated,0,basic,yes,253.1155508988573,1,simulated
simulated,0,basic,yes,253.12116410985618,1,simulated
simulated,0,basic,yes,253.18108608038568,1,simulated
simulated,0,basic,yes,253.23215809498987,1,simulated
simulated,0,basic,yes,253.1837548721737,1,simulated
simulated,0,basic,yes,253.19920924869072,1,simulated
simulated,0,basic,yes,253.1975410692735,1,simulated
simulated,0,basic,yes,253.19969322631093,1,simulated
simulated,0,basic,yes,253.15532179535367,1,simulated
simulated,0,basic,yes,253.22757214327612,1,simulated
simulated,0,basic,yes,253.2096736087406,1,simulated
simulated,0,basic,yes,253.2284533576426,1,simulated
simulated,0,basic,yes,253.2006646687326,1,simulated
simulated,0,basic,yes,253.21813931134744,1,simulated
simulated,0,basic,yes,253.1485875873417,1,simulated
simulated,0,basic,yes,253.18793273492113,1,simulated
simulated,0,basic,yes,253.20119411003236,1,simulated
simulated,0,basic,yes,253.15924214453395,1,simulated
simulated,0,basic,yes,253.18552537903636,1,simulated
simulated,0,basic,yes,253.20183525138643,1,simulated
simulated,0,basic,yes,253.1090838971561,1,simulated
simulated,0,basic,yes,253.26960427121887,1,simulated
simulated,0,basic,yes,253.22635984300118,1,simulated
simulated,0,basic,yes,253.2220242573638,1,simulated
simulated,0,basic,yes,253.20947991876986,1,simulated
simulated,0,basic,yes,253.10700664780185,1,simulated
simulated,0,basic,yes,253.1663316176036,1,simulated
simulated,0,basic,yes,253.13397908535947,1,simulated
simulated,0,basic,yes,253.22260525944603,1,simulated
simulated,0,basic,yes,253.24030857400274,1,simulated
simulated,0,basic,yes,253.18137175738892,1,simulated
simulated,0,basic,yes,253.21979574749056,1,simulated
simulated,0,basic,yes,253.24255217196728,1,simulated
simulated,0,basic,yes,253.21723493918344,1,simulated
simulated,0,basic,yes,253.2098184646871,1,simulated
simulated,0,basic,yes,253.26278620746484,1,simulated
simulated,0,basic,yes,253.1515169867931,1,simulated
simulated,0,basic,yes,253.23743357950832,1,simulated
simulated,0,basic,yes,253.233727800945,1,simulated
simulated,0,basic,yes,253.15816927195095,1,simulated
simulated,0,basic,yes,253.1841335993115,1,simulated
simulated,0,basic,yes,253.1279143397104,1,simulated
simulated,0,basic,yes,253.18320041300552,1,simulated
simulated,1,basic,yes,253.2378548590135,1,simulated
simulated,1,basic,yes,253.28152030966285,1,simulated
simulated,1,basic,yes,253.10917101029176,1,simulated
simulated,1,basic,yes,253.1576718683173,1,simulated
simulated,1,basic,yes,253.19693548926998,1,simulated
simulated,1,basic,yes,253.18521081814194,1,simulated
simulated,1,basic,yes,253.27436425950532,1,simulated
simulated,1,basic,yes,253.18183059805082,1,simulated
simulated,1,basic,yes,253.21294412941657,1,simulated
simulated,1,basic,yes,253.1764084431211,1,simulated
simulated,1,basic,yes,253.31538302395444,1,simulated
simulated,1,basic,yes,253.15174762762337,1,simulated
simulated,1,basic,yes,253.18706449607134,1,simulated
simulated,1,basic,yes,253.21016900230873,1,simulated
simulated,1,basic,yes,253.22467627937243,1,simulated
simulated,1,basic,yes,253.15490427089648,1,simulated
simulated,1,basic,yes,253.19201866505708,1,simulated
simulated,1,basic,yes,253.21541557121498,1,simulated
simulated,1,basic,yes,253.21329561857652,1,simulated
simulated,1,basic,yes,253.16724439794228,1,simulated
simulated,1,basic,yes,253.16273356370917,1,simulated
simulated,1,basic,yes,253.20666871011207,1,simulated
simulated,1,basic,yes,253.22604823783448,1,simulated
simulated,1,basic,yes,253.2105927276762,1,simulated
simulated,1,basic,yes,253.2083121375947,1,simulated
simulated,1,basic,yes,253.2021099115143,1,simulated
simulated,1,basic,yes,253.2137234531453,1,simulated
simulated,1,basic,yes,253.19144876372346,1,simulated
simulated,1,basic,yes,253.17796295242923,1,simulated
simulated,1,basic,yes,253.1928407489824,1,simulated
simulated,1,basic,yes,253.2196482737845,1,simulated
simulated,1,basic,yes,253.14677541030935,1,simulated
simulated,1,basic,yes,253.18616728170528,1,simulated
simulated,1,basic,yes,253.1642571299427,1,simulated
simulated,1,basic,yes,253.20597835783948,1,simulated
simulated,1,basic,yes,253.1511812191515,1,simulated
simulated,1,basic,yes,253.2128319181308,1,simulated
simulated,1,basic,yes,253.26665489179348,1,simulated
simulated,1,basic,yes,253.16927559703655,1,simulated
simulated,1,basic,yes,253.1514691884498,1,simulated
simulated,1,basic,yes,253.21511701516243,1,simulated
simulated,1,basic,yes,253.2082876221552,1,simulated
simulated,1,basic,yes,253.1788504105322,1,simulated
simulated,1,basic,yes,253.1946359263503,1,simulated
simulated,1,basic,yes,253.23503243235692,1,simulated
simulated,1,basic,yes,253.18038088902028,1,simulated
simulated,1,basic,yes,253.1426946150331,1,simulated
simulated,1,basic,yes,253.22350031609707,1,simulated
simulated,1,basic,yes,253.17807912932005,1,simulated
simulated,1,basic,yes,253.2210228458134,1,simulated
simulated,1,basic,yes,253.20172977413054,1,simulated
simulated,1,basic,yes,253.20974040652382,1,simulated
simulated,1,basic,yes,253.1945845552444,1,simulated
simulated,1,basic,yes,253.26788098142657,1,simulated
simulated,1,basic,yes,253.21946359356858,1,simulated
simulated,1,basic,yes,253.1475987762999,1,simulated
simulated,1,basic,yes,253.2146753123259,1,simulated
simulated,1,basic,yes,253.21893039097174,1,simulated
simulated,1,basic,yes,253.20051106363715,1,simulated
simulated,1,basic,yes,253.24489117161008,1,simulated
simulated,1,basic,yes,253.31048592894598,1,simulated
simulated,1,basic,yes,253.25655526752368,1,simulated
simulated,1,basic,yes,253.20374111700403,1,simulated
simulated,1,basic,yes,253.1948970617342,1,simulated
simulated,1,basic,yes,253.15321463304338,1,simulated
simulated,1,basic,yes,253.25038058928922,1,simulated
simulated,1,basic,yes,253.17555197690075,1,simulated
simulated,1,basic,yes,253.22851809351,1,simulated
simulated,1,basic,yes,253.20449214313527,1,simulated
simulated,1,basic,yes,253.1966210501242,1,simulated
simulated,1,basic,yes,253.25447260860918,1,simulated
simulated,1,basic,yes,253.18177673419612,1,simulated
simulated,1,basic,yes,253.20365030997624,1,simulated
simulated,1,basic,yes,253.23912033219662,1,simulated
simulated,1,basic,yes,253.14366578021475,1,simulated
simulated,1,basic,yes,253.2380730008832,1,simulated
simulated,1,basic,yes,253.2341587781461,1,simulated
simulated,1,basic,yes,253.251046846418,1,simulated
simulated,1,basic,yes,253.1651956441048,1,simulated
simulated,1,basic,yes,253.18876890677083,1,simulated
simulated,1,basic,yes,253.28695188049278,1,simulated
simulated,1,basic,yes,253.23891663692018,1,simulated
simulated,1,basic,yes,253.2715662342158,1,simulated
simulated,1,basic,yes,253.22594690988643,1,simulated
simulated,1,basic,yes,253.22124039381512,1,simulated
simulated,1,basic,yes,253.1695494429687,1,simulated
simulated,1,basic,yes,253.2995253888373,1,simulated
simulated,1,basic,yes,253.26067359358737,1,simulated
simulated,1,basic,yes,253.2108102872712,1,simulated
simulated,1,basic,yes,253.19942829605924,1,simulated
simulated,1,basic,yes,253.22905982609805,1,simulated
simulated,1,basic,yes,253.1867444408323,1,simulated
simulated,1,basic,yes,253.21801044342962,1,simulated
simulated,1,basic,yes,253.18876731809544,1,simulated
simulated,1,basic,yes,253.1540889388831,1,simulated
simulated,1,basic,yes,253.19913082312516,1,simulated
simulated,1,basic,yes,253.2460720130788,1,simulated
simulated,1,basic,yes,253.2258907395476,1,simulated
simulated,1,basic,yes,253.18050858341684,1,simulated
simulated,1,basic,yes,253.17946259159726,1,simulated
simulated,2,basic,yes,253.17430569438326,1,simulated
simulated,2,basic,yes,253.1859974068588,1,simulated
simulated,2,basic,yes,253.19430515203703,1,simulated
simulated,2,basic,yes,253.2773917539706,1,simulated
simulated,2,basic,yes,253.14771105694544,1,simulated
simulated,2,basic,yes,253.21893518810984,1,simulated
simulated,2,basic,yes,253.16224436121198,1,simulated
simulated,2,basic,yes,253.22885572110667,1,simulated
simulated,2,basic,yes,253.21551907920426,1,simulated
simulated,2,basic,yes,253.21619503265595,1,simulated
simulated,2,basic,yes,253.24980288432315,1,simulated
simulated,2,basic,yes,253.19271948609028,1,simulated
simulated,2,basic,yes,253.19734820213043,1,simulated
simulated,2,basic,yes,253.14632183706595,1,simulated
simulated,2,basic,yes,253.1800653294038,1,simulated
simulated,2,basic,yes,253.21373500174775,1,simulated
simulated,2,basic,yes,253.1684731438609,1,simulated
simulated,2,basic,yes,253.1950670343316,1,simulated
simulated,2,basic,yes,253.26368471060977,1,simulated
simulated,2,basic,yes,253.14349491823876,1,simulated
simulated,2,basic,yes,253.2340237781151,1,simulated
simulated,2,basic,yes,253.27929647538718,1,simulated
simulated,2,basic,yes,253.21996685968813,1,simulated
simulated,2,basic,yes,253.13877081378007,1,simulated
simulated,2,basic,yes,253.29308254937422,1,simulated
simulated,2,basic,yes,253.27181714141622,1,simulated
simulated,2,basic,yes,253.26842471055068,1,simulated
simulated,2,basic,yes,253.21148178899708,1,simulated
simulated,2,basic,yes,253.2300198113235,1,simulated
simulated,2,basic,yes,253.2615571496329,1,simulated
simulated,2,basic,yes,253.22088517777829,1,simulated
simulated,2,basic,yes,253.19857155703036,1,simulated
simulated,2,basic,yes,253.14766921953006,1,simulated
simulated,2,basic,yes,253.19981499533992,1,simulated
simulated,2,basic,yes,253.24353042953888,1,simulated
simulated,2,basic,yes,253.21878223467044,1,simulated
simulated,2,basic,yes,253.1827630878562,1,simulated
simulated,2,basic,yes,253.21656845264272,1,simulated
simulated,2,basic,yes,253.1825051427276,1,simulated
simulated,2,basic,yes,253.24156567246573,1,simulated
simulated,2,basic,yes,253.23227390368982,1,simulated
simulated,2,basic,yes,253.27664411802314,1,simulated
simulated,2,basic,yes,253.18474773005224,1,simulated
simulated,2,basic,yes,253.23436097391547,1,simulated
simulated,2,basic,yes,253.2020055125562,1,simulated
simulated,2,basic,yes,253.14112708562095,1,simulated
simulated,2,basic,yes,253.18629319549177,1,simulated
simulated,2,basic,yes,253.22311201280723,1,simulated
simulated,2,basic,yes,253.16144627588477,1,simulated
simulated,2,basic,yes,253.22133359686046,1,simulated
simulated,2,basic,yes,253.15255072310035,1,simulated
simulated,2,basic,yes,253.22240881587442,1,simulated
simulated,2,basic,yes,253.1960760782805,1,simulated
simulated,2,basic,yes,253.13723852626487,1,simulated
simulated,2,basic,yes,253.28625738831744,1,simulated
simulated,2,basic,yes,253.25784818989976,1,simulated
simulated,2,basic,yes,253.21059126832984,1,simulated
simulated,2,basic,yes,253.16775065256476,1,simulated
simulated,2,basic,yes,253.20260315012288,1,simulated
simulated,2,basic,yes,253.15806931964627,1,simulated
simulated,2,basic,yes,253.21977689532073,1,simulated
simulated,2,basic,yes,253.20221084676308,1,simulated
simulated,2,basic,yes,253.20031215168817,1,simulated
simulated,2,basic,yes,253.23166244870924,1,simulated
simulated,2,basic,yes,253.19552106048235,1,simulated
simulated,2,basic,yes,253.20500028622195,1,simulated
simulated,2,basic,yes,253.2067678454458,1,simulated
simulated,2,basic,yes,253.29336978884498,1,simulated
simulated,2,basic,yes,253.23739487436896,1,simulated
simulated,2,basic,yes,253.24341114089583,1,simulated
simulated,2,basic,yes,253.14562057123587,1,simulated
simulated,2,basic,yes,253.19597251667608,1,simulated
simulated,2,basic,yes,253.22973757661612,1,simulated
simulated,2,basic,yes,253.22996362431957,1,simulated
simulated,2,basic,yes,253.24830719287993,1,simulated
simulated,2,basic,yes,253.2331005872015,1,simulated
simulated,2,basic,yes,253.16909572090017,1,simulated
simulated,2,basic,yes,253.2128626714329,1,simulated
simulated,2,basic,yes,253.2409916324878,1,simulated
simulated,2,basic,yes,253.29155566276125,1,simulated
simulated,2,basic,yes,253.2646786673038,1,simulated
simulated,2,basic,yes,253.24324863623465,1,simulated
simulated,2,basic,yes,253.2509993068024,1,simulated
simulated,2,basic,yes,253.17952693080892,1,simulated
simulated,2,basic,yes,253.1905008930739,1,simulated
simulated,2,basic,yes,253.236746845088,1,simulated
simulated,2,basic,yes,253.17714030663444,1,simulated
simulated,2,basic,yes,253.2869440557471,1,simulated
simulated,2,basic,yes,253.17075705227495,1,simulated
simulated,2,basic,yes,253.18926543370878,1,simulated
simulated,2,basic,yes,253.26438224185577,1,simulated
simulated,2,basic,yes,253.25501324373934,1,simulated
simulated,2,basic,yes,253.2482504733197,1,simulated
simulated,2,basic,yes,253.22966222098677,1,simulated
simulated,2,basic,yes,253.22886753209912,1,simulated
simulated,2,basic,yes,253.2393860849954,1,simulated
simulated,2,basic,yes,253.18586233948164,1,simulated
simulated,2,basic,yes,253.12811657254886,1,simulated
simulated,2,basic,yes,253.23040801433038,1,simulated
simulated,2,basic,yes,253.1990465768129,1,simulated
simulated,3,basic,yes,253.29956097997305,1,simulated
simulated,3,basic,yes,253.23663655485976,1,simulated
simulated,3,basic,yes,253.11956706456854,1,simulated
simulated,3,basic,yes,253.26612570317263,1,simulated
simulated,3,basic,yes,253.19562024171177,1,simulated
simulated,3,basic,yes,253.22954216033105,1,simulated
simulated,3,basic,yes,253.1596535702507,1,simulated
simulated,3,basic,yes,253.17393308599523,1,simulated
simulated,3,basic,yes,253.21857962508608,1,simulated
simulated,3,basic,yes,253.24746891865266,1,simulated
simulated,3,basic,yes,253.205738134872,1,simulated
simulated,3,basic,yes,253.23706113925505,1,simulated
simulated,3,basic,yes,253.14805517981574,1,simulated
simulated,3,basic,yes,253.23950486896607,1,simulated
simulated,3,basic,yes,253.1916871367833,1,simulated
simulated,3,basic,yes,253.2080382475998,1,simulated
simulated,3,basic,yes,253.20768895605372,1,simulated
simulated,3,basic,yes,253.21347037696725,1,simulated
simulated,3,basic,yes,253.215606976804,1,simulated
simulated,3,basic,yes,253.22562173550995,1,simulated
simulated,3,basic,yes,253.1981121030631,1,simulated
simulated,3,basic,yes,253.28438047309453,1,simulated
simulated,3,basic,yes,253.19058981091004,1,simulated
simulated,3,basic,yes,253.20655394645917,1,simulated
simulated,3,basic,yes,253.16729060750808,1,simulated
simulated,3,basic,yes,253.178682143515,1,simulated
simulated,3,basic,yes,253.17462798111526,1,simulated
simulated,3,basic,yes,253.27221603623892,1,simulated
simulated,3,basic,yes,253.18221270536534,1,simulated
simulated,3,basic,yes,253.24963854278036,1,simulated
simulated,3,basic,yes,253.1226095267294,1,simulated
simulated,3,basic,yes,253.23336265286892,1,simulated
simulated,3,basic,yes,253.1691400349306,1,simulated
simulated,3,basic,yes,253.20895983414206,1,simulated
simulated,3,basic,yes,253.23681118367273,1,simulated
simulated,3,basic,yes,253.2567219575421,1,simulated
simulated,3,basic,yes,253.23159207806953,1,simulated
simulated,3,basic,yes,253.18671922927754,1,simulated
simulated,3,basic,yes,253.2067883780077,1,simulated
simulated,3,basic,yes,253.21481682911573,1,simulated
simulated,3,basic,yes,253.22747059031963,1,simulated
simulated,3,basic,yes,253.2315557325398,1,simulated
simulated,3,basic,yes,253.20207881344504,1,simulated
simulated,3,basic,yes,253.22399052648794,1,simulated
simulated,3,basic,yes,253.19379009379594,1,simulated
simulated,3,basic,yes,253.23911937117708,1,simulated
simulated,3,basic,yes,253.18672213398446,1,simulated
simulated,3,basic,yes,253.24449598565002,1,simulated
simulated,3,basic,yes,253.20584267033087,1,simulated
simulated,3,basic,yes,253.18828698829927,1,simulated
simulated,3,basic,yes,253.23962356172277,1,simulated
simulated,3,basic,yes,253.1654514113906,1,simulated
simulated,3,basic,yes,253.19607480999457,1,simulated
simulated,3,basic,yes,253.21426532251255,1,simulated
simulated,3,basic,yes,253.19249299157408,1,simulated
simulated,3,basic,yes,253.21792886271712,1,simulated
simulated,3,basic,yes,253.27201749465476,1,simulated
simulated,3,basic,yes,253.1855621154533,1,simulated
simulated,3,basic,yes,253.21312248165924,1,simulated
simulated,3,basic,yes,253.24392801436753,1,simulated
simulated,3,basic,yes,253.17656774848047,1,simulated
simulated,3,basic,yes,253.2468959404685,1,simulated
simulated,3,basic,yes,253.20712363977103,1,simulated
simulated,3,basic,yes,253.24601436742887,1,simulated
simulated,3,basic,yes,253.1846918014145,1,simulated
simulated,3,basic,yes,253.22515359297338,1,simulated
simulated,3,basic,yes,253.2630679408362,1,simulated
simulated,3,basic,yes,253.180600618278,1,simulated
simulated,3,basic,yes,253.26460981001262,1,simulated
simulated,3,basic,yes,253.21241334257854,1,simulated
simulated,3,basic,yes,253.26119241725962,1,simulated
simulated,3,basic,yes,253.23696109353295,1,simulated
simulated,3,basic,yes,253.2615913396181,1,simulated
simulated,3,basic,yes,253.2371713069496,1,simulated
simulated,3,basic,yes,253.10362501750532,1,simulated
simulated,3,basic,yes,253.1707814646215,1,simulated
simulated,3,basic,yes,253.2205917696404,1,simulated
simulated,3,basic,yes,253.1891103228765,1,simulated
simulated,3,basic,yes,253.22566868930517,1,simulated
simulated,3,basic,yes,253.2407589868703,1,simulated
simulated,3,basic,yes,253.23609918475566,1,simulated
simulated,3,basic,yes,253.2106958193385,1,simulated
simulated,3,basic,yes,253.18326095854474,1,simulated
simulated,3,basic,yes,253.1733794790261,1,simulated
simulated,3,basic,yes,253.17226481125712,1,simulated
simulated,3,basic,yes,253.2137204043662,1,simulated
simulated,3,basic,yes,253.24097557193352,1,simulated
simulated,3,basic,yes,253.2230131941173,1,simulated
simulated,3,basic,yes,253.26993435347592,1,simulated
simulated,3,basic,yes,253.16926418870693,1,simulated
simulated,3,basic,yes,253.27257593723985,1,simulated
simulated,3,basic,yes,253.241898338775,1,simulated
simulated,3,basic,yes,253.2273688211977,1,simulated
simulated,3,basic,yes,253.16980243137493,1,simulated
simulated,3,basic,yes,253.22868591802813,1,simulated
simulated,3,basic,yes,253.20475963782044,1,simulated
simulated,3,basic,yes,253.27987001689075,1,simulated
simulated,3,basic,yes,253.24205443892606,1,simulated
simulated,3,basic,yes,253.2023569094789,1,simulated
simulated,3,basic,yes,253.1355818679724,1,simulated
simulated,0,sub,yes,817.1046468401372,1,simulated
simulated,0,sub,yes,816.949420335732,1,simulated
simulated,0,sub,yes,817.027744373778,1,simulated
simulated,0,sub,yes,816.9735297794194,1,simulated
simulated,0,sub,yes,816.9450135274934,1,simulated
simulated,0,sub,yes,816.9447760680476,1,simulated
simulated,0,sub,yes,816.8852807217485,1,simulated
simulated,0,sub,yes,816.9801241606103,1,simulated
simulated,0,sub,yes,817.0064137733616,1,simulated
simulated,0,sub,yes,816.9064213863481,1,simulated
simulated,0,sub,yes,816.9190159229478,1,simulated
simulated,0,sub,yes,817.1013517550983,1,simulated
simulated,0,sub,yes,816.9548167489379,1,simulated
simulated,0,sub,yes,816.9384495084067,1,simulated
simulated,0,sub,yes,817.0867333705579,1,simulated
simulated,0,sub,yes,816.9918894066449,1,simulated
simulated,0,sub,yes,816.7808661718833,1,simulated
simulated,0,sub,yes,817.0087753951462,1,simulated
simulated,0,sub,yes,816.8755525076194,1,simulated
simulated,0,sub,yes,817.0984850531056,1,simulated
simulated,0,sub,yes,817.0921010646935,1,simulated
simulated,0,sub,yes,816.9893568875887,1,simulated
simulated,0,sub,yes,816.9077646720283,1,simulated
simulated,0,sub,yes,816.9860108549191,1,simulated
simulated,0,sub,yes,817.0229042557745,1,simulated
simulated,0,sub,yes,817.1467066348753,1,simulated
simulated,0,sub,yes,817.0080431023315,1,simulated
simulated,0,sub,yes,816.8354348160897,1,simulated
simulated,0,sub,yes,816.9515811764841,1,simulated
simulated,0,sub,yes,816.8830157777448,1,simulated
simulated,0,sub,yes,816.967679909643,1,simulated
simulated,0,sub,yes,816.9183681032259,1,simulated
simulated,0,sub,yes,817.0724762399203,1,simulated
simulated,0,sub,yes,816.98731736952,1,simulated
simulated,0,sub,yes,816.8722878769779,1,simulated
simulated,0,sub,yes,816.918232682097,1,simulated
simulated,0,sub,yes,816.9593935966595,1,simulated
simulated,0,sub,yes,816.9981405788866,1,simulated
simulated,0,sub,yes,816.9435603321594,1,simulated
simulated,0,sub,yes,817.0426525789319,1,simulated
simulated,0,sub,yes,817.0109037549355,1,simulated
simulated,0,sub,yes,817.0639406500917,1,simulated
simulated,0,sub,yes,817.1939181142471,1,simulated
simulated,0,sub,yes,816.9754882468218,1,simulated
simulated,0,sub,yes,817.0025750935787,1,simulated
simulated,0,sub,yes,816.8609897586235,1,simulated
simulated,0,sub,yes,816.9643894197546,1,simulated
simulated,0,sub,yes,817.031312438498,1,simulated
simulated,0,sub,yes,817.0839795010569,1,simulated
simulated,0,sub,yes,816.9708091392517,1,simulated
simulated,1,sub,yes,817.0119350114447,1,simulated
simulated,1,sub,yes,816.7183217909633,1,simulated
simulated,1,sub,yes,816.9331466746579,1,simulated
simulated,1,sub,yes,816.760005022573,1,simulated
simulated,1,sub,yes,817.1532710336771,1,simulated
simulated,1,sub,yes,816.919086935212,1,simulated
simulated,1,sub,yes,817.0642762825227,1,simulated
simulated,1,sub,yes,816.8615066387829,1,simulated
simulated,1,sub,yes,816.8097130124643,1,simulated
simulated,1,sub,yes,817.0159528630004,1,simulated
simulated,1,sub,yes,817.0500801248022,1,simulated
simulated,1,sub,yes,816.818885178393,1,simulated
simulated,1,sub,yes,816.9556922627456,1,simulated
simulated,1,sub,yes,817.0498537021139,1,simulated
simulated,1,sub,yes,817.0004032879776,1,simulated
simulated,1,sub,yes,816.8891990254375,1,simulated
simulated,1,sub,yes,816.8939094966822,1,simulated
simulated,1,sub,yes,816.9909404079293,1,simulated
simulated,1,sub,yes,817.0366008376204,1,simulated
simulated,1,sub,yes,816.8158518901032,1,simulated
simulated,1,sub,yes,817.0217255997676,1,simulated
simulated,1,sub,yes,816.8731331877118,1,simulated
simulated,1,sub,yes,816.8824831203257,1,simulated
simulated,1,sub,yes,816.9044242702294,1,simulated
simulated,1,sub,yes,817.0353598406385,1,simulated
simulated,1,sub,no,816.9026129498327,1,simulated
simulated,1,sub,yes,816.9773943968254,1,simulated
simulated,1,sub,yes,816.8595439029395,1,simulated
simulated,1,sub,yes,817.0444596128444,1,simulated
simulated,1,sub,yes,816.9785263445776,1,simulated
simulated,1,sub,yes,816.9492047118243,1,simulated
simulated,1,sub,yes,816.9895363775578,1,simulated
simulated,1,sub,yes,816.8866632085437,1,simulated
simulated,1,sub,yes,817.0221005965409,1,simulated
simulated,1,sub,yes,816.9792193401124,1,simulated
simulated,1,sub,yes,816.873315191256,1,simulated
simulated,1,sub,yes,816.9992036496265,1,simulated
simulated,1,sub,yes,816.9499153240955,1,simulated
simulated,1,sub,yes,817.049395370617,1,simulated
simulated,1,sub,yes,816.988472133989,1,simulated
simulated,1,sub,yes,816.9876732356851,1,simulated
simulated,1,sub,yes,816.9078515031521,1,simulated
simulated,1,sub,yes,816.9757217800601,1,simulated
simulated,1,sub,yes,816.8771520508479,1,simulated
simulated,1,sub,yes,817.0064044093032,1,simulated
simulated,1,sub,yes,816.9611133921478,1,simulated
simulated,1,sub,yes,816.9145517176069,1,simulated
simulated,1,sub,yes,816.8336859737454,1,simulated
simulated,1,sub,yes,816.9820870723357,1,simulated
simulated,1,sub,yes,816.8949603122999,1,simulated
simulated,2,sub,yes,817.0008133786617,1,simulated
simulated,2,sub,yes,817.0240667798372,1,simulated
simulated,2,sub,yes,816.9987948541049,1,simulated
simulated,2,sub,yes,816.8915552565102,1,simulated
simulated,2,sub,yes,816.9855395055678,1,simulated
simulated,2,sub,yes,817.0140277613085,1,simulated
simulated,2,sub,no,817.0753525523613,1,simulated
simulated,2,sub,yes,816.8945212359982,1,simulated
simulated,2,sub,yes,817.1063168161759,1,simulated
simulated,2,sub,yes,816.898672934372,1,simulated
simulated,2,sub,yes,816.9903607594864,1,simulated
simulated,2,sub,yes,816.9892860786557,1,simulated
simulated,2,sub,yes,817.035172858731,1,simulated
simulated,2,sub,yes,816.8506687703018,1,simulated
simulated,2,sub,yes,817.0669578937702,1,simulated
simulated,2,sub,yes,816.9399521571886,1,simulated
simulated,2,sub,yes,816.9658275992551,1,simulated
simulated,2,sub,yes,817.090841879215,1,simulated
simulated,2,sub,yes,816.9304185745982,1,simulated
simulated,2,sub,yes,816.9063172455064,1,simulated
simulated,2,sub,yes,816.9871514530121,1,simulated
simulated,2,sub,yes,816.9228059647025,1,simulated
simulated,2,sub,yes,817.0471887597075,1,simulated
simulated,2,sub,yes,816.8903273512391,1,simulated
simulated,2,sub,yes,816.9504488939722,1,simulated
simulated,2,sub,yes,817.1060809186424,1,simulated
simulated,2,sub,yes,816.8370546231608,1,simulated
simulated,2,sub,no,817.0988430651466,1,simulated
simulated,2,sub,yes,816.8510864889382,1,simulated
simulated,2,sub,yes,816.9357338351462,1,simulated
simulated,2,sub,no,817.0585481378538,1,simulated
simulated,2,sub,yes,816.8122559130676,1,simulated
simulated,2,sub,no,817.0935755331462,1,simulated
simulated,2,sub,yes,816.8861292346863,1,simulated
simulated,2,sub,yes,817.0450509176105,1,simulated
simulated,2,sub,yes,816.8566375879237,1,simulated
simulated,2,sub,yes,817.0123863233994,1,simulated
simulated,2,sub,yes,817.0324592134922,1,simulated
simulated,2,sub,yes,817.0182408120677,1,simulated
simulated,2,sub,yes,816.8228907910393,1,simulated
simulated,2,sub,yes,816.923822438546,1,simulated
simulated,2,sub,yes,816.8497176134275,1,simulated
simulated,2,sub,yes,817.0185611298297,1,simulated
simulated,2,sub,yes,817.0951093355287,1,simulated
simulated,2,sub,yes,816.9884200312242,1,simulated
simulated,2,sub,yes,816.7165618605499,1,simulated
simulated,2,sub,yes,816.9010016431782,1,simulated
simulated,2,sub,yes,817.0081238481384,1,simulated
simulated,2,sub,yes,816.9220778609663,1,simulated
simulated,2,sub,yes,817.0579847108729,1,simulated
simulated,3,sub,yes,816.978960383651,1,simulated
simulated,3,sub,yes,817.0008911733921,1,simulated
simulated,3,sub,yes,816.8556069227786,1,simulated
simulated,3,sub,yes,816.9513853406771,1,simulated
simulated,3,sub,yes,817.1681569450877,1,simulated
simulated,3,sub,yes,817.0508898541733,1,simulated
simulated,3,sub,yes,817.1965751181788,1,simulated
simulated,3,sub,yes,816.9846468798644,1,simulated
simulated,3,sub,yes,816.9400020621965,1,simulated
simulated,3,sub,yes,817.0598438335531,1,simulated
simulated,3,sub,yes,817.1635233431168,1,simulated
simulated,3,sub,yes,817.0250535319748,1,simulated
simulated,3,sub,yes,816.9869693951937,1,simulated
simulated,3,sub,yes,816.9139735862117,1,simulated
simulated,3,sub,yes,816.8534708754613,1,simulated
simulated,3,sub,yes,817.1356939412206,1,simulated
simulated,3,sub,yes,816.9854490673098,1,simulated
simulated,3,sub,yes,816.8830664260145,1,simulated
simulated,3,sub,yes,816.8974656970023,1,simulated
simulated,3,sub,yes,817.0247786525731,1,simulated
simulated,3,sub,no,816.960642305304,1,simulated
simulated,3,sub,yes,816.90186815377,1,simulated
simulated,3,sub,yes,817.0485293111738,1,simulated
simulated,3,sub,yes,817.167267797348,1,simulated
simulated,3,sub,yes,816.8574005179406,1,simulated
simulated,3,sub,yes,817.1427481406596,1,simulated
simulated,3,sub,yes,816.9774450527236,1,simulated
simulated,3,sub,yes,817.2009802257893,1,simulated
simulated,3,sub,yes,816.8994838135976,1,simulated
simulated,3,sub,yes,816.9415597361764,1,simulated
simulated,3,sub,yes,817.0802374125442,1,simulated
simulated,3,sub,yes,816.9385973799655,1,simulated
simulated,3,sub,yes,817.0577101572027,1,simulated
simulated,3,sub,yes,817.0651951831644,1,simulated
simulated,3,sub,yes,817.312034129833,1,simulated
simulated,3,sub,yes,816.882827571457,1,simulated
simulated,3,sub,yes,817.1713704601157,1,simulated
simulated,3,sub,yes,816.9878703245357,1,simulated
simulated,3,sub,yes,816.9952020296439,1,simulated
simulated,3,sub,yes,816.982575520477,1,simulated
simulated,3,sub,yes,817.1672241772661,1,simulated
simulated,3,sub,yes,817.0343011324364,1,simulated
simulated,3,sub,yes,817.0373184835179,1,simulated
simulated,3,sub,yes,816.9135604315633,1,simulated
simulated,3,sub,yes,816.9968509023486,1,simulated
simulated,3,sub,yes,816.8681417627623,1,simulated
simulated,3,sub,yes,816.9215423182175,1,simulated
simulated,3,sub,yes,816.9074067971126,1,simulated
simulated,3,sub,yes,816.9453012915367,1,simulated
simulated,3,sub,yes,817.0115909815988,1,simulated
simulated,4,sub,yes,816.929370624513,1,simulated
simulated,4,sub,yes,816.9342665488043,1,simulated
simulated,4,sub,yes,816.8997293761406,1,simulated
simulated,4,sub,yes,816.8892488011583,1,simulated
simulated,4,sub,yes,816.8506730587275,1,simulated
simulated,4,sub,yes,816.801944043994,1,simulated
simulated,4,sub,yes,816.815118184157,1,simulated
simulated,4,sub,yes,816.9950116534912,1,simulated
simulated,4,sub,yes,816.8490679620708,1,simulated
simulated,4,sub,yes,816.9584687711226,1,simulated
simulated,4,sub,yes,816.993326385716,1,simulated
simulated,4,sub,yes,816.9306357818049,1,simulated
simulated,4,sub,yes,816.9714739433583,1,simulated
simulated,4,sub,yes,816.970304584508,1,simulated
simulated,4,sub,yes,816.8626394161673,1,simulated
simulated,4,sub,yes,816.7860335876927,1,simulated
simulated,4,sub,yes,816.8582060735511,1,simulated
simulated,4,sub,yes,817.0351951554643,1,simulated
simulated,4,sub,no,816.9356864197973,1,simulated
simulated,4,sub,yes,816.7350427838952,1,simulated
simulated,4,sub,yes,816.9330484354074,1,simulated
simulated,4,sub,yes,816.9733137899285,1,simulated
simulated,4,sub,yes,816.9938344685775,1,simulated
simulated,4,sub,yes,816.9710068498696,1,simulated
simulated,4,sub,yes,817.0554436658606,1,simulated
simulated,4,sub,yes,817.0225807305922,1,simulated
simulated,4,sub,yes,817.1003632395731,1,simulated
simulated,4,sub,yes,816.8708566874196,1,simulated
simulated,4,sub,yes,816.9703533144555,1,simulated
simulated,4,sub,yes,816.9951178525313,1,simulated
simulated,4,sub,yes,816.9837826205168,1,simulated
simulated,4,sub,yes,817.017043657066,1,simulated
simulated,4,sub,yes,816.8885407128049,1,simulated
simulated,4,sub,yes,816.9425494948637,1,simulated
simulated,4,sub,yes,817.1319993351359,1,simulated
simulated,4,sub,yes,817.093664381824,1,simulated
simulated,4,sub,yes,816.8701237852313,1,simulated
simulated,4,sub,yes,817.0256600891008,1,simulated
simulated,4,sub,yes,816.9541945858122,1,simulated
simulated,4,sub,yes,817.0540989157712,1,simulated
simulated,4,sub,yes,817.1828330257636,1,simulated
simulated,4,sub,yes,817.2377906223486,1,simulated
simulated,4,sub,no,816.9775414533282,1,simulated
simulated,4,sub,yes,816.9593388163926,1,simulated
simulated,4,sub,yes,816.9739478104754,1,simulated
simulated,4,sub,yes,817.0566732824838,1,simulated
simulated,4,sub,yes,817.0105579828561,1,simulated
simulated,4,sub,yes,816.9865346373074,1,simulated
simulated,4,sub,yes,816.8935168457193,1,simulated
simulated,4,sub,yes,817.1036637843229,1,simulated
simulated,5,sub,yes,816.8925492557794,1,simulated
simulated,5,sub,yes,816.9989860566704,1,simulated
simulated,5,sub,yes,816.9264303545897,1,simulated
simulated,5,sub,yes,816.8886749978698,1,simulated
simulated,5,sub,yes,816.8830611639314,1,simulated
simulated,5,sub,yes,816.9315771579088,1,simulated
simulated,5,sub,yes,817.0301457565201,1,simulated
simulated,5,sub,yes,816.9509917700423,1,simulated
simulated,5,sub,yes,816.8266653718251,1,simulated
simulated,5,sub,yes,816.9836521002318,1,simulated
simulated,5,sub,yes,816.9603343773387,1,simulated
simulated,5,sub,yes,816.9248556211438,1,simulated
simulated,5,sub,yes,816.8851929887032,1,simulated
simulated,5,sub,yes,817.1618734271896,1,simulated
simulated,5,sub,yes,816.9271523178819,1,simulated
simulated,5,sub,yes,817.046024529451,1,simulated
simulated,5,sub,yes,816.8674536854892,1,simulated
simulated,5,sub,yes,816.9490537726945,1,simulated
simulated,5,sub,yes,816.942141430894,1,simulated
simulated,5,sub,yes,816.9163339018917,1,simulated
simulated,5,sub,yes,816.8580340947185,1,simulated
simulated,5,sub,yes,817.1743426078252,1,simulated
simulated,5,sub,yes,816.8478559655321,1,simulated
simulated,5,sub,yes,816.958582416865,1,simulated
simulated,5,sub,yes,817.0564082541053,1,simulated
simulated,5,sub,yes,817.2024554985431,1,simulated
simulated,5,sub,yes,816.8392270535915,1,simulated
simulated,5,sub,yes,817.0864079218028,1,simulated
simulated,5,sub,yes,817.1452959465081,1,simulated
simulated,5,sub,yes,817.1009609960694,1,simulated
simulated,5,sub,yes,817.0753285954687,1,simulated
simulated,5,sub,yes,817.0251736774524,1,simulated
simulated,5,sub,yes,817.1244450647698,1,simulated
simulated,5,sub,yes,816.9477526945745,1,simulated
simulated,5,sub,yes,816.9641125061596,1,simulated
simulated,5,sub,yes,817.069479767722,1,simulated
simulated,5,sub,yes,816.966046872571,1,simulated
simulated,5,sub,yes,816.9809895093655,1,simulated
simulated,5,sub,yes,817.1022178216613,1,simulated
simulated,5,sub,yes,816.7234974168313,1,simulated
simulated,5,sub,yes,816.976968302531,1,simulated
simulated,5,sub,yes,817.2534381372767,1,simulated
simulated,5,sub,yes,817.1202376725405,1,simulated
simulated,5,sub,yes,816.9014681752157,1,simulated
simulated,5,sub,yes,817.0203994660267,1,simulated
simulated,5,sub,yes,817.0987794734531,1,simulated
simulated,5,sub,yes,816.9922154169758,1,simulated
simulated,5,sub,yes,816.9009337149687,1,simulated
simulated,5,sub,yes,816.9988162093615,1,simulated
simulated,5,sub,yes,816.9113722292857,1,simulated
simulated,6,sub,yes,817.0571026403417,1,simulated
simulated,6,sub,no,817.0850723088062,1,simulated
simulated,6,sub,yes,816.9967657593693,1,simulated
simulated,6,sub,yes,816.8104602672814,1,simulated
simulated,6,sub,yes,817.0806367063411,1,simulated
simulated,6,sub,yes,817.0568199362816,1,simulated
simulated,6,sub,yes,817.06246136034,1,simulated
simulated,6,sub,yes,816.9248344998974,1,simulated
simulated,6,sub,yes,817.0344663871825,1,simulated
simulated,6,sub,yes,816.9515964693556,1,simulated
simulated,6,sub,yes,816.8893261267145,1,simulated
simulated,6,sub,yes,817.072866367219,1,simulated
simulated,6,sub,yes,816.9561386591266,1,simulated
simulated,6,sub,yes,817.0367971202822,1,simulated
simulated,6,sub,yes,816.8489859138124,1,simulated
simulated,6,sub,yes,816.9276520538227,1,simulated
simulated,6,sub,yes,816.9553274074984,1,simulated
simulated,6,sub,yes,816.9954862113497,1,simulated
simulated,6,sub,yes,816.9503197785781,1,simulated
simulated,6,sub,yes,817.039771800041,1,simulated
simulated,6,sub,yes,816.8308094759633,1,simulated
simulated,6,sub,yes,816.9868649023975,1,simulated
simulated,6,sub,yes,816.9596367130143,1,simulated
simulated,6,sub,yes,816.8478544368995,1,simulated
simulated,6,sub,yes,816.9617207456738,1,simulated
simulated,6,sub,yes,816.8060117247743,1,simulated
simulated,6,sub,yes,816.7152817937596,1,simulated
simulated,6,sub,yes,817.064208480414,1,simulated
simulated,6,sub,yes,817.0783826624136,1,simulated
simulated,6,sub,yes,816.9175611341489,1,simulated
simulated,6,sub,yes,816.8131636397015,1,simulated
simulated,6,sub,yes,816.9411750962158,1,simulated
simulated,6,sub,yes,816.9663761888796,1,simulated
simulated,6,sub,yes,817.0251292903156,1,simulated
simulated,6,sub,yes,817.043064709794,1,simulated
simulated,6,sub,yes,816.9605149462286,1,simulated
simulated,6,sub,yes,817.1991387525198,1,simulated
simulated,6,sub,yes,817.0627110499152,1,simulated
simulated,6,sub,yes,816.973518416334,1,simulated
simulated,6,sub,yes,816.9273271199071,1,simulated
simulated,6,sub,yes,817.1405158725155,1,simulated
simulated,6,sub,yes,816.9957025070081,1,simulated
simulated,6,sub,yes,816.9420022108633,1,simulated
simulated,6,sub,yes,817.0653193853744,1,simulated
simulated,6,sub,yes,816.9730672948651,1,simulated
simulated,6,sub,yes,817.0609795786006,1,simulated
simulated,6,sub,yes,816.9911876868152,1,simulated
simulated,6,sub,yes,817.0408071116016,1,simulated
simulated,6,sub,yes,817.1176931951987,1,simulated
simulated,6,sub,yes,816.9837933057165,1,simulated
simulated,7,sub,yes,816.8316097359234,1,simulated
simulated,7,sub,yes,816.9259082421316,1,simulated
simulated,7,sub,yes,816.9131497093574,1,simulated
simulated,7,sub,yes,816.9575135883475,1,simulated
simulated,7,sub,yes,816.8901240578562,1,simulated
simulated,7,sub,yes,816.9090838550613,1,simulated
simulated,7,sub,yes,817.1211910165085,1,simulated
simulated,7,sub,yes,816.8294355470617,1,simulated
simulated,7,sub,yes,816.9766589969954,1,simulated
simulated,7,sub,yes,817.097181739756,1,simulated
simulated,7,sub,yes,816.939039327907,1,simulated
simulated,7,sub,yes,817.0150008322889,1,simulated
simulated,7,sub,yes,817.0025706986066,1,simulated
simulated,7,sub,yes,817.1174919037082,1,simulated
simulated,7,sub,yes,816.8699444977303,1,simulated
simulated,7,sub,yes,817.0238602660248,1,simulated
simulated,7,sub,yes,817.0745700848335,1,simulated
simulated,7,sub,yes,816.836524540426,1,simulated
simulated,7,sub,yes,817.0218575058142,1,simulated
simulated,7,sub,yes,817.0062185031632,1,simulated
simulated,7,sub,yes,817.0704434035543,1,simulated
simulated,7,sub,yes,816.8751482152837,1,simulated
simulated,7,sub,yes,816.9943136028248,1,simulated
simulated,7,sub,yes,817.0318571483621,1,simulated
simulated,7,sub,yes,816.9962199899638,1,simulated
simulated,7,sub,yes,816.8725069422294,1,simulated
simulated,7,sub,yes,816.8277921072051,1,simulated
simulated,7,sub,yes,816.8436080173369,1,simulated
simulated,7,sub,no,816.9143390461211,1,simulated
simulated,7,sub,yes,817.0012797679075,1,simulated
simulated,7,sub,yes,817.1110382509381,1,simulated
simulated,7,sub,no,816.977087353036,1,simulated
simulated,7,sub,yes,816.9900906488168,1,simulated
simulated,7,sub,yes,816.9087559164955,1,simulated
simulated,7,sub,yes,816.9830382045989,1,simulated
simulated,7,sub,yes,816.8556976196162,1,simulated
simulated,7,sub,yes,816.9757955719895,1,simulated
simulated,7,sub,yes,816.9323688678884,1,simulated
simulated,7,sub,yes,817.0118219917266,1,simulated
simulated,7,sub,yes,816.9286347123699,1,simulated
simulated,7,sub,yes,817.0720045700082,1,simulated
simulated,7,sub,yes,817.1463947630402,1,simulated
simulated,7,sub,yes,816.953072323352,1,simulated
simulated,7,sub,yes,816.9673840426884,1,simulated
simulated,7,sub,yes,817.1443636388485,1,simulated
simulated,7,sub,yes,816.8950292099175,1,simulated
simulated,7,sub,yes,816.9714625166913,1,simulated
simulated,7,sub,yes,816.9904306260705,1,simulated
simulated,7,sub,yes,817.0126228579275,1,simulated
simulated,7,sub,yes,816.9716140281963,1,simulated
simulated,0,super,yes,85.62412229932612,2,simulated
simulated,0,super,yes,85.64057840352969,2,simulated
simulated,0,super,yes,85.70997249908926,2,simulated
simulated,0,super,yes,85.64702012764799,2,simulated
simulated,0,super,yes,85.6204730974305,2,simulated
simulated,0,super,yes,85.654697153451,2,simulated
simulated,0,super,yes,85.69183021680357,2,simulated
simulated,0,super,yes,85.7011347957675,2,simulated
simulated,0,super,yes,85.59721355902204,2,simulated
simulated,0,super,yes,85.6529914484275,2,simulated
simulated,0,super,yes,85.69128119527277,2,simulated
simulated,0,super,yes,85.72318896796227,2,simulated
simulated,0,super,yes,85.68462006308421,2,simulated
simulated,0,super,yes,85.70698400011022,2,simulated
simulated,0,super,yes,85.67314624621075,2,simulated
simulated,0,super,yes,85.6220937126471,2,simulated
simulated,0,super,yes,85.66475732115057,2,simulated
simulated,0,super,yes,85.63408593698668,2,simulated
simulated,0,super,yes,85.69189080922385,2,simulated
simulated,0,super,yes,85.67627120834945,2,simulated
simulated,0,super,yes,85.64504206499325,2,simulated
simulated,0,super,yes,85.71987066374635,2,simulated
simulated,0,super,yes,85.6042390047198,2,simulated
simulated,0,super,yes,85.69260798656579,2,simulated
simulated,0,super,yes,85.6371425656729,2,simulated
simulated,0,super,yes,85.59300746113952,2,simulated
simulated,0,super,yes,85.67074661036449,2,simulated
simulated,0,super,yes,85.66194914182371,2,simulated
simulated,0,super,yes,85.65651100429042,2,simulated
simulated,0,super,yes,85.70833570589558,2,simulated
simulated,0,super,yes,85.61143540324377,2,simulated
simulated,0,super,yes,85.71108839254256,2,simulated
simulated,0,super,yes,85.6724311392892,2,simulated
simulated,0,super,yes,85.63088352492396,2,simulated
simulated,0,super,yes,85.6719569130163,2,simulated
simulated,0,super,yes,85.63410273450756,2,simulated
simulated,0,super,yes,85.67804907630156,2,simulated
simulated,0,super,yes,85.7131781707339,2,simulated
simulated,0,super,yes,85.65866682049605,2,simulated
simulated,0,super,yes,85.6093242840644,2,simulated
simulated,0,super,yes,85.61768485722214,2,simulated
simulated,0,super,yes,85.67455841370187,2,simulated
simulated,0,super,yes,85.64424404483883,2,simulated
simulated,0,super,yes,85.72008131033832,2,simulated
simulated,0,super,yes,85.63268496948996,2,simulated
simulated,0,super,yes,85.65926240262876,2,simulated
simulated,0,super,yes,85.68884614760823,2,simulated
simulated,0,super,yes,85.67715238138972,2,simulated
simulated,0,super,yes,85.67339270230013,2,simulated
simulated,0,super,yes,85.59891316716825,2,simulated
simulated,0,super,yes,85.61835297841297,2,simulated
simulated,0,super,yes,85.60492420004361,2,simulated
simulated,0,super,yes,85.68165839971606,2,simulated
simulated,0,super,yes,85.73373812047429,2,simulated
simulated,0,super,yes,85.64671375033016,2,simulated
simulated,0,super,yes,85.62634404621915,2,simulated
simulated,0,super,yes,85.68339357347477,2,simulated
simulated,0,super,yes,85.6614194155587,2,simulated
simulated,0,super,yes,85.67486182052527,2,simulated
simulated,0,super,yes,85.61031540078153,2,simulated
simulated,0,super,yes,85.66671609574303,2,simulated
simulated,0,super,yes,85.66797931273526,2,simulated
simulated,0,super,yes,85.70474586333762,2,simulated
simulated,0,super,yes,85.64763197902909,2,simulated
simulated,0,super,yes,85.62578498476661,2,simulated
simulated,0,super,yes,85.6634836514823,2,simulated
simulated,0,super,yes,85.72271019335548,2,simulated
simulated,0,super,yes,85.68919034439108,2,simulated
simulated,0,super,yes,85.63104058140985,2,simulated
simulated,0,super,yes,85.66854926817241,2,simulated
simulated,0,super,yes,85.64763046561494,2,simulated
simulated,0,super,yes,85.66013519731065,2,simulated
simulated,0,super,yes,85.69852366260733,2,simulated
simulated,0,super,yes,85.7229172558019,2,simulated
simulated,0,super,yes,85.6443316723859,2,simulated
simulated,0,super,yes,85.65810567482498,2,simulated
simulated,0,super,yes,85.69764593383262,2,simulated
simulated,0,super,yes,85.66843651966339,2,simulated
simulated,0,super,yes,85.76744879768523,2,simulated
simulated,0,super,yes,85.66987669679287,2,simulated
simulated,0,super,yes,85.65153158289371,2,simulated
simulated,0,super,yes,85.67572903127642,2,simulated
simulated,0,super,yes,85.63976856409379,2,simulated
simulated,0,super,yes,85.57144521055794,2,simulated
simulated,0,super,yes,85.71473344165287,2,simulated
simulated,0,super,yes,85.68718191423122,2,simulated
simulated,0,super,yes,85.71678740992428,2,simulated
simulated,0,super,yes,85.6495980806034,2,simulated
simulated,0,super,yes,85.70320501808645,2,simulated
simulated,0,super,yes,85.674201899664,2,simulated
simulated,0,super,yes,85.6880902369006,2,simulated
simulated,0,super,yes,85.67947677708894,2,simulated
simulated,0,super,yes,85.73365943280324,2,simulated
simulated,0,super,yes,85.65528824816684,2,simulated
simulated,0,super,yes,85.73398494397489,2,simulated
simulated,0,super,yes,85.63415077228481,2,simulated
simulated,0,super,yes,85.77127907643826,2,simulated
simulated,0,super,yes,85.70672365214186,2,simulated
simulated,0,super,yes,85.6246940597451,2,simulated
simulated,0,super,yes,85.57109389140435,2,simulated
simulated,0,super,yes,85.64746823293258,2,simulated
simulated,0,super,yes,85.74079929546264,2,simulated
simulated,0,super,yes,85.65032166610754,2,simulated
simulated,0,super,yes,85.60192957319819,2,simulated
simulated,0,super,yes,85.71907438893172,2,simulated
simulated,0,super,yes,85.6741265955984,2,simulated
simulated,0,super,yes,85.69196077023572,2,simulated
simulated,0,super,yes,85.60991235911165,2,simulated
simulated,0,super,yes,85.69786943578829,2,simulated
simulated,0,super,yes,85.69173182778292,2,simulated
simulated,0,super,yes,85.63385759312368,2,simulated
simulated,0,super,yes,85.72662428291731,2,simulated
simulated,0,super,yes,85.5979823420499,2,simulated
simulated,0,super,yes,85.6790733890956,2,simulated
simulated,0,super,yes,85.63721150930536,2,simulated
simulated,0,super,yes,85.58826546410853,2,simulated
simulated,0,super,yes,85.5971137423704,2,simulated
simulated,0,super,yes,85.6856211536329,2,simulated
simulated,0,super,yes,85.72316511016588,2,simulated
simulated,0,super,yes,85.69534542517334,2,simulated
simulated,0,super,yes,85.68295803803744,2,simulated
simulated,0,super,yes,85.65473004951478,2,simulated
simulated,0,super,yes,85.67347191800667,2,simulated
simulated,0,super,yes,85.66725474216702,2,simulated
simulated,0,super,yes,85.57988468841617,2,simulated
simulated,0,super,yes,85.62797759226267,2,simulated
simulated,0,super,yes,85.62681378143283,2,simulated
simulated,0,super,yes,85.60516606498612,2,simulated
simulated,0,super,yes,85.65762278206087,2,simulated
simulated,0,super,yes,85.61688342576734,2,simulated
simulated,0,super,yes,85.682129115841,2,simulated
simulated,0,super,yes,85.68581818995769,2,simulated
simulated,0,super,yes,85.61471974568052,2,simulated
simulated,0,super,yes,85.64815441089068,2,simulated
simulated,0,super,yes,85.64085817487612,2,simulated
simulated,0,super,yes,85.58047484302074,2,simulated
simulated,0,super,yes,85.67544105507315,2,simulated
simulated,0,super,yes,85.67857037792339,2,simulated
simulated,0,super,yes,85.6245441956624,2,simulated
simulated,0,super,yes,85.6305817196186,2,simulated
simulated,0,super,yes,85.68460394086073,2,simulated
simulated,0,super,yes,85.61581830089625,2,simulated
simulated,0,super,yes,85.66876818820398,2,simulated
simulated,0,super,yes,85.64105690440424,2,simulated
simulated,0,super,yes,85.64016670565937,2,simulated
simulated,0,super,yes,85.64260638570353,2,simulated
simulated,0,super,yes,85.58424211746545,2,simulated
simulated,0,super,yes,85.63094834489532,2,simulated
simulated,0,super,yes,85.64973884501205,2,simulated
simulated,0,super,yes,85.6618766960075,2,simulated
simulated,0,super,yes,85.68795960180223,2,simulated
simulated,0,super,yes,85.62445968526268,2,simulated
simulated,0,super,yes,85.73160942821649,2,simulated
simulated,0,super,yes,85.63740988545271,2,simulated
simulated,0,super,yes,85.74633602747824,2,simulated
simulated,0,super,yes,85.62671178005206,2,simulated
simulated,0,super,yes,85.69335061132185,2,simulated
simulated,0,super,yes,85.62521175886044,2,simulated
simulated,0,super,yes,85.61288886171408,2,simulated
simulated,0,super,yes,85.66505066751857,2,simulated
simulated,0,super,yes,85.63825128888908,2,simulated
simulated,0,super,yes,85.6913288016743,2,simulated
simulated,0,super,yes,85.64855535286942,2,simulated
simulated,0,super,yes,85.63193128322021,2,simulated
simulated,0,super,yes,85.65821922573093,2,simulated
simulated,0,super,yes,85.63577992846747,2,simulated
simulated,0,super,yes,85.60728249048498,2,simulated
simulated,0,super,yes,85.65400653389986,2,simulated
simulated,0,super,yes,85.71786725985484,2,simulated
simulated,0,super,yes,85.69543968632692,2,simulated
simulated,0,super,yes,85.71571994318195,2,simulated
simulated,0,super,yes,85.63703193052987,2,simulated
simulated,0,super,yes,85.66846616018405,2,simulated
simulated,0,super,yes,85.58222263818256,2,simulated
simulated,0,super,yes,85.60792466758043,2,simulated
simulated,0,super,yes,85.71340383764624,2,simulated
simulated,0,super,yes,85.68357707410077,2,simulated
simulated,0,super,yes,85.62198023694182,2,simulated
simulated,0,super,yes,85.6250709266598,2,simulated
simulated,0,super,yes,85.66349197922547,2,simulated
simulated,0,super,yes,85.67175169170707,2,simulated
simulated,0,super,yes,85.69136633762888,2,simulated
simulated,0,super,yes,85.67583242544708,2,simulated
simulated,0,super,yes,85.66048372751168,2,simulated
simulated,0,super,yes,85.62101945606656,2,simulated
simulated,0,super,yes,85.7049950366937,2,simulated
simulated,0,super,yes,85.59469269171001,2,simulated
simulated,0,super,yes,85.69606081092783,2,simulated
simulated,0,super,yes,85.67101707633964,2,simulated
simulated,0,super,yes,85.69190720694304,2,simulated
simulated,0,super,yes,85.64530274568205,2,simulated
simulated,0,super,yes,85.6139250702871,2,simulated
simulated,0,super,yes,85.6009873151836,2,simulated
simulated,0,super,yes,85.60919869498326,2,simulated
simulated,0,super,yes,85.64496716965768,2,simulated
simulated,0,super,yes,85.66491420060203,2,simulated
simulated,0,super,yes,85.75740498448823,2,simulated
simulated,0,super,yes,85.63149254494027,2,simulated
simulated,0,super,yes,85.66860547057456,2,simulated
simulated,0,super,yes,85.63437950300926,2,simulated
simulated,1,super,yes,85.67232686461334,2,simulated
simulated,1,super,yes,85.66379562282236,2,simulated
simulated,1,super,yes,85.67088656106101,2,simulated
simulated,1,super,yes,85.62360396848882,2,simulated
simulated,1,super,yes,85.63963290888967,2,simulated
simulated,1,super,yes,85.66282140254161,2,simulated
simulated,1,super,yes,85.62271020686669,2,simulated
simulated,1,super,yes,85.64661054772114,2,simulated
simulated,1,super,yes,85.6760617165068,2,simulated
simulated,1,super,yes,85.65420228345273,2,simulated
simulated,1,super,yes,85.65434739264663,2,simulated
simulated,1,super,yes,85.64996729436503,2,simulated
simulated,1,super,yes,85.71059169986334,2,simulated
simulated,1,super,yes,85.63274113463764,2,simulated
simulated,1,super,yes,85.68291716261105,2,simulated
simulated,1,super,yes,85.62459181704294,2,simulated
simulated,1,super,yes,85.6479178902572,2,simulated
simulated,1,super,yes,85.60053763408195,2,simulated
simulated,1,super,yes,85.69965110693333,2,simulated
simulated,1,super,yes,85.70433845094725,2,simulated
simulated,1,super,yes,85.63983905473492,2,simulated
simulated,1,super,yes,85.76353038772172,2,simulated
simulated,1,super,yes,85.62022698279772,2,simulated
simulated,1,super,yes,85.6672559976886,2,simulated
simulated,1,super,yes,85.6982573812459,2,simulated
simulated,1,super,yes,85.61803798962463,2,simulated
simulated,1,super,yes,85.65482942615787,2,simulated
simulated,1,super,yes,85.6477422275822,2,simulated
simulated,1,super,yes,85.66949825469905,2,simulated
simulated,1,super,yes,85.67255977268817,2,simulated
simulated,1,super,yes,85.6685939896262,2,simulated
simulated,1,super,yes,85.64445756440156,2,simulated
simulated,1,super,yes,85.70756876246574,2,simulated
simulated,1,super,yes,85.65387809897089,2,simulated
simulated,1,super,yes,85.72216767997973,2,simulated
simulated,1,super,yes,85.6399826472774,2,simulated
simulated,1,super,yes,85.69210527308395,2,simulated
simulated,1,super,yes,85.69408668390511,2,simulated
simulated,1,super,yes,85.62803740450661,2,simulated
simulated,1,super,yes,85.68523846155315,2,simulated
simulated,1,super,yes,85.63915764656205,2,simulated
simulated,1,super,yes,85.63436548398128,2,simulated
simulated,1,super,yes,85.63546488049526,2,simulated
simulated,1,super,yes,85.70999297215842,2,simulated
simulated,1,super,yes,85.70869322695414,2,simulated
simulated,1,super,yes,85.65367032596573,2,simulated
simulated,1,super,yes,85.66554721867831,2,simulated
simulated,1,super,yes,85.60656885174951,2,simulated
simulated,1,super,yes,85.64601795497897,2,simulated
simulated,1,super,yes,85.70953096206588,2,simulated
simulated,1,super,yes,85.56996858781973,2,simulated
simulated,1,super,yes,85.70822439035801,2,simulated
simulated,1,super,yes,85.6265496467699,2,simulated
simulated,1,super,yes,85.70893630486879,2,simulated
simulated,1,super,yes,85.67471474895542,2,simulated
simulated,1,super,yes,85.71169413018836,2,simulated
simulated,1,super,yes,85.6420252322547,2,simulated
simulated,1,super,yes,85.68929563364112,2,simulated
simulated,1,super,yes,85.69522034341716,2,simulated
simulated,1,super,yes,85.72103525485068,2,simulated
simulated,1,super,yes,85.67558954045792,2,simulated
simulated,1,super,yes,85.70878631954167,2,simulated
simulated,1,super,yes,85.65072840257098,2,simulated
simulated,1,super,yes,85.7438654506561,2,simulated
simulated,1,super,yes,85.6414051481084,2,simulated
simulated,1,super,yes,85.63407369734112,2,simulated
simulated,1,super,yes,85.58237821502267,2,simulated
simulated,1,super,yes,85.6583849661537,2,simulated
simulated,1,super,yes,85.6455498891832,2,simulated
simulated,1,super,yes,85.75020131371039,2,simulated
simulated,1,super,yes,85.62822303147777,2,simulated
simulated,1,super,yes,85.71425957419507,2,simulated
simulated,1,super,yes,85.69763461038114,2,simulated
simulated,1,super,yes,85.66102471362426,2,simulated
simulated,1,super,yes,85.66983491550621,2,simulated
simulated,1,super,yes,85.65196588813389,2,simulated
simulated,1,super,yes,85.74355765959218,2,simulated
simulated,1,super,yes,85.64606623167755,2,simulated
simulated,1,super,yes,85.67152070646782,2,simulated
simulated,1,super,yes,85.75518084050728,2,simulated
simulated,1,super,yes,85.7093229068097,2,simulated
simulated,1,super,yes,85.66222382682334,2,simulated
simulated,1,super,yes,85.65658740770269,2,simulated
simulated,1,super,yes,85.68487037619413,2,simulated
simulated,1,super,yes,85.66722080299344,2,simulated
simulated,1,super,yes,85.69000509612944,2,simulated
simulated,1,super,yes,85.69281126208607,2,simulated
simulated,1,super,yes,85.66511622194916,2,simulated
simulated,1,super,yes,85.6908210716532,2,simulated
simulated,1,super,yes,85.70653322792671,2,simulated
simulated,1,super,yes,85.65394711511492,2,simulated
simulated,1,super,yes,85.72822776125604,2,simulated
simulated,1,super,yes,85.68659146228194,2,simulated
simulated,1,super,yes,85.66044744161321,2,simulated
simulated,1,super,yes,85.72121892043539,2,simulated
simulated,1,super,yes,85.62040408832148,2,simulated
simulated,1,super,yes,85.65628223071414,2,simulated
simulated,1,super,yes,85.67901871951773,2,simulated
simulated,1,super,yes,85.65244537053822,2,simulated
simulated,1,super,yes,85.65045966132827,2,simulated
simulated,1,super,yes,85.65689060265716,2,simulated
simulated,1,super,yes,85.64730949565127,2,simulated
simulated,1,super,yes,85.64991529756998,2,simulated
simulated,1,super,yes,85.60569618002019,2,simulated
simulated,1,super,yes,85.564624403326,2,simulated
simulated,1,super,yes,85.64250740520787,2,simulated
simulated,1,super,yes,85.68304360129754,2,simulated
simulated,1,super,yes,85.66954623729625,2,simulated
simulated,1,super,yes,85.60760789311895,2,simulated
simulated,1,super,yes,85.58951008953642,2,simulated
simulated,1,super,yes,85.64315080921666,2,simulated
simulated,1,super,yes,85.68492339311787,2,simulated
simulated,1,super,yes,85.67336308476584,2,simulated
simulated,1,super,yes,85.65525782101172,2,simulated
simulated,1,super,yes,85.68461271964226,2,simulated
simulated,1,super,yes,85.64157913400251,2,simulated
simulated,1,super,yes,85.6567213429903,2,simulated
simulated,1,super,yes,85.68183701823997,2,simulated
simulated,1,super,yes,85.65191459992091,2,simulated
simulated,1,super,yes,85.67811586569385,2,simulated
simulated,1,super,yes,85.72528116351411,2,simulated
simulated,1,super,yes,85.66447289334079,2,simulated
simulated,1,super,yes,85.59078625657375,2,simulated
simulated,1,super,yes,85.70211024681437,2,simulated
simulated,1,super,yes,85.62524274930026,2,simulated
simulated,1,super,yes,85.73551438357237,2,simulated
simulated,1,super,yes,85.66196653361094,2,simulated
simulated,1,super,yes,85.62684156862335,2,simulated
simulated,1,super,yes,85.62223589467885,2,simulated
simulated,1,super,yes,85.64555046733929,2,simulated
simulated,1,super,yes,85.71485484491721,2,simulated
simulated,1,super,yes,85.70447015023818,2,simulated
simulated,1,super,yes,85.71519238707229,2,simulated
simulated,1,super,yes,85.6569098742876,2,simulated
simulated,1,super,yes,85.65184825335136,2,simulated
simulated,1,super,yes,85.59888332597048,2,simulated
simulated,1,super,yes,85.72414263702098,2,simulated
simulated,1,super,yes,85.76787473278587,2,simulated
simulated,1,super,yes,85.62600622685757,2,simulated
simulated,1,super,yes,85.61503996206885,2,simulated
simulated,1,super,yes,85.69757942081137,2,simulated
simulated,1,super,yes,85.71910159198572,2,simulated
simulated,1,super,yes,85.64587912711195,2,simulated
simulated,1,super,yes,85.62623226968766,2,simulated
simulated,1,super,yes,85.68201647051761,2,simulated
simulated,1,super,yes,85.67073276894536,2,simulated
simulated,1,super,yes,85.64556727519958,2,simulated
simulated,1,super,yes,85.71780749274404,2,simulated
simulated,1,super,yes,85.65607749142262,2,simulated
simulated,1,super,yes,85.65254141814319,2,simulated
simulated,1,super,yes,85.69437440988418,2,simulated
simulated,1,super,yes,85.68409879934045,2,simulated
simulated,1,super,yes,85.68780841082344,2,simulated
simulated,1,super,yes,85.75217751196526,2,simulated
simulated,1,super,yes,85.74783377270609,2,simulated
simulated,1,super,yes,85.61988308169288,2,simulated
simulated,1,super,yes,85.64129943237361,2,simulated
simulated,1,super,yes,85.56413466234575,2,simulated
simulated,1,super,yes,85.66428954365038,2,simulated
simulated,1,super,yes,85.65565016919201,2,simulated
simulated,1,super,yes,85.72100777783608,2,simulated
simulated,1,super,yes,85.68029468602116,2,simulated
simulated,1,super,yes,85.70659363317597,2,simulated
simulated,1,super,yes,85.66217013946412,2,simulated
simulated,1,super,yes,85.67123515196795,2,simulated
simulated,1,super,yes,85.65612855354804,2,simulated
simulated,1,super,yes,85.69774141042764,2,simulated
simulated,1,super,yes,85.64683586189643,2,simulated
simulated,1,super,yes,85.65248719761097,2,simulated
simulated,1,super,yes,85.64697882106725,2,simulated
simulated,1,super,yes,85.66335198843433,2,simulated
simulated,1,super,yes,85.65546335782349,2,simulated
simulated,1,super,yes,85.74403302608967,2,simulated
simulated,1,super,yes,85.6326077132263,2,simulated
simulated,1,super,yes,85.65559990246624,2,simulated
simulated,1,super,yes,85.59677774358164,2,simulated
simulated,1,super,yes,85.69998511416159,2,simulated
simulated,1,super,yes,85.66755659994637,2,simulated
simulated,1,super,yes,85.64416625194288,2,simulated
simulated,1,super,yes,85.68493883975404,2,simulated
simulated,1,super,yes,85.59040641652237,2,simulated
simulated,1,super,yes,85.6467303760871,2,simulated
simulated,1,super,yes,85.7227291061414,2,simulated
simulated,1,super,yes,85.66092336380045,2,simulated
simulated,1,super,yes,85.63836818463135,2,simulated
simulated,1,super,yes,85.61549462855285,2,simulated
simulated,1,super,yes,85.71436117536376,2,simulated
simulated,1,super,yes,85.61141303586646,2,simulated
simulated,1,super,yes,85.64560671055204,2,simulated
simulated,1,super,yes,85.66798094737959,2,simulated
simulated,1,super,yes,85.74060553640697,2,simulated
simulated,1,super,yes,85.63543559808933,2,simulated
simulated,1,super,yes,85.61105863539088,2,simulated
simulated,1,super,yes,85.65543655698649,2,simulated
simulated,1,super,yes,85.67956016537997,2,simulated
simulated,1,super,yes,85.72659468902258,2,simulated
simulated,1,super,yes,85.73568611651147,2,simulated
simulated,1,super,yes,85.64466361797788,2,simulated
simulated,1,super,yes,85.68338252816191,2,simulated
simulated,1,super,yes,85.60839781051794,2,simulated
simulated,0,basic,yes,253.22367610562273,2,simulated
simulated,0,basic,yes,253.241109683601,2,simulated
simulated,0,basic,yes,253.2298349906155,2,simulated
simulated,0,basic,yes,253.17643370643407,2,simulated
simulated,0,basic,yes,253.16886423597575,2,simulated
simulated,0,basic,yes,253.22834836300837,2,simulated
simulated,0,basic,yes,253.15268470006825,2,simulated
simulated,0,basic,yes,253.23649463025427,2,simulated
simulated,0,basic,yes,253.18255997066632,2,simulated
simulated,0,basic,yes,253.19727757769994,2,simulated
simulated,0,basic,yes,253.2257897425399,2,simulated
simulated,0,basic,yes,253.21756576396834,2,simulated
simulated,0,basic,yes,253.2496679352317,2,simulated
simulated,0,basic,yes,253.2445406027499,2,simulated
simulated,0,basic,yes,253.25676952180518,2,simulated
simulated,0,basic,yes,253.24859196718282,2,simulated
simulated,0,basic,yes,253.1430420516267,2,simulated
simulated,0,basic,yes,253.1860110974041,2,simulated
simulated,0,basic,yes,253.18076475993016,2,simulated
simulated,0,basic,yes,253.26147967020557,2,simulated
simulated,0,basic,yes,253.23677451071015,2,simulated
simulated,0,basic,yes,253.24435786811054,2,simulated
simulated,0,basic,yes,253.16253532592725,2,simulated
simulated,0,basic,yes,253.1305235393756,2,simulated
simulated,0,basic,yes,253.27263745925575,2,simulated
simulated,0,basic,yes,253.26083796211643,2,simulated
simulated,0,basic,yes,253.22282464954324,2,simulated
simulated,0,basic,yes,253.18196885204037,2,simulated
simulated,0,basic,yes,253.25263521479013,2,simulated
simulated,0,basic,yes,253.14313643501262,2,simulated
simulated,0,basic,yes,253.1792009799262,2,simulated
simulated,0,basic,yes,253.14405190458723,2,simulated
simulated,0,basic,yes,253.25006620684587,2,simulated
simulated,0,basic,yes,253.15208203168623,2,simulated
simulated,0,basic,yes,253.13637918948893,2,simulated
simulated,0,basic,yes,253.23067506747512,2,simulated
simulated,0,basic,yes,253.20241546020844,2,simulated
simulated,0,basic,yes,253.195461173723,2,simulated
simulated,0,basic,yes,253.1908369175039,2,simulated
simulated,0,basic,yes,253.1829342268177,2,simulated
simulated,0,basic,yes,253.24749668051953,2,simulated
simulated,0,basic,yes,253.21876900844904,2,simulated
simulated,0,basic,yes,253.2578383150985,2,simulated
simulated,0,basic,yes,253.18651902808674,2,simulated
simulated,0,basic,yes,253.2143671560302,2,simulated
simulated,0,basic,yes,253.22681918251254,2,simulated
simulated,0,basic,yes,253.23646673126174,2,simulated
simulated,0,basic,yes,253.22486248381753,2,simulated
simulated,0,basic,yes,253.21763835121544,2,simulated
simulated,0,basic,yes,253.19325125024235,2,simulated
simulated,0,basic,yes,253.21759811405295,2,simulated
simulated,0,basic,yes,253.11567663908096,2,simulated
simulated,0,basic,yes,253.2866491253041,2,simulated
simulated,0,basic,yes,253.1292333860711,2,simulated
simulated,0,basic,yes,253.24793688353245,2,simulated
simulated,0,basic,yes,253.08004209987553,2,simulated
simulated,0,basic,yes,253.13976536680323,2,simulated
simulated,0,basic,yes,253.1155508988573,2,simulated
simulated,0,basic,yes,253.12116410985618,2,simulated
simulated,0,basic,yes,253.18108608038568,2,simulated
simulated,0,basic,yes,253.23215809498987,2,simulated
simulated,0,basic,yes,253.1837548721737,2,simulated
simulated,0,basic,yes,253.19920924869072,2,simulated
simulated,0,basic,yes,253.1975410692735,2,simulated
simulated,0,basic,yes,253.19969322631093,2,simulated
simulated,0,basic,yes,253.15532179535367,2,simulated
simulated,0,basic,yes,253.22757214327612,2,simulated
simulated,0,basic,yes,253.2096736087406,2,simulated
simulated,0,basic,yes,253.2284533576426,2,simulated
simulated,0,basic,yes,253.2006646687326,2,simulated
simulated,0,basic,yes,253.21813931134744,2,simulated
simulated,0,basic,yes,253.1485875873417,2,simulated
simulated,0,basic,yes,253.18793273492113,2,simulated
simulated,0,basic,yes,253.20119411003236,2,simulated
simulated,0,basic,yes,253.15924214453395,2,simulated
simulated,0,basic,yes,253.18552537903636,2,simulated
simulated,0,basic,yes,253.20183525138643,2,simulated
simulated,0,basic,yes,253.1090838971561,2,simulated
simulated,0,basic,yes,253.26960427121887,2,simulated
simulated,0,basic,yes,253.22635984300118,2,simulated
simulated,0,basic,yes,253.2220242573638,2,simulated
simulated,0,basic,yes,253.20947991876986,2,simulated
simulated,0,basic,yes,253.10700664780185,2,simulated
simulated,0,basic,yes,253.1663316176036,2,simulated
simulated,0,basic,yes,253.13397908535947,2,simulated
simulated,0,basic,yes,253.22260525944603,2,simulated
simulated,0,basic,yes,253.24030857400274,2,simulated
simulated,0,basic,yes,253.18137175738892,2,simulated
simulated,0,basic,yes,253.21979574749056,2,simulated
simulated,0,basic,yes,253.24255217196728,2,simulated
simulated,0,basic,yes,253.21723493918344,2,simulated
simulated,0,basic,yes,253.2098184646871,2,simulated
simulated,0,basic,yes,253.26278620746484,2,simulated
simulated,0,basic,yes,253.1515169867931,2,simulated
simulated,0,basic,yes,253.23743357950832,2,simulated
simulated,0,basic,yes,253.233727800945,2,simulated
simulated,0,basic,yes,253.15816927195095,2,simulated
simulated,0,basic,yes,253.1841335993115,2,simulated
simulated,0,basic,yes,253.1279143397104,2,simulated
simulated,0,basic,yes,253.18320041300552,2,simulated
simulated,1,basic,yes,253.2378548590135,2,simulated
simulated,1,basic,yes,253.28152030966285,2,simulated
simulated,1,basic,yes,253.10917101029176,2,simulated
simulated,1,basic,yes,253.1576718683173,2,simulated
simulated,1,basic,yes,253.19693548926998,2,simulated
simulated,1,basic,yes,253.18521081814194,2,simulated
simulated,1,basic,yes,253.27436425950532,2,simulated
simulated,1,basic,yes,253.18183059805082,2,simulated
simulated,1,basic,yes,253.21294412941657,2,simulated
simulated,1,basic,yes,253.1764084431211,2,simulated
simulated,1,basic,yes,253.31538302395444,2,simulated
simulated,1,basic,yes,253.15174762762337,2,simulated
simulated,1,basic,yes,253.18706449607134,2,simulated
simulated,1,basic,yes,253.21016900230873,2,simulated
simulated,1,basic,yes,253.22467627937243,2,simulated
simulated,1,basic,yes,253.15490427089648,2,simulated
simulated,1,basic,yes,253.19201866505708,2,simulated
simulated,1,basic,yes,253.21541557121498,2,simulated
simulated,1,basic,yes,253.21329561857652,2,simulated
simulated,1,basic,yes,253.16724439794228,2,simulated
simulated,1,basic,yes,253.16273356370917,2,simulated
simulated,1,basic,yes,253.20666871011207,2,simulated
simulated,1,basic,yes,253.22604823783448,2,simulated
simulated,1,basic,yes,253.2105927276762,2,simulated
simulated,1,basic,yes,253.2083121375947,2,simulated
simulated,1,basic,yes,253.2021099115143,2,simulated
simulated,1,basic,yes,253.2137234531453,2,simulated
simulated,1,basic,yes,253.19144876372346,2,simulated
simulated,1,basic,yes,253.17796295242923,2,simulated
simulated,1,basic,yes,253.1928407489824,2,simulated
simulated,1,basic,yes,253.2196482737845,2,simulated
simulated,1,basic,yes,253.14677541030935,2,simulated
simulated,1,basic,yes,253.18616728170528,2,simulated
simulated,1,basic,yes,253.1642571299427,2,simulated
simulated,1,basic,yes,253.20597835783948,2,simulated
simulated,1,basic,yes,253.1511812191515,2,simulated
simulated,1,basic,yes,253.2128319181308,2,simulated
simulated,1,basic,yes,253.26665489179348,2,simulated
simulated,1,basic,yes,253.16927559703655,2,simulated
simulated,1,basic,yes,253.1514691884498,2,simulated
simulated,1,basic,yes,253.21511701516243,2,simulated
simulated,1,basic,yes,253.2082876221552,2,simulated
simulated,1,basic,yes,253.1788504105322,2,simulated
simulated,1,basic,yes,253.1946359263503,2,simulated
simulated,1,basic,yes,253.23503243235692,2,simulated
simulated,1,basic,yes,253.18038088902028,2,simulated
simulated,1,basic,yes,253.1426946150331,2,simulated
simulated,1,basic,yes,253.22350031609707,2,simulated
simulated,1,basic,yes,253.17807912932005,2,simulated
simulated,1,basic,yes,253.2210228458134,2,simulated
simulated,1,basic,yes,253.20172977413054,2,simulated
simulated,1,basic,yes,253.20974040652382,2,simulated
simulated,1,basic,yes,253.1945845552444,2,simulated
simulated,1,basic,yes,253.26788098142657,2,simulated
simulated,1,basic,yes,253.21946359356858,2,simulated
simulated,1,basic,yes,253.1475987762999,2,simulated
simulated,1,basic,yes,253.2146753123259,2,simulated
simulated,1,basic,yes,253.21893039097174,2,simulated
simulated,1,basic,yes,253.20051106363715,2,simulated
simulated,1,basic,yes,253.24489117161008,2,simulated
simulated,1,basic,yes,253.31048592894598,2,simulated
simulated,1,basic,yes,253.25655526752368,2,simulated
simulated,1,basic,yes,253.20374111700403,2,simulated
simulated,1,basic,yes,253.1948970617342,2,simulated
simulated,1,basic,yes,253.15321463304338,2,simulated
simulated,1,basic,yes,253.25038058928922,2,simulated
simulated,1,basic,yes,253.17555197690075,2,simulated
simulated,1,basic,yes,253.22851809351,2,simulated
simulated,1,basic,yes,253.20449214313527,2,simulated
simulated,1,basic,yes,253.1966210501242,2,simulated
simulated,1,basic,yes,253.25447260860918,2,simulated
simulated,1,basic,yes,253.18177673419612,2,simulated
simulated,1,basic,yes,253.20365030997624,2,simulated
simulated,1,basic,yes,253.23912033219662,2,simulated
simulated,1,basic,yes,253.14366578021475,2,simulated
simulated,1,basic,yes,253.2380730008832,2,simulated
simulated,1,basic,yes,253.2341587781461,2,simulated
simulated,1,basic,yes,253.251046846418,2,simulated
simulated,1,basic,yes,253.1651956441048,2,simulated
simulated,1,basic,yes,253.18876890677083,2,simulated
simulated,1,basic,yes,253.28695188049278,2,simulated
simulated,1,basic,yes,253.23891663692018,2,simulated
simulated,1,basic,yes,253.2715662342158,2,simulated
simulated,1,basic,yes,253.22594690988643,2,simulated
simulated,1,basic,yes,253.22124039381512,2,simulated
simulated,1,basic,yes,253.1695494429687,2,simulated
simulated,1,basic,yes,253.2995253888373,2,simulated
simulated,1,basic,yes,253.26067359358737,2,simulated
simulated,1,basic,yes,253.2108102872712,2,simulated
simulated,1,basic,yes,253.19942829605924,2,simulated
simulated,1,basic,yes,253.22905982609805,2,simulated
simulated,1,basic,yes,253.1867444408323,2,simulated
simulated,1,basic,yes,253.21801044342962,2,simulated
simulated,1,basic,yes,253.18876731809544,2,simulated
simulated,1,basic,yes,253.1540889388831,2,simulated
simulated,1,basic,yes,253.19913082312516,2,simulated
simulated,1,basic,yes,253.2460720130788,2,simulated
simulated,1,basic,yes,253.2258907395476,2,simulated
simulated,1,basic,yes,253.18050858341684,2,simulated
simulated,1,basic,yes,253.17946259159726,2,simulated
simulated,2,basic,yes,253.17430569438326,2,simulated
simulated,2,basic,yes,253.1859974068588,2,simulated
simulated,2,basic,yes,253.19430515203703,2,simulated
simulated,2,basic,yes,253.2773917539706,2,simulated
simulated,2,basic,yes,253.14771105694544,2,simulated
simulated,2,basic,yes,253.21893518810984,2,simulated
simulated,2,basic,yes,253.16224436121198,2,simulated
simulated,2,basic,yes,253.22885572110667,2,simulated
simulated,2,basic,yes,253.21551907920426,2,simulated
simulated,2,basic,yes,253.21619503265595,2,simulated
simulated,2,basic,yes,253.24980288432315,2,simulated
simulated,2,basic,yes,253.19271948609028,2,simulated
simulated,2,basic,yes,253.19734820213043,2,simulated
simulated,2,basic,yes,253.14632183706595,2,simulated
simulated,2,basic,yes,253.1800653294038,2,simulated
simulated,2,basic,yes,253.21373500174775,2,simulated
simulated,2,basic,yes,253.1684731438609,2,simulated
simulated,2,basic,yes,253.1950670343316,2,simulated
simulated,2,basic,yes,253.26368471060977,2,simulated
simulated,2,basic,yes,253.14349491823876,2,simulated
simulated,2,basic,yes,253.2340237781151,2,simulated
simulated,2,basic,yes,253.27929647538718,2,simulated
simulated,2,basic,yes,253.21996685968813,2,simulated
simulated,2,basic,yes,253.13877081378007,2,simulated
simulated,2,basic,yes,253.29308254937422,2,simulated
simulated,2,basic,yes,253.27181714141622,2,simulated
simulated,2,basic,yes,253.26842471055068,2,simulated
simulated,2,basic,yes,253.21148178899708,2,simulated
simulated,2,basic,yes,253.2300198113235,2,simulated
simulated,2,basic,yes,253.2615571496329,2,simulated
simulated,2,basic,yes,253.22088517777829,2,simulated
simulated,2,basic,yes,253.19857155703036,2,simulated
simulated,2,basic,yes,253.14766921953006,2,simulated
simulated,2,basic,yes,253.19981499533992,2,simulated
simulated,2,basic,yes,253.24353042953888,2,simulated
simulated,2,basic,yes,253.21878223467044,2,simulated
simulated,2,basic,yes,253.1827630878562,2,simulated
simulated,2,basic,yes,253.21656845264272,2,simulated
simulated,2,basic,yes,253.1825051427276,2,simulated
simulated,2,basic,yes,253.24156567246573,2,simulated
simulated,2,basic,yes,253.23227390368982,2,simulated
simulated,2,basic,yes,253.27664411802314,2,simulated
simulated,2,basic,yes,253.18474773005224,2,simulated
simulated,2,basic,yes,253.23436097391547,2,simulated
simulated,2,basic,yes,253.2020055125562,2,simulated
simulated,2,basic,yes,253.14112708562095,2,simulated
simulated,2,basic,yes,253.18629319549177,2,simulated
simulated,2,basic,yes,253.22311201280723,2,simulated
simulated,2,basic,yes,253.16144627588477,2,simulated
simulated,2,basic,yes,253.22133359686046,2,simulated
simulated,2,basic,yes,253.15255072310035,2,simulated
simulated,2,basic,yes,253.22240881587442,2,simulated
simulated,2,basic,yes,253.1960760782805,2,simulated
simulated,2,basic,yes,253.13723852626487,2,simulated
simulated,2,basic,yes,253.28625738831744,2,simulated
simulated,2,basic,yes,253.25784818989976,2,simulated
simulated,2,basic,yes,253.21059126832984,2,simulated
simulated,2,basic,yes,253.16775065256476,2,simulated
simulated,2,basic,yes,253.20260315012288,2,simulated
simulated,2,basic,yes,253.15806931964627,2,simulated
simulated,2,basic,yes,253.21977689532073,2,simulated
simulated,2,basic,yes,253.20221084676308,2,simulated
simulated,2,basic,yes,253.20031215168817,2,simulated
simulated,2,basic,yes,253.23166244870924,2,simulated
simulated,2,basic,yes,253.19552106048235,2,simulated
simulated,2,basic,yes,253.20500028622195,2,simulated
simulated,2,basic,yes,253.2067678454458,2,simulated
simulated,2,basic,yes,253.29336978884498,2,simulated
simulated,2,basic,yes,253.23739487436896,2,simulated
simulated,2,basic,yes,253.24341114089583,2,simulated
simulated,2,basic,yes,253.14562057123587,2,simulated
simulated,2,basic,yes,253.19597251667608,2,simulated
simulated,2,basic,yes,253.22973757661612,2,simulated
simulated,2,basic,yes,253.22996362431957,2,simulated
simulated,2,basic,yes,253.24830719287993,2,simulated
simulated,2,basic,yes,253.2331005872015,2,simulated
simulated,2,basic,yes,253.16909572090017,2,simulated
simulated,2,basic,yes,253.2128626714329,2,simulated
simulated,2,basic,yes,253.2409916324878,2,simulated
simulated,2,basic,yes,253.29155566276125,2,simulated
simulated,2,basic,yes,253.2646786673038,2,simulated
simulated,2,basic,yes,253.24324863623465,2,simulated
simulated,2,basic,yes,253.2509993068024,2,simulated
simulated,2,basic,yes,253.17952693080892,2,simulated
simulated,2,basic,yes,253.1905008930739,2,simulated
simulated,2,basic,yes,253.236746845088,2,simulated
simulated,2,basic,yes,253.17714030663444,2,simulated
simulated,2,basic,yes,253.2869440557471,2,simulated
simulated,2,basic,yes,253.17075705227495,2,simulated
simulated,2,basic,yes,253.18926543370878,2,simulated
simulated,2,basic,yes,253.26438224185577,2,simulated
simulated,2,basic,yes,253.25501324373934,2,simulated
simulated,2,basic,yes,253.2482504733197,2,simulated
simulated,2,basic,yes,253.22966222098677,2,simulated
simulated,2,basic,yes,253.22886753209912,2,simulated
simulated,2,basic,yes,253.2393860849954,2,simulated
simulated,2,basic,yes,253.18586233948164,2,simulated
simulated,2,basic,yes,253.12811657254886,2,simulated
simulated,2,basic,yes,253.23040801433038,2,simulated
simulated,2,basic,yes,253.1990465768129,2,simulated
simulated,3,basic,yes,253.29956097997305,2,simulated
simulated,3,basic,yes,253.23663655485976,2,simulated
simulated,3,basic,yes,253.11956706456854,2,simulated
simulated,3,basic,yes,253.26612570317263,2,simulated
simulated,3,basic,yes,253.19562024171177,2,simulated
simulated,3,basic,yes,253.22954216033105,2,simulated
simulated,3,basic,yes,253.1596535702507,2,simulated
simulated,3,basic,yes,253.17393308599523,2,simulated
simulated,3,basic,yes,253.21857962508608,2,simulated
simulated,3,basic,yes,253.24746891865266,2,simulated
simulated,3,basic,yes,253.205738134872,2,simulated
simulated,3,basic,yes,253.23706113925505,2,simulated
simulated,3,basic,yes,253.14805517981574,2,simulated
simulated,3,basic,yes,253.23950486896607,2,simulated
simulated,3,basic,yes,253.1916871367833,2,simulated
simulated,3,basic,yes,253.2080382475998,2,simulated
simulated,3,basic,yes,253.20768895605372,2,simulated
simulated,3,basic,yes,253.21347037696725,2,simulated
simulated,3,basic,yes,253.215606976804,2,simulated
simulated,3,basic,yes,253.22562173550995,2,simulated
simulated,3,basic,yes,253.1981121030631,2,simulated
simulated,3,basic,yes,253.28438047309453,2,simulated
simulated,3,basic,yes,253.19058981091004,2,simulated
simulated,3,basic,yes,253.20655394645917,2,simulated
simulated,3,basic,yes,253.16729060750808,2,simulated
simulated,3,basic,yes,253.178682143515,2,simulated
simulated,3,basic,yes,253.17462798111526,2,simulated
simulated,3,basic,yes,253.27221603623892,2,simulated
simulated,3,basic,yes,253.18221270536534,2,simulated
simulated,3,basic,yes,253.24963854278036,2,simulated
simulated,3,basic,yes,253.1226095267294,2,simulated
simulated,3,basic,yes,253.23336265286892,2,simulated
simulated,3,basic,yes,253.1691400349306,2,simulated
simulated,3,basic,yes,253.20895983414206,2,simulated
simulated,3,basic,yes,253.23681118367273,2,simulated
simulated,3,basic,yes,253.2567219575421,2,simulated
simulated,3,basic,yes,253.23159207806953,2,simulated
simulated,3,basic,yes,253.18671922927754,2,simulated
simulated,3,basic,yes,253.2067883780077,2,simulated
simulated,3,basic,yes,253.21481682911573,2,simulated
simulated,3,basic,yes,253.22747059031963,2,simulated
simulated,3,basic,yes,253.2315557325398,2,simulated
simulated,3,basic,yes,253.20207881344504,2,simulated
simulated,3,basic,yes,253.22399052648794,2,simulated
simulated,3,basic,yes,253.19379009379594,2,simulated
simulated,3,basic,yes,253.23911937117708,2,simulated
simulated,3,basic,yes,253.18672213398446,2,simulated
simulated,3,basic,yes,253.24449598565002,2,simulated
simulated,3,basic,yes,253.20584267033087,2,simulated
simulated,3,basic,yes,253.18828698829927,2,simulated
simulated,3,basic,yes,253.23962356172277,2,simulated
simulated,3,basic,yes,253.1654514113906,2,simulated
simulated,3,basic,yes,253.19607480999457,2,simulated
simulated,3,basic,yes,253.21426532251255,2,simulated
simulated,3,basic,yes,253.19249299157408,2,simulated
simulated,3,basic,yes,253.21792886271712,2,simulated
simulated,3,basic,yes,253.27201749465476,2,simulated
simulated,3,basic,yes,253.1855621154533,2,simulated
simulated,3,basic,yes,253.21312248165924,2,simulated
simulated,3,basic,yes,253.24392801436753,2,simulated
simulated,3,basic,yes,253.17656774848047,2,simulated
simulated,3,basic,yes,253.2468959404685,2,simulated
simulated,3,basic,yes,253.20712363977103,2,simulated
simulated,3,basic,yes,253.24601436742887,2,simulated
simulated,3,basic,yes,253.1846918014145,2,simulated
simulated,3,basic,yes,253.22515359297338,2,simulated
simulated,3,basic,yes,253.2630679408362,2,simulated
simulated,3,basic,yes,253.180600618278,2,simulated
simulated,3,basic,yes,253.26460981001262,2,simulated
simulated,3,basic,yes,253.21241334257854,2,simulated
simulated,3,basic,yes,253.26119241725962,2,simulated
simulated,3,basic,yes,253.23696109353295,2,simulated
simulated,3,basic,yes,253.2615913396181,2,simulated
simulated,3,basic,yes,253.2371713069496,2,simulated
simulated,3,basic,yes,253.10362501750532,2,simulated
simulated,3,basic,yes,253.1707814646215,2,simulated
simulated,3,basic,yes,253.2205917696404,2,simulated
simulated,3,basic,yes,253.1891103228765,2,simulated
simulated,3,basic,yes,253.22566868930517,2,simulated
simulated,3,basic,yes,253.2407589868703,2,simulated
simulated,3,basic,yes,253.23609918475566,2,simulated
simulated,3,basic,yes,253.2106958193385,2,simulated
simulated,3,basic,yes,253.18326095854474,2,simulated
simulated,3,basic,yes,253.1733794790261,2,simulated
simulated,3,basic,yes,253.17226481125712,2,simulated
simulated,3,basic,yes,253.2137204043662,2,simulated
simulated,3,basic,yes,253.24097557193352,2,simulated
simulated,3,basic,yes,253.2230131941173,2,simulated
simulated,3,basic,yes,253.26993435347592,2,simulated
simulated,3,basic,yes,253.16926418870693,2,simulated
simulated,3,basic,yes,253.27257593723985,2,simulated
simulated,3,basic,yes,253.241898338775,2,simulated
simulated,3,basic,yes,253.2273688211977,2,simulated
simulated,3,basic,yes,253.16980243137493,2,simulated
simulated,3,basic,yes,253.22868591802813,2,simulated
simulated,3,basic,yes,253.20475963782044,2,simulated
simulated,3,basic,yes,253.27987001689075,2,simulated
simulated,3,basic,yes,253.24205443892606,2,simulated
simulated,3,basic,yes,253.2023569094789,2,simulated
simulated,3,basic,yes,253.1355818679724,2,simulated
simulated,0,sub,yes,817.1046468401372,2,simulated
simulated,0,sub,yes,816.949420335732,2,simulated
simulated,0,sub,yes,817.027744373778,2,simulated
simulated,0,sub,yes,816.9735297794194,2,simulated
simulated,0,sub,yes,816.9450135274934,2,simulated
simulated,0,sub,yes,816.9447760680476,2,simulated
simulated,0,sub,yes,816.8852807217485,2,simulated
simulated,0,sub,yes,816.9801241606103,2,simulated
simulated,0,sub,yes,817.0064137733616,2,simulated
simulated,0,sub,yes,816.9064213863481,2,simulated
simulated,0,sub,yes,816.9190159229478,2,simulated
simulated,0,sub,yes,817.1013517550983,2,simulated
simulated,0,sub,yes,816.9548167489379,2,simulated
simulated,0,sub,yes,816.9384495084067,2,simulated
simulated,0,sub,yes,817.0867333705579,2,simulated
simulated,0,sub,yes,816.9918894066449,2,simulated
simulated,0,sub,yes,816.7808661718833,2,simulated
simulated,0,sub,yes,817.0087753951462,2,simulated
simulated,0,sub,yes,816.8755525076194,2,simulated
simulated,0,sub,yes,817.0984850531056,2,simulated
simulated,0,sub,yes,817.0921010646935,2,simulated
simulated,0,sub,yes,816.9893568875887,2,simulated
simulated,0,sub,yes,816.9077646720283,2,simulated
simulated,0,sub,yes,816.9860108549191,2,simulated
simulated,0,sub,yes,817.0229042557745,2,simulated
simulated,0,sub,yes,817.1467066348753,2,simulated
simulated,0,sub,yes,817.0080431023315,2,simulated
simulated,0,sub,yes,816.8354348160897,2,simulated
simulated,0,sub,yes,816.9515811764841,2,simulated
simulated,0,sub,yes,816.8830157777448,2,simulated
simulated,0,sub,yes,816.967679909643,2,simulated
simulated,0,sub,yes,816.9183681032259,2,simulated
simulated,0,sub,yes,817.0724762399203,2,simulated
simulated,0,sub,yes,816.98731736952,2,simulated
simulated,0,sub,yes,816.8722878769779,2,simulated
simulated,0,sub,yes,816.918232682097,2,simulated
simulated,0,sub,yes,816.9593935966595,2,simulated
simulated,0,sub,yes,816.9981405788866,2,simulated
simulated,0,sub,no,816.9435603321589,2,simulated
simulated,0,sub,yes,817.0426525789319,2,simulated
simulated,0,sub,yes,817.0109037549355,2,simulated
simulated,0,sub,yes,817.0639406500917,2,simulated
simulated,0,sub,yes,817.1939181142471,2,simulated
simulated,0,sub,yes,816.9754882468218,2,simulated
simulated,0,sub,yes,817.0025750935787,2,simulated
simulated,0,sub,yes,816.8609897586235,2,simulated
simulated,0,sub,yes,816.9643894197546,2,simulated
simulated,0,sub,yes,817.031312438498,2,simulated
simulated,0,sub,yes,817.0839795010569,2,simulated
simulated,0,sub,yes,816.9708091392517,2,simulated
simulated,1,sub,yes,817.0119350114447,2,simulated
simulated,1,sub,yes,816.7183217909633,2,simulated
simulated,1,sub,yes,816.9331466746579,2,simulated
simulated,1,sub,yes,816.760005022573,2,simulated
simulated,1,sub,yes,817.1532710336771,2,simulated
simulated,1,sub,yes,816.919086935212,2,simulated
simulated,1,sub,yes,817.0642762825227,2,simulated
simulated,1,sub,yes,816.8615066387829,2,simulated
simulated,1,sub,yes,816.8097130124643,2,simulated
simulated,1,sub,yes,817.0159528630004,2,simulated
simulated,1,sub,yes,817.0500801248022,2,simulated
simulated,1,sub,yes,816.818885178393,2,simulated
simulated,1,sub,yes,816.9556922627456,2,simulated
simulated,1,sub,yes,817.0498537021139,2,simulated
simulated,1,sub,yes,817.0004032879776,2,simulated
simulated,1,sub,yes,816.8891990254375,2,simulated
simulated,1,sub,yes,816.8939094966822,2,simulated
simulated,1,sub,yes,816.9909404079293,2,simulated
simulated,1,sub,yes,817.0366008376204,2,simulated
simulated,1,sub,yes,816.8158518901032,2,simulated
simulated,1,sub,yes,817.0217255997676,2,simulated
simulated,1,sub,yes,816.8731331877118,2,simulated
simulated,1,sub,yes,816.8824831203257,2,simulated
simulated,1,sub,yes,816.9044242702294,2,simulated
simulated,1,sub,yes,817.0353598406385,2,simulated
simulated,1,sub,yes,816.9026129498327,2,simulated
simulated,1,sub,yes,816.9773943968254,2,simulated
simulated,1,sub,yes,816.8595439029395,2,simulated
simulated,1,sub,yes,817.0444596128444,2,simulated
simulated,1,sub,yes,816.9785263445776,2,simulated
simulated,1,sub,no,816.9492047118243,2,simulated
simulated,1,sub,yes,816.9895363775578,2,simulated
simulated,1,sub,yes,816.8866632085437,2,simulated
simulated,1,sub,yes,817.0221005965409,2,simulated
simulated,1,sub,yes,816.9792193401124,2,simulated
simulated,1,sub,yes,816.873315191256,2,simulated
simulated,1,sub,yes,816.9992036496265,2,simulated
simulated,1,sub,yes,816.9499153240955,2,simulated
simulated,1,sub,yes,817.049395370617,2,simulated
simulated,1,sub,yes,816.988472133989,2,simulated
simulated,1,sub,yes,816.9876732356851,2,simulated
simulated,1,sub,yes,816.9078515031521,2,simulated
simulated,1,sub,yes,816.9757217800601,2,simulated
simulated,1,sub,yes,816.8771520508479,2,simulated
simulated,1,sub,no,817.0064044093031,2,simulated
simulated,1,sub,yes,816.9611133921478,2,simulated
simulated,1,sub,yes,816.9145517176069,2,simulated
simulated,1,sub,yes,816.8336859737454,2,simulated
simulated,1,sub,yes,816.9820870723357,2,simulated
simulated,1,sub,yes,816.8949603122999,2,simulated
simulated,2,sub,yes,817.0008133786617,2,simulated
simulated,2,sub,yes,817.0240667798372,2,simulated
simulated,2,sub,yes,816.9987948541049,2,simulated
simulated,2,sub,yes,816.8915552565102,2,simulated
simulated,2,sub,yes,816.9855395055678,2,simulated
simulated,2,sub,yes,817.0140277613085,2,simulated
simulated,2,sub,yes,817.0753525523613,2,simulated
simulated,2,sub,yes,816.8945212359982,2,simulated
simulated,2,sub,yes,817.1063168161759,2,simulated
simulated,2,sub,yes,816.898672934372,2,simulated
simulated,2,sub,yes,816.9903607594864,2,simulated
simulated,2,sub,yes,816.9892860786557,2,simulated
simulated,2,sub,yes,817.035172858731,2,simulated
simulated,2,sub,yes,816.8506687703018,2,simulated
simulated,2,sub,yes,817.0669578937702,2,simulated
simulated,2,sub,yes,816.9399521571886,2,simulated
simulated,2,sub,yes,816.9658275992551,2,simulated
simulated,2,sub,yes,817.090841879215,2,simulated
simulated,2,sub,no,816.9304185745982,2,simulated
simulated,2,sub,yes,816.9063172455064,2,simulated
simulated,2,sub,yes,816.9871514530121,2,simulated
simulated,2,sub,yes,816.9228059647025,2,simulated
simulated,2,sub,yes,817.0471887597075,2,simulated
simulated,2,sub,yes,816.8903273512391,2,simulated
simulated,2,sub,yes,816.9504488939722,2,simulated
simulated,2,sub,yes,817.1060809186424,2,simulated
simulated,2,sub,yes,816.8370546231608,2,simulated
simulated,2,sub,yes,817.0988430651465,2,simulated
simulated,2,sub,yes,816.8510864889382,2,simulated
simulated,2,sub,yes,816.9357338351462,2,simulated
simulated,2,sub,yes,817.0585481378538,2,simulated
simulated,2,sub,yes,816.8122559130676,2,simulated
simulated,2,sub,yes,817.0935755331462,2,simulated
simulated,2,sub,yes,816.8861292346863,2,simulated
simulated,2,sub,yes,817.0450509176105,2,simulated
simulated,2,sub,yes,816.8566375879237,2,simulated
simulated,2,sub,yes,817.0123863233994,2,simulated
simulated,2,sub,yes,817.0324592134922,2,simulated
simulated,2,sub,yes,817.0182408120677,2,simulated
simulated,2,sub,yes,816.8228907910393,2,simulated
simulated,2,sub,yes,816.923822438546,2,simulated
simulated,2,sub,yes,816.8497176134275,2,simulated
simulated,2,sub,yes,817.0185611298297,2,simulated
simulated,2,sub,yes,817.0951093355287,2,simulated
simulated,2,sub,yes,816.9884200312242,2,simulated
simulated,2,sub,yes,816.7165618605499,2,simulated
simulated,2,sub,yes,816.9010016431782,2,simulated
simulated,2,sub,yes,817.0081238481384,2,simulated
simulated,2,sub,yes,816.9220778609663,2,simulated
simulated,2,sub,yes,817.0579847108729,2,simulated
simulated,3,sub,yes,816.978960383651,2,simulated
simulated,3,sub,yes,817.0008911733921,2,simulated
simulated,3,sub,yes,816.8556069227786,2,simulated
simulated,3,sub,yes,816.9513853406771,2,simulated
simulated,3,sub,yes,817.1681569450877,2,simulated
simulated,3,sub,yes,817.0508898541733,2,simulated
simulated,3,sub,yes,817.1965751181788,2,simulated
simulated,3,sub,yes,816.9846468798644,2,simulated
simulated,3,sub,yes,816.9400020621965,2,simulated
simulated,3,sub,yes,817.0598438335531,2,simulated
simulated,3,sub,yes,817.1635233431168,2,simulated
simulated,3,sub,yes,817.0250535319748,2,simulated
simulated,3,sub,yes,816.9869693951937,2,simulated
simulated,3,sub,yes,816.9139735862117,2,simulated
simulated,3,sub,yes,816.8534708754613,2,simulated
simulated,3,sub,yes,817.1356939412206,2,simulated
simulated,3,sub,yes,816.9854490673098,2,simulated
simulated,3,sub,yes,816.8830664260145,2,simulated
simulated,3,sub,yes,816.8974656970023,2,simulated
simulated,3,sub,yes,817.0247786525731,2,simulated
simulated,3,sub,yes,816.960642305304,2,simulated
simulated,3,sub,yes,816.90186815377,2,simulated
simulated,3,sub,yes,817.0485293111738,2,simulated
simulated,3,sub,yes,817.167267797348,2,simulated
simulated,3,sub,no,816.8574005179406,2,simulated
simulated,3,sub,yes,817.1427481406596,2,simulated
simulated,3,sub,yes,816.9774450527236,2,simulated
simulated,3,sub,yes,817.2009802257893,2,simulated
simulated,3,sub,yes,816.8994838135976,2,simulated
simulated,3,sub,no,816.9415597361764,2,simulated
simulated,3,sub,yes,817.0802374125442,2,simulated
simulated,3,sub,yes,816.9385973799655,2,simulated
simulated,3,sub,yes,817.0577101572027,2,simulated
simulated,3,sub,yes,817.0651951831644,2,simulated
simulated,3,sub,yes,817.312034129833,2,simulated
simulated,3,sub,yes,816.882827571457,2,simulated
simulated,3,sub,yes,817.1713704601157,2,simulated
simulated,3,sub,yes,816.9878703245357,2,simulated
simulated,3,sub,yes,816.9952020296439,2,simulated
simulated,3,sub,yes,816.982575520477,2,simulated
simulated,3,sub,yes,817.1672241772661,2,simulated
simulated,3,sub,yes,817.0343011324364,2,simulated
simulated,3,sub,yes,817.0373184835179,2,simulated
simulated,3,sub,yes,816.9135604315633,2,simulated
simulated,3,sub,yes,816.9968509023486,2,simulated
simulated,3,sub,yes,816.8681417627623,2,simulated
simulated,3,sub,yes,816.9215423182175,2,simulated
simulated,3,sub,yes,816.9074067971126,2,simulated
simulated,3,sub,yes,816.9453012915367,2,simulated
simulated,3,sub,yes,817.0115909815988,2,simulated
simulated,4,sub,yes,816.929370624513,2,simulated
simulated,4,sub,yes,816.9342665488043,2,simulated
simulated,4,sub,yes,816.8997293761406,2,simulated
simulated,4,sub,yes,816.8892488011583,2,simulated
simulated,4,sub,yes,816.8506730587275,2,simulated
simulated,4,sub,yes,816.801944043994,2,simulated
simulated,4,sub,yes,816.815118184157,2,simulated
simulated,4,sub,yes,816.9950116534912,2,simulated
simulated,4,sub,yes,816.8490679620708,2,simulated
simulated,4,sub,yes,816.9584687711226,2,simulated
simulated,4,sub,yes,816.993326385716,2,simulated
simulated,4,sub,yes,816.9306357818049,2,simulated
simulated,4,sub,yes,816.9714739433583,2,simulated
simulated,4,sub,yes,816.970304584508,2,simulated
simulated,4,sub,yes,816.8626394161673,2,simulated
simulated,4,sub,yes,816.7860335876927,2,simulated
simulated,4,sub,yes,816.8582060735511,2,simulated
simulated,4,sub,yes,817.0351951554643,2,simulated
simulated,4,sub,yes,816.9356864197973,2,simulated
simulated,4,sub,yes,816.7350427838952,2,simulated
simulated,4,sub,yes,816.9330484354074,2,simulated
simulated,4,sub,yes,816.9733137899285,2,simulated
simulated,4,sub,yes,816.9938344685775,2,simulated
simulated,4,sub,yes,816.9710068498696,2,simulated
simulated,4,sub,yes,817.0554436658606,2,simulated
simulated,4,sub,yes,817.0225807305922,2,simulated
simulated,4,sub,yes,817.1003632395731,2,simulated
simulated,4,sub,yes,816.8708566874196,2,simulated
simulated,4,sub,yes,816.9703533144555,2,simulated
simulated,4,sub,yes,816.9951178525313,2,simulated
simulated,4,sub,yes,816.9837826205168,2,simulated
simulated,4,sub,yes,817.017043657066,2,simulated
simulated,4,sub,yes,816.8885407128049,2,simulated
simulated,4,sub,yes,816.9425494948637,2,simulated
simulated,4,sub,yes,817.1319993351359,2,simulated
simulated,4,sub,yes,817.093664381824,2,simulated
simulated,4,sub,yes,816.8701237852313,2,simulated
simulated,4,sub,yes,817.0256600891008,2,simulated
simulated,4,sub,yes,816.9541945858122,2,simulated
simulated,4,sub,yes,817.0540989157712,2,simulated
simulated,4,sub,yes,817.1828330257636,2,simulated
simulated,4,sub,yes,817.2377906223486,2,simulated
simulated,4,sub,yes,816.9775414533276,2,simulated
simulated,4,sub,yes,816.9593388163926,2,simulated
simulated,4,sub,yes,816.9739478104754,2,simulated
simulated,4,sub,yes,817.0566732824838,2,simulated
simulated,4,sub,no,817.0105579828561,2,simulated
simulated,4,sub,yes,816.9865346373074,2,simulated
simulated,4,sub,yes,816.8935168457193,2,simulated
simulated,4,sub,yes,817.1036637843229,2,simulated
simulated,5,sub,yes,816.8925492557794,2,simulated
simulated,5,sub,no,816.9989860566704,2,simulated
simulated,5,sub,yes,816.9264303545897,2,simulated
simulated,5,sub,yes,816.8886749978698,2,simulated
simulated,5,sub,yes,816.8830611639314,2,simulated
simulated,5,sub,yes,816.9315771579088,2,simulated
simulated,5,sub,yes,817.0301457565201,2,simulated
simulated,5,sub,yes,816.9509917700423,2,simulated
simulated,5,sub,yes,816.8266653718251,2,simulated
simulated,5,sub,yes,816.9836521002318,2,simulated
simulated,5,sub,yes,816.9603343773387,2,simulated
simulated,5,sub,yes,816.9248556211438,2,simulated
simulated,5,sub,yes,816.8851929887032,2,simulated
simulated,5,sub,yes,817.1618734271896,2,simulated
simulated,5,sub,yes,816.9271523178819,2,simulated
simulated,5,sub,yes,817.046024529451,2,simulated
simulated,5,sub,yes,816.8674536854892,2,simulated
simulated,5,sub,yes,816.9490537726945,2,simulated
simulated,5,sub,yes,816.942141430894,2,simulated
simulated,5,sub,yes,816.9163339018917,2,simulated
simulated,5,sub,yes,816.8580340947185,2,simulated
simulated,5,sub,yes,817.1743426078252,2,simulated
simulated,5,sub,yes,816.8478559655321,2,simulated
simulated,5,sub,no,816.9585824168645,2,simulated
simulated,5,sub,no,817.0564082541053,2,simulated
simulated,5,sub,yes,817.2024554985431,2,simulated
simulated,5,sub,yes,816.8392270535915,2,simulated
simulated,5,sub,yes,817.0864079218028,2,simulated
simulated,5,sub,yes,817.1452959465081,2,simulated
simulated,5,sub,yes,817.1009609960694,2,simulated
simulated,5,sub,yes,817.0753285954687,2,simulated
simulated,5,sub,yes,817.0251736774524,2,simulated
simulated,5,sub,yes,817.1244450647698,2,simulated
simulated,5,sub,yes,816.9477526945745,2,simulated
simulated,5,sub,yes,816.9641125061596,2,simulated
simulated,5,sub,yes,817.069479767722,2,simulated
simulated,5,sub,yes,816.966046872571,2,simulated
simulated,5,sub,yes,816.9809895093655,2,simulated
simulated,5,sub,yes,817.1022178216613,2,simulated
simulated,5,sub,yes,816.7234974168313,2,simulated
simulated,5,sub,yes,816.976968302531,2,simulated
simulated,5,sub,yes,817.2534381372767,2,simulated
simulated,5,sub,yes,817.1202376725405,2,simulated
simulated,5,sub,yes,816.9014681752157,2,simulated
simulated,5,sub,yes,817.0203994660267,2,simulated
simulated,5,sub,yes,817.0987794734531,2,simulated
simulated,5,sub,yes,816.9922154169758,2,simulated
simulated,5,sub,yes,816.9009337149687,2,simulated
simulated,5,sub,yes,816.9988162093615,2,simulated
simulated,5,sub,yes,816.9113722292857,2,simulated
simulated,6,sub,yes,817.0571026403417,2,simulated
simulated,6,sub,yes,817.0850723088062,2,simulated
simulated,6,sub,yes,816.9967657593693,2,simulated
simulated,6,sub,yes,816.8104602672814,2,simulated
simulated,6,sub,yes,817.0806367063411,2,simulated
simulated,6,sub,yes,817.0568199362816,2,simulated
simulated,6,sub,yes,817.06246136034,2,simulated
simulated,6,sub,yes,816.9248344998974,2,simulated
simulated,6,sub,yes,817.0344663871825,2,simulated
simulated,6,sub,yes,816.9515964693556,2,simulated
simulated,6,sub,yes,816.8893261267145,2,simulated
simulated,6,sub,yes,817.072866367219,2,simulated
simulated,6,sub,yes,816.9561386591266,2,simulated
simulated,6,sub,yes,817.0367971202822,2,simulated
simulated,6,sub,yes,816.8489859138124,2,simulated
simulated,6,sub,yes,816.9276520538227,2,simulated
simulated,6,sub,yes,816.9553274074984,2,simulated
simulated,6,sub,yes,816.9954862113497,2,simulated
simulated,6,sub,yes,816.9503197785781,2,simulated
simulated,6,sub,yes,817.039771800041,2,simulated
simulated,6,sub,yes,816.8308094759633,2,simulated
simulated,6,sub,yes,816.9868649023975,2,simulated
simulated,6,sub,yes,816.9596367130143,2,simulated
simulated,6,sub,yes,816.8478544368995,2,simulated
simulated,6,sub,yes,816.9617207456738,2,simulated
simulated,6,sub,yes,816.8060117247743,2,simulated
simulated,6,sub,yes,816.7152817937596,2,simulated
simulated,6,sub,yes,817.064208480414,2,simulated
simulated,6,sub,yes,817.0783826624136,2,simulated
simulated,6,sub,yes,816.9175611341489,2,simulated
simulated,6,sub,yes,816.8131636397015,2,simulated
simulated,6,sub,yes,816.9411750962158,2,simulated
simulated,6,sub,no,816.9663761888796,2,simulated
simulated,6,sub,yes,817.0251292903156,2,simulated
simulated,6,sub,yes,817.043064709794,2,simulated
simulated,6,sub,yes,816.9605149462286,2,simulated
simulated,6,sub,yes,817.1991387525198,2,simulated
simulated,6,sub,yes,817.0627110499152,2,simulated
simulated,6,sub,yes,816.973518416334,2,simulated
simulated,6,sub,yes,816.9273271199071,2,simulated
simulated,6,sub,yes,817.1405158725155,2,simulated
simulated,6,sub,yes,816.9957025070081,2,simulated
simulated,6,sub,yes,816.9420022108633,2,simulated
simulated,6,sub,yes,817.0653193853744,2,simulated
simulated,6,sub,yes,816.9730672948651,2,simulated
simulated,6,sub,yes,817.0609795786006,2,simulated
simulated,6,sub,yes,816.9911876868152,2,simulated
simulated,6,sub,yes,817.0408071116016,2,simulated
simulated,6,sub,yes,817.1176931951987,2,simulated
simulated,6,sub,yes,816.9837933057165,2,simulated
simulated,7,sub,yes,816.8316097359234,2,simulated
simulated,7,sub,yes,816.9259082421316,2,simulated
simulated,7,sub,yes,816.9131497093574,2,simulated
simulated,7,sub,yes,816.9575135883475,2,simulated
simulated,7,sub,yes,816.8901240578562,2,simulated
simulated,7,sub,yes,816.9090838550613,2,simulated
simulated,7,sub,yes,817.1211910165085,2,simulated
simulated,7,sub,yes,816.8294355470617,2,simulated
simulated,7,sub,yes,816.9766589969954,2,simulated
simulated,7,sub,yes,817.097181739756,2,simulated
simulated,7,sub,yes,816.939039327907,2,simulated
simulated,7,sub,no,817.0150008322889,2,simulated
simulated,7,sub,yes,817.0025706986066,2,simulated
simulated,7,sub,yes,817.1174919037082,2,simulated
simulated,7,sub,yes,816.8699444977303,2,simulated
simulated,7,sub,yes,817.0238602660248,2,simulated
simulated,7,sub,yes,817.0745700848335,2,simulated
simulated,7,sub,yes,816.836524540426,2,simulated
simulated,7,sub,yes,817.0218575058142,2,simulated
simulated,7,sub,yes,817.0062185031632,2,simulated
simulated,7,sub,yes,817.0704434035543,2,simulated
simulated,7,sub,yes,816.8751482152837,2,simulated
simulated,7,sub,yes,816.9943136028248,2,simulated
simulated,7,sub,yes,817.0318571483621,2,simulated
simulated,7,sub,yes,816.9962199899638,2,simulated
simulated,7,sub,yes,816.8725069422294,2,simulated
simulated,7,sub,yes,816.8277921072051,2,simulated
simulated,7,sub,yes,816.8436080173369,2,simulated
simulated,7,sub,yes,816.9143390461215,2,simulated
simulated,7,sub,yes,817.0012797679075,2,simulated
simulated,7,sub,yes,817.1110382509381,2,simulated
simulated,7,sub,yes,816.977087353036,2,simulated
simulated,7,sub,yes,816.9900906488168,2,simulated
simulated,7,sub,yes,816.9087559164955,2,simulated
simulated,7,sub,yes,816.9830382045989,2,simulated
simulated,7,sub,yes,816.8556976196162,2,simulated
simulated,7,sub,yes,816.9757955719895,2,simulated
simulated,7,sub,yes,816.9323688678884,2,simulated
simulated,7,sub,yes,817.0118219917266,2,simulated
simulated,7,sub,yes,816.9286347123699,2,simulated
simulated,7,sub,yes,817.0720045700082,2,simulated
simulated,7,sub,yes,817.1463947630402,2,simulated
simulated,7,sub,yes,816.953072323352,2,simulated
simulated,7,sub,yes,816.9673840426884,2,simulated
simulated,7,sub,yes,817.1443636388485,2,simulated
simulated,7,sub,yes,816.8950292099175,2,simulated
simulated,7,sub,yes,816.9714625166913,2,simulated
simulated,7,sub,yes,816.9904306260705,2,simulated
simulated,7,sub,yes,817.0126228579275,2,simulated
simulated,7,sub,yes,816.9716140281963,2,simulated
simulated,0,super,yes,85.62412229932612,3,simulated
simulated,0,super,yes,85.64057840352969,3,simulated
simulated,0,super,yes,85.70997249908926,3,simulated
simulated,0,super,yes,85.64702012764799,3,simulated
simulated,0,super,yes,85.6204730974305,3,simulated
simulated,0,super,yes,85.654697153451,3,simulated
simulated,0,super,yes,85.69183021680357,3,simulated
simulated,0,super,yes,85.7011347957675,3,simulated
simulated,0,super,yes,85.59721355902204,3,simulated
simulated,0,super,yes,85.6529914484275,3,simulated
simulated,0,super,yes,85.69128119527277,3,simulated
simulated,0,super,yes,85.72318896796227,3,simulated
simulated,0,super,yes,85.68462006308421,3,simulated
simulated,0,super,yes,85.70698400011022,3,simulated
simulated,0,super,yes,85.67314624621075,3,simulated
simulated,0,super,yes,85.6220937126471,3,simulated
simulated,0,super,yes,85.66475732115057,3,simulated
simulated,0,super,yes,85.63408593698668,3,simulated
simulated,0,super,yes,85.69189080922385,3,simulated
simulated,0,super,yes,85.67627120834945,3,simulated
simulated,0,super,yes,85.64504206499325,3,simulated
simulated,0,super,yes,85.71987066374635,3,simulated
simulated,0,super,yes,85.6042390047198,3,simulated
simulated,0,super,yes,85.69260798656579,3,simulated
simulated,0,super,yes,85.6371425656729,3,simulated
simulated,0,super,yes,85.59300746113952,3,simulated
simulated,0,super,yes,85.67074661036449,3,simulated
simulated,0,super,yes,85.66194914182371,3,simulated
simulated,0,super,yes,85.65651100429042,3,simulated
simulated,0,super,yes,85.70833570589558,3,simulated
simulated,0,super,yes,85.61143540324377,3,simulated
simulated,0,super,yes,85.71108839254256,3,simulated
simulated,0,super,yes,85.6724311392892,3,simulated
simulated,0,super,yes,85.63088352492396,3,simulated
simulated,0,super,yes,85.6719569130163,3,simulated
simulated,0,super,yes,85.63410273450756,3,simulated
simulated,0,super,yes,85.67804907630156,3,simulated
simulated,0,super,yes,85.7131781707339,3,simulated
simulated,0,super,yes,85.65866682049605,3,simulated
simulated,0,super,yes,85.6093242840644,3,simulated
simulated,0,super,yes,85.61768485722214,3,simulated
simulated,0,super,yes,85.67455841370187,3,simulated
simulated,0,super,yes,85.64424404483883,3,simulated
simulated,0,super,yes,85.72008131033832,3,simulated
simulated,0,super,yes,85.63268496948996,3,simulated
simulated,0,super,yes,85.65926240262876,3,simulated
simulated,0,super,yes,85.68884614760823,3,simulated
simulated,0,super,yes,85.67715238138972,3,simulated
simulated,0,super,yes,85.67339270230013,3,simulated
simulated,0,super,yes,85.59891316716825,3,simulated
simulated,0,super,yes,85.61835297841297,3,simulated
simulated,0,super,yes,85.60492420004361,3,simulated
simulated,0,super,yes,85.68165839971606,3,simulated
simulated,0,super,yes,85.73373812047429,3,simulated
simulated,0,super,yes,85.64671375033016,3,simulated
simulated,0,super,yes,85.62634404621915,3,simulated
simulated,0,super,yes,85.68339357347477,3,simulated
simulated,0,super,yes,85.6614194155587,3,simulated
simulated,0,super,yes,85.67486182052527,3,simulated
simulated,0,super,yes,85.61031540078153,3,simulated
simulated,0,super,yes,85.66671609574303,3,simulated
simulated,0,super,yes,85.66797931273526,3,simulated
simulated,0,super,yes,85.70474586333762,3,simulated
simulated,0,super,yes,85.64763197902909,3,simulated
simulated,0,super,yes,85.62578498476661,3,simulated
simulated,0,super,yes,85.6634836514823,3,simulated
simulated,0,super,yes,85.72271019335548,3,simulated
simulated,0,super,yes,85.68919034439108,3,simulated
simulated,0,super,yes,85.63104058140985,3,simulated
simulated,0,super,yes,85.66854926817241,3,simulated
simulated,0,super,yes,85.64763046561494,3,simulated
simulated,0,super,yes,85.66013519731065,3,simulated
simulated,0,super,yes,85.69852366260733,3,simulated
simulated,0,super,yes,85.7229172558019,3,simulated
simulated,0,super,yes,85.6443316723859,3,simulated
simulated,0,super,yes,85.65810567482498,3,simulated
simulated,0,super,yes,85.69764593383262,3,simulated
simulated,0,super,yes,85.66843651966339,3,simulated
simulated,0,super,yes,85.76744879768523,3,simulated
simulated,0,super,yes,85.66987669679287,3,simulated
simulated,0,super,yes,85.65153158289371,3,simulated
simulated,0,super,yes,85.67572903127642,3,simulated
simulated,0,super,yes,85.63976856409379,3,simulated
simulated,0,super,yes,85.57144521055794,3,simulated
simulated,0,super,yes,85.71473344165287,3,simulated
simulated,0,super,yes,85.68718191423122,3,simulated
simulated,0,super,yes,85.71678740992428,3,simulated
simulated,0,super,yes,85.6495980806034,3,simulated
simulated,0,super,yes,85.70320501808645,3,simulated
simulated,0,super,yes,85.674201899664,3,simulated
simulated,0,super,yes,85.6880902369006,3,simulated
simulated,0,super,yes,85.67947677708894,3,simulated
simulated,0,super,yes,85.73365943280324,3,simulated
simulated,0,super,yes,85.65528824816684,3,simulated
simulated,0,super,yes,85.73398494397489,3,simulated
simulated,0,super,yes,85.63415077228481,3,simulated
simulated,0,super,yes,85.77127907643826,3,simulated
simulated,0,super,yes,85.70672365214186,3,simulated
simulated,0,super,yes,85.6246940597451,3,simulated
simulated,0,super,yes,85.57109389140435,3,simulated
simulated,0,super,yes,85.64746823293258,3,simulated
simulated,0,super,yes,85.74079929546264,3,simulated
simulated,0,super,yes,85.65032166610754,3,simulated
simulated,0,super,yes,85.60192957319819,3,simulated
simulated,0,super,yes,85.71907438893172,3,simulated
simulated,0,super,yes,85.6741265955984,3,simulated
simulated,0,super,yes,85.69196077023572,3,simulated
simulated,0,super,yes,85.60991235911165,3,simulated
simulated,0,super,yes,85.69786943578829,3,simulated
simulated,0,super,yes,85.69173182778292,3,simulated
simulated,0,super,yes,85.63385759312368,3,simulated
simulated,0,super,yes,85.72662428291731,3,simulated
simulated,0,super,yes,85.5979823420499,3,simulated
simulated,0,super,yes,85.6790733890956,3,simulated
simulated,0,super,yes,85.63721150930536,3,simulated
simulated,0,super,yes,85.58826546410853,3,simulated
simulated,0,super,yes,85.5971137423704,3,simulated
simulated,0,super,yes,85.6856211536329,3,simulated
simulated,0,super,yes,85.72316511016588,3,simulated
simulated,0,super,yes,85.69534542517334,3,simulated
simulated,0,super,yes,85.68295803803744,3,simulated
simulated,0,super,yes,85.65473004951478,3,simulated
simulated,0,super,yes,85.67347191800667,3,simulated
simulated,0,super,yes,85.66725474216702,3,simulated
simulated,0,super,yes,85.57988468841617,3,simulated
simulated,0,super,yes,85.62797759226267,3,simulated
simulated,0,super,yes,85.62681378143283,3,simulated
simulated,0,super,yes,85.60516606498612,3,simulated
simulated,0,super,yes,85.65762278206087,3,simulated
simulated,0,super,yes,85.61688342576734,3,simulated
simulated,0,super,yes,85.682129115841,3,simulated
simulated,0,super,yes,85.68581818995769,3,simulated
simulated,0,super,yes,85.61471974568052,3,simulated
simulated,0,super,yes,85.64815441089068,3,simulated
simulated,0,super,yes,85.64085817487612,3,simulated
simulated,0,super,yes,85.58047484302074,3,simulated
simulated,0,super,yes,85.67544105507315,3,simulated
simulated,0,super,yes,85.67857037792339,3,simulated
simulated,0,super,yes,85.6245441956624,3,simulated
simulated,0,super,yes,85.6305817196186,3,simulated
simulated,0,super,yes,85.68460394086073,3,simulated
simulated,0,super,yes,85.61581830089625,3,simulated
simulated,0,super,yes,85.66876818820398,3,simulated
simulated,0,super,yes,85.64105690440424,3,simulated
simulated,0,super,yes,85.64016670565937,3,simulated
simulated,0,super,yes,85.64260638570353,3,simulated
simulated,0,super,yes,85.58424211746545,3,simulated
simulated,0,super,yes,85.63094834489532,3,simulated
simulated,0,super,yes,85.64973884501205,3,simulated
simulated,0,super,yes,85.6618766960075,3,simulated
simulated,0,super,yes,85.68795960180223,3,simulated
simulated,0,super,yes,85.62445968526268,3,simulated
simulated,0,super,yes,85.73160942821649,3,simulated
simulated,0,super,yes,85.63740988545271,3,simulated
simulated,0,super,yes,85.74633602747824,3,simulated
simulated,0,super,yes,85.62671178005206,3,simulated
simulated,0,super,yes,85.69335061132185,3,simulated
simulated,0,super,yes,85.62521175886044,3,simulated
simulated,0,super,yes,85.61288886171408,3,simulated
simulated,0,super,yes,85.66505066751857,3,simulated
simulated,0,super,yes,85.63825128888908,3,simulated
simulated,0,super,yes,85.6913288016743,3,simulated
simulated,0,super,yes,85.64855535286942,3,simulated
simulated,0,super,yes,85.63193128322021,3,simulated
simulated,0,super,yes,85.65821922573093,3,simulated
simulated,0,super,yes,85.63577992846747,3,simulated
simulated,0,super,yes,85.60728249048498,3,simulated
simulated,0,super,yes,85.65400653389986,3,simulated
simulated,0,super,yes,85.71786725985484,3,simulated
simulated,0,super,yes,85.69543968632692,3,simulated
simulated,0,super,yes,85.71571994318195,3,simulated
simulated,0,super,yes,85.63703193052987,3,simulated
simulated,0,super,yes,85.66846616018405,3,simulated
simulated,0,super,yes,85.58222263818256,3,simulated
simulated,0,super,yes,85.60792466758043,3,simulated
simulated,0,super,yes,85.71340383764624,3,simulated
simulated,0,super,yes,85.68357707410077,3,simulated
simulated,0,super,yes,85.62198023694182,3,simulated
simulated,0,super,yes,85.6250709266598,3,simulated
simulated,0,super,yes,85.66349197922547,3,simulated
simulated,0,super,yes,85.67175169170707,3,simulated
simulated,0,super,yes,85.69136633762888,3,simulated
simulated,0,super,yes,85.67583242544708,3,simulated
simulated,0,super,yes,85.66048372751168,3,simulated
simulated,0,super,yes,85.62101945606656,3,simulated
simulated,0,super,yes,85.7049950366937,3,simulated
simulated,0,super,yes,85.59469269171001,3,simulated
simulated,0,super,yes,85.69606081092783,3,simulated
simulated,0,super,yes,85.67101707633964,3,simulated
simulated,0,super,yes,85.69190720694304,3,simulated
simulated,0,super,yes,85.64530274568205,3,simulated
simulated,0,super,yes,85.6139250702871,3,simulated
simulated,0,super,yes,85.6009873151836,3,simulated
simulated,0,super,yes,85.60919869498326,3,simulated
simulated,0,super,yes,85.64496716965768,3,simulated
simulated,0,super,yes,85.66491420060203,3,simulated
simulated,0,super,yes,85.75740498448823,3,simulated
simulated,0,super,yes,85.63149254494027,3,simulated
simulated,0,super,yes,85.66860547057456,3,simulated
simulated,0,super,yes,85.63437950300926,3,simulated
simulated,1,super,yes,85.67232686461334,3,simulated
simulated,1,super,yes,85.66379562282236,3,simulated
simulated,1,super,yes,85.67088656106101,3,simulated
simulated,1,super,yes,85.62360396848882,3,simulated
simulated,1,super,yes,85.63963290888967,3,simulated
simulated,1,super,yes,85.66282140254161,3,simulated
simulated,1,super,yes,85.62271020686669,3,simulated
simulated,1,super,yes,85.64661054772114,3,simulated
simulated,1,super,yes,85.6760617165068,3,simulated
simulated,1,super,yes,85.65420228345273,3,simulated
simulated,1,super,yes,85.65434739264663,3,simulated
simulated,1,super,yes,85.64996729436503,3,simulated
simulated,1,super,yes,85.71059169986334,3,simulated
simulated,1,super,yes,85.63274113463764,3,simulated
simulated,1,super,yes,85.68291716261105,3,simulated
simulated,1,super,yes,85.62459181704294,3,simulated
simulated,1,super,yes,85.6479178902572,3,simulated
simulated,1,super,yes,85.60053763408195,3,simulated
simulated,1,super,yes,85.69965110693333,3,simulated
simulated,1,super,yes,85.70433845094725,3,simulated
simulated,1,super,yes,85.63983905473492,3,simulated
simulated,1,super,yes,85.76353038772172,3,simulated
simulated,1,super,yes,85.62022698279772,3,simulated
simulated,1,super,yes,85.6672559976886,3,simulated
simulated,1,super,yes,85.6982573812459,3,simulated
simulated,1,super,yes,85.61803798962463,3,simulated
simulated,1,super,yes,85.65482942615787,3,simulated
simulated,1,super,yes,85.6477422275822,3,simulated
simulated,1,super,yes,85.66949825469905,3,simulated
simulated,1,super,yes,85.67255977268817,3,simulated
simulated,1,super,yes,85.6685939896262,3,simulated
simulated,1,super,yes,85.64445756440156,3,simulated
simulated,1,super,yes,85.70756876246574,3,simulated
simulated,1,super,yes,85.65387809897089,3,simulated
simulated,1,super,yes,85.72216767997973,3,simulated
simulated,1,super,yes,85.6399826472774,3,simulated
simulated,1,super,yes,85.69210527308395,3,simulated
simulated,1,super,yes,85.69408668390511,3,simulated
simulated,1,super,yes,85.62803740450661,3,simulated
simulated,1,super,yes,85.68523846155315,3,simulated
simulated,1,super,yes,85.63915764656205,3,simulated
simulated,1,super,yes,85.63436548398128,3,simulated
simulated,1,super,yes,85.63546488049526,3,simulated
simulated,1,super,yes,85.70999297215842,3,simulated
simulated,1,super,yes,85.70869322695414,3,simulated
simulated,1,super,yes,85.65367032596573,3,simulated
simulated,1,super,yes,85.66554721867831,3,simulated
simulated,1,super,yes,85.60656885174951,3,simulated
simulated,1,super,yes,85.64601795497897,3,simulated
simulated,1,super,yes,85.70953096206588,3,simulated
simulated,1,super,yes,85.56996858781973,3,simulated
simulated,1,super,yes,85.70822439035801,3,simulated
simulated,1,super,yes,85.6265496467699,3,simulated
simulated,1,super,yes,85.70893630486879,3,simulated
simulated,1,super,yes,85.67471474895542,3,simulated
simulated,1,super,yes,85.71169413018836,3,simulated
simulated,1,super,yes,85.6420252322547,3,simulated
simulated,1,super,yes,85.68929563364112,3,simulated
simulated,1,super,yes,85.69522034341716,3,simulated
simulated,1,super,yes,85.72103525485068,3,simulated
simulated,1,super,yes,85.67558954045792,3,simulated
simulated,1,super,yes,85.70878631954167,3,simulated
simulated,1,super,yes,85.65072840257098,3,simulated
simulated,1,super,yes,85.7438654506561,3,simulated
simulated,1,super,yes,85.6414051481084,3,simulated
simulated,1,super,yes,85.63407369734112,3,simulated
simulated,1,super,yes,85.58237821502267,3,simulated
simulated,1,super,yes,85.6583849661537,3,simulated
simulated,1,super,yes,85.6455498891832,3,simulated
simulated,1,super,yes,85.75020131371039,3,simulated
simulated,1,super,yes,85.62822303147777,3,simulated
simulated,1,super,yes,85.71425957419507,3,simulated
simulated,1,super,yes,85.69763461038114,3,simulated
simulated,1,super,yes,85.66102471362426,3,simulated
simulated,1,super,yes,85.66983491550621,3,simulated
simulated,1,super,yes,85.65196588813389,3,simulated
simulated,1,super,yes,85.74355765959218,3,simulated
simulated,1,super,yes,85.64606623167755,3,simulated
simulated,1,super,yes,85.67152070646782,3,simulated
simulated,1,super,yes,85.75518084050728,3,simulated
simulated,1,super,yes,85.7093229068097,3,simulated
simulated,1,super,yes,85.66222382682334,3,simulated
simulated,1,super,yes,85.65658740770269,3,simulated
simulated,1,super,yes,85.68487037619413,3,simulated
simulated,1,super,yes,85.66722080299344,3,simulated
simulated,1,super,yes,85.69000509612944,3,simulated
simulated,1,super,yes,85.69281126208607,3,simulated
simulated,1,super,yes,85.66511622194916,3,simulated
simulated,1,super,yes,85.6908210716532,3,simulated
simulated,1,super,yes,85.70653322792671,3,simulated
simulated,1,super,yes,85.65394711511492,3,simulated
simulated,1,super,yes,85.72822776125604,3,simulated
simulated,1,super,yes,85.68659146228194,3,simulated
simulated,1,super,yes,85.66044744161321,3,simulated
simulated,1,super,yes,85.72121892043539,3,simulated
simulated,1,super,yes,85.62040408832148,3,simulated
simulated,1,super,yes,85.65628223071414,3,simulated
simulated,1,super,yes,85.67901871951773,3,simulated
simulated,1,super,yes,85.65244537053822,3,simulated
simulated,1,super,yes,85.65045966132827,3,simulated
simulated,1,super,yes,85.65689060265716,3,simulated
simulated,1,super,yes,85.64730949565127,3,simulated
simulated,1,super,yes,85.64991529756998,3,simulated
simulated,1,super,yes,85.60569618002019,3,simulated
simulated,1,super,yes,85.564624403326,3,simulated
simulated,1,super,yes,85.64250740520787,3,simulated
simulated,1,super,yes,85.68304360129754,3,simulated
simulated,1,super,yes,85.66954623729625,3,simulated
simulated,1,super,yes,85.60760789311895,3,simulated
simulated,1,super,yes,85.58951008953642,3,simulated
simulated,1,super,yes,85.64315080921666,3,simulated
simulated,1,super,yes,85.68492339311787,3,simulated
simulated,1,super,yes,85.67336308476584,3,simulated
simulated,1,super,yes,85.65525782101172,3,simulated
simulated,1,super,yes,85.68461271964226,3,simulated
simulated,1,super,yes,85.64157913400251,3,simulated
simulated,1,super,yes,85.6567213429903,3,simulated
simulated,1,super,yes,85.68183701823997,3,simulated
simulated,1,super,yes,85.65191459992091,3,simulated
simulated,1,super,yes,85.67811586569385,3,simulated
simulated,1,super,yes,85.72528116351411,3,simulated
simulated,1,super,yes,85.66447289334079,3,simulated
simulated,1,super,yes,85.59078625657375,3,simulated
simulated,1,super,yes,85.70211024681437,3,simulated
simulated,1,super,yes,85.62524274930026,3,simulated
simulated,1,super,yes,85.73551438357237,3,simulated
simulated,1,super,yes,85.66196653361094,3,simulated
simulated,1,super,yes,85.62684156862335,3,simulated
simulated,1,super,yes,85.62223589467885,3,simulated
simulated,1,super,yes,85.64555046733929,3,simulated
simulated,1,super,yes,85.71485484491721,3,simulated
simulated,1,super,yes,85.70447015023818,3,simulated
simulated,1,super,yes,85.71519238707229,3,simulated
simulated,1,super,yes,85.6569098742876,3,simulated
simulated,1,super,yes,85.65184825335136,3,simulated
simulated,1,super,yes,85.59888332597048,3,simulated
simulated,1,super,yes,85.72414263702098,3,simulated
simulated,1,super,yes,85.76787473278587,3,simulated
simulated,1,super,yes,85.62600622685757,3,simulated
simulated,1,super,yes,85.61503996206885,3,simulated
simulated,1,super,yes,85.69757942081137,3,simulated
simulated,1,super,yes,85.71910159198572,3,simulated
simulated,1,super,yes,85.64587912711195,3,simulated
simulated,1,super,yes,85.62623226968766,3,simulated
simulated,1,super,yes,85.68201647051761,3,simulated
simulated,1,super,yes,85.67073276894536,3,simulated
simulated,1,super,yes,85.64556727519958,3,simulated
simulated,1,super,yes,85.71780749274404,3,simulated
simulated,1,super,yes,85.65607749142262,3,simulated
simulated,1,super,yes,85.65254141814319,3,simulated
simulated,1,super,yes,85.69437440988418,3,simulated
simulated,1,super,yes,85.68409879934045,3,simulated
simulated,1,super,yes,85.68780841082344,3,simulated
simulated,1,super,yes,85.75217751196526,3,simulated
simulated,1,super,yes,85.74783377270609,3,simulated
simulated,1,super,yes,85.61988308169288,3,simulated
simulated,1,super,yes,85.64129943237361,3,simulated
simulated,1,super,yes,85.56413466234575,3,simulated
simulated,1,super,yes,85.66428954365038,3,simulated
simulated,1,super,yes,85.65565016919201,3,simulated
simulated,1,super,yes,85.72100777783608,3,simulated
simulated,1,super,yes,85.68029468602116,3,simulated
simulated,1,super,yes,85.70659363317597,3,simulated
simulated,1,super,yes,85.66217013946412,3,simulated
simulated,1,super,yes,85.67123515196795,3,simulated
simulated,1,super,yes,85.65612855354804,3,simulated
simulated,1,super,yes,85.69774141042764,3,simulated
simulated,1,super,yes,85.64683586189643,3,simulated
simulated,1,super,yes,85.65248719761097,3,simulated
simulated,1,super,yes,85.64697882106725,3,simulated
simulated,1,super,yes,85.66335198843433,3,simulated
simulated,1,super,yes,85.65546335782349,3,simulated
simulated,1,super,yes,85.74403302608967,3,simulated
simulated,1,super,yes,85.6326077132263,3,simulated
simulated,1,super,yes,85.65559990246624,3,simulated
simulated,1,super,yes,85.59677774358164,3,simulated
simulated,1,super,yes,85.69998511416159,3,simulated
simulated,1,super,yes,85.66755659994637,3,simulated
simulated,1,super,yes,85.64416625194288,3,simulated
simulated,1,super,yes,85.68493883975404,3,simulated
simulated,1,super,yes,85.59040641652237,3,simulated
simulated,1,super,yes,85.6467303760871,3,simulated
simulated,1,super,yes,85.7227291061414,3,simulated
simulated,1,super,yes,85.66092336380045,3,simulated
simulated,1,super,yes,85.63836818463135,3,simulated
simulated,1,super,yes,85.61549462855285,3,simulated
simulated,1,super,yes,85.71436117536376,3,simulated
simulated,1,super,yes,85.61141303586646,3,simulated
simulated,1,super,yes,85.64560671055204,3,simulated
simulated,1,super,yes,85.66798094737959,3,simulated
simulated,1,super,yes,85.74060553640697,3,simulated
simulated,1,super,yes,85.63543559808933,3,simulated
simulated,1,super,yes,85.61105863539088,3,simulated
simulated,1,super,yes,85.65543655698649,3,simulated
simulated,1,super,yes,85.67956016537997,3,simulated
simulated,1,super,yes,85.72659468902258,3,simulated
simulated,1,super,yes,85.73568611651147,3,simulated
simulated,1,super,yes,85.64466361797788,3,simulated
simulated,1,super,yes,85.68338252816191,3,simulated
simulated,1,super,yes,85.60839781051794,3,simulated
simulated,0,basic,yes,253.22367610562273,3,simulated
simulated,0,basic,yes,253.241109683601,3,simulated
simulated,0,basic,yes,253.2298349906155,3,simulated
simulated,0,basic,yes,253.17643370643407,3,simulated
simulated,0,basic,yes,253.16886423597575,3,simulated
simulated,0,basic,yes,253.22834836300837,3,simulated
simulated,0,basic,yes,253.15268470006825,3,simulated
simulated,0,basic,yes,253.23649463025427,3,simulated
simulated,0,basic,yes,253.18255997066632,3,simulated
simulated,0,basic,yes,253.19727757769994,3,simulated
simulated,0,basic,yes,253.2257897425399,3,simulated
simulated,0,basic,yes,253.21756576396834,3,simulated
simulated,0,basic,yes,253.2496679352317,3,simulated
simulated,0,basic,yes,253.2445406027499,3,simulated
simulated,0,basic,yes,253.25676952180518,3,simulated
simulated,0,basic,yes,253.24859196718282,3,simulated
simulated,0,basic,yes,253.1430420516267,3,simulated
simulated,0,basic,yes,253.1860110974041,3,simulated
simulated,0,basic,yes,253.18076475993016,3,simulated
simulated,0,basic,yes,253.26147967020557,3,simulated
simulated,0,basic,yes,253.23677451071015,3,simulated
simulated,0,basic,yes,253.24435786811054,3,simulated
simulated,0,basic,yes,253.16253532592725,3,simulated
simulated,0,basic,yes,253.1305235393756,3,simulated
simulated,0,basic,yes,253.27263745925575,3,simulated
simulated,0,basic,yes,253.26083796211643,3,simulated
simulated,0,basic,yes,253.22282464954324,3,simulated
simulated,0,basic,yes,253.18196885204037,3,simulated
simulated,0,basic,yes,253.25263521479013,3,simulated
simulated,0,basic,yes,253.14313643501262,3,simulated
simulated,0,basic,yes,253.1792009799262,3,simulated
simulated,0,basic,yes,253.14405190458723,3,simulated
simulated,0,basic,yes,253.25006620684587,3,simulated
simulated,0,basic,yes,253.15208203168623,3,simulated
simulated,0,basic,yes,253.13637918948893,3,simulated
simulated,0,basic,yes,253.23067506747512,3,simulated
simulated,0,basic,yes,253.20241546020844,3,simulated
simulated,0,basic,yes,253.195461173723,3,simulated
simulated,0,basic,yes,253.1908369175039,3,simulated
simulated,0,basic,yes,253.1829342268177,3,simulated
simulated,0,basic,yes,253.24749668051953,3,simulated
simulated,0,basic,yes,253.21876900844904,3,simulated
simulated,0,basic,yes,253.2578383150985,3,simulated
simulated,0,basic,yes,253.18651902808674,3,simulated
simulated,0,basic,yes,253.2143671560302,3,simulated
simulated,0,basic,yes,253.22681918251254,3,simulated
simulated,0,basic,yes,253.23646673126174,3,simulated
simulated,0,basic,yes,253.22486248381753,3,simulated
simulated,0,basic,yes,253.21763835121544,3,simulated
simulated,0,basic,yes,253.19325125024235,3,simulated
simulated,0,basic,yes,253.21759811405295,3,simulated
simulated,0,basic,yes,253.11567663908096,3,simulated
simulated,0,basic,yes,253.2866491253041,3,simulated
simulated,0,basic,yes,253.1292333860711,3,simulated
simulated,0,basic,yes,253.24793688353245,3,simulated
simulated,0,basic,yes,253.08004209987553,3,simulated
simulated,0,basic,yes,253.13976536680323,3,simulated
simulated,0,basic,yes,253.1155508988573,3,simulated
simulated,0,basic,yes,253.12116410985618,3,simulated
simulated,0,basic,yes,253.18108608038568,3,simulated
simulated,0,basic,yes,253.23215809498987,3,simulated
simulated,0,basic,yes,253.1837548721737,3,simulated
simulated,0,basic,yes,253.19920924869072,3,simulated
simulated,0,basic,yes,253.1975410692735,3,simulated
simulated,0,basic,yes,253.19969322631093,3,simulated
simulated,0,basic,yes,253.15532179535367,3,simulated
simulated,0,basic,yes,253.22757214327612,3,simulated
simulated,0,basic,yes,253.2096736087406,3,simulated
simulated,0,basic,yes,253.2284533576426,3,simulated
simulated,0,basic,yes,253.2006646687326,3,simulated
simulated,0,basic,yes,253.21813931134744,3,simulated
simulated,0,basic,yes,253.1485875873417,3,simulated
simulated,0,basic,yes,253.18793273492113,3,simulated
simulated,0,basic,yes,253.20119411003236,3,simulated
simulated,0,basic,yes,253.15924214453395,3,simulated
simulated,0,basic,yes,253.18552537903636,3,simulated
simulated,0,basic,yes,253.20183525138643,3,simulated
simulated,0,basic,yes,253.1090838971561,3,simulated
simulated,0,basic,yes,253.26960427121887,3,simulated
simulated,0,basic,yes,253.22635984300118,3,simulated
simulated,0,basic,yes,253.2220242573638,3,simulated
simulated,0,basic,yes,253.20947991876986,3,simulated
simulated,0,basic,yes,253.10700664780185,3,simulated
simulated,0,basic,yes,253.1663316176036,3,simulated
simulated,0,basic,yes,253.13397908535947,3,simulated
simulated,0,basic,yes,253.22260525944603,3,simulated
simulated,0,basic,yes,253.24030857400274,3,simulated
simulated,0,basic,yes,253.18137175738892,3,simulated
simulated,0,basic,yes,253.21979574749056,3,simulated
simulated,0,basic,yes,253.24255217196728,3,simulated
simulated,0,basic,yes,253.21723493918344,3,simulated
simulated,0,basic,yes,253.2098184646871,3,simulated
simulated,0,basic,yes,253.26278620746484,3,simulated
simulated,0,basic,yes,253.1515169867931,3,simulated
simulated,0,basic,yes,253.23743357950832,3,simulated
simulated,0,basic,yes,253.233727800945,3,simulated
simulated,0,basic,yes,253.15816927195095,3,simulated
simulated,0,basic,yes,253.1841335993115,3,simulated
simulated,0,basic,yes,253.1279143397104,3,simulated
simulated,0,basic,yes,253.18320041300552,3,simulated
simulated,1,basic,yes,253.2378548590135,3,simulated
simulated,1,basic,yes,253.28152030966285,3,simulated
simulated,1,basic,yes,253.10917101029176,3,simulated
simulated,1,basic,yes,253.1576718683173,3,simulated
simulated,1,basic,yes,253.19693548926998,3,simulated
simulated,1,basic,yes,253.18521081814194,3,simulated
simulated,1,basic,yes,253.27436425950532,3,simulated
simulated,1,basic,yes,253.18183059805082,3,simulated
simulated,1,basic,yes,253.21294412941657,3,simulated
simulated,1,basic,yes,253.1764084431211,3,simulated
simulated,1,basic,yes,253.31538302395444,3,simulated
simulated,1,basic,yes,253.15174762762337,3,simulated
simulated,1,basic,yes,253.18706449607134,3,simulated
simulated,1,basic,yes,253.21016900230873,3,simulated
simulated,1,basic,yes,253.22467627937243,3,simulated
simulated,1,basic,yes,253.15490427089648,3,simulated
simulated,1,basic,yes,253.19201866505708,3,simulated
simulated,1,basic,yes,253.21541557121498,3,simulated
simulated,1,basic,yes,253.21329561857652,3,simulated
simulated,1,basic,yes,253.16724439794228,3,simulated
simulated,1,basic,yes,253.16273356370917,3,simulated
simulated,1,basic,yes,253.20666871011207,3,simulated
simulated,1,basic,yes,253.22604823783448,3,simulated
simulated,1,basic,yes,253.2105927276762,3,simulated
simulated,1,basic,yes,253.2083121375947,3,simulated
simulated,1,basic,yes,253.2021099115143,3,simulated
simulated,1,basic,yes,253.2137234531453,3,simulated
simulated,1,basic,yes,253.19144876372346,3,simulated
simulated,1,basic,yes,253.17796295242923,3,simulated
simulated,1,basic,yes,253.1928407489824,3,simulated
simulated,1,basic,yes,253.2196482737845,3,simulated
simulated,1,basic,yes,253.14677541030935,3,simulated
simulated,1,basic,no,253.1861672817054,3,simulated
simulated,1,basic,yes,253.1642571299427,3,simulated
simulated,1,basic,yes,253.20597835783948,3,simulated
simulated,1,basic,yes,253.1511812191515,3,simulated
simulated,1,basic,yes,253.2128319181308,3,simulated
simulated,1,basic,yes,253.26665489179348,3,simulated
simulated,1,basic,yes,253.16927559703655,3,simulated
simulated,1,basic,yes,253.1514691884498,3,simulated
simulated,1,basic,yes,253.21511701516243,3,simulated
simulated,1,basic,yes,253.2082876221552,3,simulated
simulated,1,basic,yes,253.1788504105322,3,simulated
simulated,1,basic,yes,253.1946359263503,3,simulated
simulated,1,basic,yes,253.23503243235692,3,simulated
simulated,1,basic,yes,253.18038088902028,3,simulated
simulated,1,basic,yes,253.1426946150331,3,simulated
simulated,1,basic,yes,253.22350031609707,3,simulated
simulated,1,basic,yes,253.17807912932005,3,simulated
simulated,1,basic,yes,253.2210228458134,3,simulated
simulated,1,basic,yes,253.20172977413054,3,simulated
simulated,1,basic,yes,253.20974040652382,3,simulated
simulated,1,basic,yes,253.1945845552444,3,simulated
simulated,1,basic,yes,253.26788098142657,3,simulated
simulated,1,basic,yes,253.21946359356858,3,simulated
simulated,1,basic,yes,253.1475987762999,3,simulated
simulated,1,basic,yes,253.2146753123259,3,simulated
simulated,1,basic,yes,253.21893039097174,3,simulated
simulated,1,basic,yes,253.20051106363715,3,simulated
simulated,1,basic,yes,253.24489117161008,3,simulated
simulated,1,basic,yes,253.31048592894598,3,simulated
simulated,1,basic,yes,253.25655526752368,3,simulated
simulated,1,basic,yes,253.20374111700403,3,simulated
simulated,1,basic,yes,253.1948970617342,3,simulated
simulated,1,basic,yes,253.15321463304338,3,simulated
simulated,1,basic,yes,253.25038058928922,3,simulated
simulated,1,basic,yes,253.17555197690075,3,simulated
simulated,1,basic,yes,253.22851809351,3,simulated
simulated,1,basic,yes,253.20449214313527,3,simulated
simulated,1,basic,yes,253.1966210501242,3,simulated
simulated,1,basic,yes,253.25447260860918,3,simulated
simulated,1,basic,yes,253.18177673419612,3,simulated
simulated,1,basic,yes,253.20365030997624,3,simulated
simulated,1,basic,yes,253.23912033219662,3,simulated
simulated,1,basic,yes,253.14366578021475,3,simulated
simulated,1,basic,yes,253.2380730008832,3,simulated
simulated,1,basic,yes,253.2341587781461,3,simulated
simulated,1,basic,yes,253.251046846418,3,simulated
simulated,1,basic,yes,253.1651956441048,3,simulated
simulated,1,basic,yes,253.18876890677083,3,simulated
simulated,1,basic,yes,253.28695188049278,3,simulated
simulated,1,basic,yes,253.23891663692018,3,simulated
simulated,1,basic,yes,253.2715662342158,3,simulated
simulated,1,basic,yes,253.22594690988643,3,simulated
simulated,1,basic,yes,253.22124039381512,3,simulated
simulated,1,basic,yes,253.1695494429687,3,simulated
simulated,1,basic,yes,253.2995253888373,3,simulated
simulated,1,basic,yes,253.26067359358737,3,simulated
simulated,1,basic,yes,253.2108102872712,3,simulated
simulated,1,basic,yes,253.19942829605924,3,simulated
simulated,1,basic,yes,253.22905982609805,3,simulated
simulated,1,basic,yes,253.1867444408323,3,simulated
simulated,1,basic,yes,253.21801044342962,3,simulated
simulated,1,basic,yes,253.18876731809544,3,simulated
simulated,1,basic,yes,253.1540889388831,3,simulated
simulated,1,basic,yes,253.19913082312516,3,simulated
simulated,1,basic,yes,253.2460720130788,3,simulated
simulated,1,basic,yes,253.2258907395476,3,simulated
simulated,1,basic,yes,253.18050858341684,3,simulated
simulated,1,basic,yes,253.17946259159726,3,simulated
simulated,2,basic,yes,253.17430569438326,3,simulated
simulated,2,basic,yes,253.1859974068588,3,simulated
simulated,2,basic,yes,253.19430515203703,3,simulated
simulated,2,basic,yes,253.2773917539706,3,simulated
simulated,2,basic,yes,253.14771105694544,3,simulated
simulated,2,basic,yes,253.21893518810984,3,simulated
simulated,2,basic,yes,253.16224436121198,3,simulated
simulated,2,basic,yes,253.22885572110667,3,simulated
simulated,2,basic,yes,253.21551907920426,3,simulated
simulated,2,basic,yes,253.21619503265595,3,simulated
simulated,2,basic,yes,253.24980288432315,3,simulated
simulated,2,basic,yes,253.19271948609028,3,simulated
simulated,2,basic,yes,253.19734820213043,3,simulated
simulated,2,basic,yes,253.14632183706595,3,simulated
simulated,2,basic,yes,253.1800653294038,3,simulated
simulated,2,basic,yes,253.21373500174775,3,simulated
simulated,2,basic,yes,253.1684731438609,3,simulated
simulated,2,basic,yes,253.1950670343316,3,simulated
simulated,2,basic,yes,253.26368471060977,3,simulated
simulated,2,basic,yes,253.14349491823876,3,simulated
simulated,2,basic,yes,253.2340237781151,3,simulated
simulated,2,basic,yes,253.27929647538718,3,simulated
simulated,2,basic,yes,253.21996685968813,3,simulated
simulated,2,basic,yes,253.13877081378007,3,simulated
simulated,2,basic,yes,253.29308254937422,3,simulated
simulated,2,basic,yes,253.27181714141622,3,simulated
simulated,2,basic,yes,253.26842471055068,3,simulated
simulated,2,basic,yes,253.21148178899708,3,simulated
simulated,2,basic,yes,253.2300198113235,3,simulated
simulated,2,basic,yes,253.2615571496329,3,simulated
simulated,2,basic,yes,253.22088517777829,3,simulated
simulated,2,basic,yes,253.19857155703036,3,simulated
simulated,2,basic,yes,253.14766921953006,3,simulated
simulated,2,basic,yes,253.19981499533992,3,simulated
simulated,2,basic,yes,253.24353042953888,3,simulated
simulated,2,basic,yes,253.21878223467044,3,simulated
simulated,2,basic,yes,253.1827630878562,3,simulated
simulated,2,basic,yes,253.21656845264272,3,simulated
simulated,2,basic,yes,253.1825051427276,3,simulated
simulated,2,basic,yes,253.24156567246573,3,simulated
simulated,2,basic,yes,253.23227390368982,3,simulated
simulated,2,basic,yes,253.27664411802314,3,simulated
simulated,2,basic,yes,253.18474773005224,3,simulated
simulated,2,basic,yes,253.23436097391547,3,simulated
simulated,2,basic,yes,253.2020055125562,3,simulated
simulated,2,basic,yes,253.14112708562095,3,simulated
simulated,2,basic,yes,253.18629319549177,3,simulated
simulated,2,basic,yes,253.22311201280723,3,simulated
simulated,2,basic,yes,253.16144627588477,3,simulated
simulated,2,basic,yes,253.22133359686046,3,simulated
simulated,2,basic,yes,253.15255072310035,3,simulated
simulated,2,basic,yes,253.22240881587442,3,simulated
simulated,2,basic,yes,253.1960760782805,3,simulated
simulated,2,basic,yes,253.13723852626487,3,simulated
simulated,2,basic,yes,253.28625738831744,3,simulated
simulated,2,basic,yes,253.25784818989976,3,simulated
simulated,2,basic,yes,253.21059126832984,3,simulated
simulated,2,basic,yes,253.16775065256476,3,simulated
simulated,2,basic,yes,253.20260315012288,3,simulated
simulated,2,basic,yes,253.15806931964627,3,simulated
simulated,2,basic,yes,253.21977689532073,3,simulated
simulated,2,basic,yes,253.20221084676308,3,simulated
simulated,2,basic,yes,253.20031215168817,3,simulated
simulated,2,basic,yes,253.23166244870924,3,simulated
simulated,2,basic,yes,253.19552106048235,3,simulated
simulated,2,basic,yes,253.20500028622195,3,simulated
simulated,2,basic,yes,253.2067678454458,3,simulated
simulated,2,basic,yes,253.29336978884498,3,simulated
simulated,2,basic,yes,253.23739487436896,3,simulated
simulated,2,basic,yes,253.24341114089583,3,simulated
simulated,2,basic,yes,253.14562057123587,3,simulated
simulated,2,basic,yes,253.19597251667608,3,simulated
simulated,2,basic,yes,253.22973757661612,3,simulated
simulated,2,basic,yes,253.22996362431957,3,simulated
simulated,2,basic,yes,253.24830719287993,3,simulated
simulated,2,basic,yes,253.2331005872015,3,simulated
simulated,2,basic,yes,253.16909572090017,3,simulated
simulated,2,basic,yes,253.2128626714329,3,simulated
simulated,2,basic,yes,253.2409916324878,3,simulated
simulated,2,basic,yes,253.29155566276125,3,simulated
simulated,2,basic,yes,253.2646786673038,3,simulated
simulated,2,basic,yes,253.24324863623465,3,simulated
simulated,2,basic,yes,253.2509993068024,3,simulated
simulated,2,basic,yes,253.17952693080892,3,simulated
simulated,2,basic,yes,253.1905008930739,3,simulated
simulated,2,basic,yes,253.236746845088,3,simulated
simulated,2,basic,yes,253.17714030663444,3,simulated
simulated,2,basic,yes,253.2869440557471,3,simulated
simulated,2,basic,yes,253.17075705227495,3,simulated
simulated,2,basic,yes,253.18926543370878,3,simulated
simulated,2,basic,yes,253.26438224185577,3,simulated
simulated,2,basic,yes,253.25501324373934,3,simulated
simulated,2,basic,yes,253.2482504733197,3,simulated
simulated,2,basic,yes,253.22966222098677,3,simulated
simulated,2,basic,yes,253.22886753209912,3,simulated
simulated,2,basic,yes,253.2393860849954,3,simulated
simulated,2,basic,yes,253.18586233948164,3,simulated
simulated,2,basic,yes,253.12811657254886,3,simulated
simulated,2,basic,yes,253.23040801433038,3,simulated
simulated,2,basic,yes,253.1990465768129,3,simulated
simulated,3,basic,yes,253.29956097997305,3,simulated
simulated,3,basic,yes,253.23663655485976,3,simulated
simulated,3,basic,yes,253.11956706456854,3,simulated
simulated,3,basic,yes,253.26612570317263,3,simulated
simulated,3,basic,yes,253.19562024171177,3,simulated
simulated,3,basic,yes,253.22954216033105,3,simulated
simulated,3,basic,yes,253.1596535702507,3,simulated
simulated,3,basic,yes,253.17393308599523,3,simulated
simulated,3,basic,yes,253.21857962508608,3,simulated
simulated,3,basic,yes,253.24746891865266,3,simulated
simulated,3,basic,yes,253.205738134872,3,simulated
simulated,3,basic,yes,253.23706113925505,3,simulated
simulated,3,basic,yes,253.14805517981574,3,simulated
simulated,3,basic,yes,253.23950486896607,3,simulated
simulated,3,basic,yes,253.1916871367833,3,simulated
simulated,3,basic,yes,253.2080382475998,3,simulated
simulated,3,basic,yes,253.20768895605372,3,simulated
simulated,3,basic,yes,253.21347037696725,3,simulated
simulated,3,basic,yes,253.215606976804,3,simulated
simulated,3,basic,yes,253.22562173550995,3,simulated
simulated,3,basic,yes,253.1981121030631,3,simulated
simulated,3,basic,yes,253.28438047309453,3,simulated
simulated,3,basic,yes,253.19058981091004,3,simulated
simulated,3,basic,yes,253.20655394645917,3,simulated
simulated,3,basic,yes,253.16729060750808,3,simulated
simulated,3,basic,yes,253.178682143515,3,simulated
simulated,3,basic,yes,253.17462798111526,3,simulated
simulated,3,basic,yes,253.27221603623892,3,simulated
simulated,3,basic,yes,253.18221270536534,3,simulated
simulated,3,basic,yes,253.24963854278036,3,simulated
simulated,3,basic,yes,253.1226095267294,3,simulated
simulated,3,basic,yes,253.23336265286892,3,simulated
simulated,3,basic,yes,253.1691400349306,3,simulated
simulated,3,basic,yes,253.20895983414206,3,simulated
simulated,3,basic,yes,253.23681118367273,3,simulated
simulated,3,basic,yes,253.2567219575421,3,simulated
simulated,3,basic,yes,253.23159207806953,3,simulated
simulated,3,basic,yes,253.18671922927754,3,simulated
simulated,3,basic,yes,253.2067883780077,3,simulated
simulated,3,basic,yes,253.21481682911573,3,simulated
simulated,3,basic,yes,253.22747059031963,3,simulated
simulated,3,basic,yes,253.2315557325398,3,simulated
simulated,3,basic,yes,253.20207881344504,3,simulated
simulated,3,basic,yes,253.22399052648794,3,simulated
simulated,3,basic,yes,253.19379009379594,3,simulated
simulated,3,basic,yes,253.23911937117708,3,simulated
simulated,3,basic,yes,253.18672213398446,3,simulated
simulated,3,basic,yes,253.24449598565002,3,simulated
simulated,3,basic,yes,253.20584267033087,3,simulated
simulated,3,basic,yes,253.18828698829927,3,simulated
simulated,3,basic,yes,253.23962356172277,3,simulated
simulated,3,basic,yes,253.1654514113906,3,simulated
simulated,3,basic,yes,253.19607480999457,3,simulated
simulated,3,basic,yes,253.21426532251255,3,simulated
simulated,3,basic,yes,253.19249299157408,3,simulated
simulated,3,basic,yes,253.21792886271712,3,simulated
simulated,3,basic,yes,253.27201749465476,3,simulated
simulated,3,basic,yes,253.1855621154533,3,simulated
simulated,3,basic,yes,253.21312248165924,3,simulated
simulated,3,basic,yes,253.24392801436753,3,simulated
simulated,3,basic,yes,253.17656774848047,3,simulated
simulated,3,basic,yes,253.2468959404685,3,simulated
simulated,3,basic,yes,253.20712363977103,3,simulated
simulated,3,basic,yes,253.24601436742887,3,simulated
simulated,3,basic,yes,253.1846918014145,3,simulated
simulated,3,basic,yes,253.22515359297338,3,simulated
simulated,3,basic,yes,253.2630679408362,3,simulated
simulated,3,basic,yes,253.180600618278,3,simulated
simulated,3,basic,yes,253.26460981001262,3,simulated
simulated,3,basic,yes,253.21241334257854,3,simulated
simulated,3,basic,yes,253.26119241725962,3,simulated
simulated,3,basic,yes,253.23696109353295,3,simulated
simulated,3,basic,yes,253.2615913396181,3,simulated
simulated,3,basic,yes,253.2371713069496,3,simulated
simulated,3,basic,yes,253.10362501750532,3,simulated
simulated,3,basic,yes,253.1707814646215,3,simulated
simulated,3,basic,yes,253.2205917696404,3,simulated
simulated,3,basic,yes,253.1891103228765,3,simulated
simulated,3,basic,yes,253.22566868930517,3,simulated
simulated,3,basic,yes,253.2407589868703,3,simulated
simulated,3,basic,yes,253.23609918475566,3,simulated
simulated,3,basic,yes,253.2106958193385,3,simulated
simulated,3,basic,yes,253.18326095854474,3,simulated
simulated,3,basic,yes,253.1733794790261,3,simulated
simulated,3,basic,yes,253.17226481125712,3,simulated
simulated,3,basic,yes,253.2137204043662,3,simulated
simulated,3,basic,yes,253.24097557193352,3,simulated
simulated,3,basic,yes,253.2230131941173,3,simulated
simulated,3,basic,yes,253.26993435347592,3,simulated
simulated,3,basic,yes,253.16926418870693,3,simulated
simulated,3,basic,yes,253.27257593723985,3,simulated
simulated,3,basic,yes,253.241898338775,3,simulated
simulated,3,basic,yes,253.2273688211977,3,simulated
simulated,3,basic,yes,253.16980243137493,3,simulated
simulated,3,basic,yes,253.22868591802813,3,simulated
simulated,3,basic,yes,253.20475963782044,3,simulated
simulated,3,basic,yes,253.27987001689075,3,simulated
simulated,3,basic,yes,253.24205443892606,3,simulated
simulated,3,basic,yes,253.2023569094789,3,simulated
simulated,3,basic,yes,253.1355818679724,3,simulated
simulated,0,sub,yes,817.1046468401372,3,simulated
simulated,0,sub,yes,816.949420335732,3,simulated
simulated,0,sub,yes,817.027744373778,3,simulated
simulated,0,sub,yes,816.9735297794194,3,simulated
simulated,0,sub,yes,816.9450135274934,3,simulated
simulated,0,sub,yes,816.9447760680476,3,simulated
simulated,0,sub,yes,816.8852807217485,3,simulated
simulated,0,sub,yes,816.9801241606103,3,simulated
simulated,0,sub,yes,817.0064137733616,3,simulated
simulated,0,sub,yes,816.9064213863481,3,simulated
simulated,0,sub,yes,816.9190159229478,3,simulated
simulated,0,sub,yes,817.1013517550983,3,simulated
simulated,0,sub,yes,816.9548167489379,3,simulated
simulated,0,sub,yes,816.9384495084067,3,simulated
simulated,0,sub,yes,817.0867333705579,3,simulated
simulated,0,sub,yes,816.9918894066449,3,simulated
simulated,0,sub,no,816.7808661718833,3,simulated
simulated,0,sub,yes,817.0087753951462,3,simulated
simulated,0,sub,yes,816.8755525076194,3,simulated
simulated,0,sub,yes,817.0984850531056,3,simulated
simulated,0,sub,yes,817.0921010646935,3,simulated
simulated,0,sub,yes,816.9893568875887,3,simulated
simulated,0,sub,yes,816.9077646720283,3,simulated
simulated,0,sub,yes,816.9860108549191,3,simulated
simulated,0,sub,yes,817.0229042557745,3,simulated
simulated,0,sub,yes,817.1467066348753,3,simulated
simulated,0,sub,yes,817.0080431023315,3,simulated
simulated,0,sub,yes,816.8354348160897,3,simulated
simulated,0,sub,yes,816.9515811764841,3,simulated
simulated,0,sub,yes,816.8830157777448,3,simulated
simulated,0,sub,yes,816.967679909643,3,simulated
simulated,0,sub,yes,816.9183681032259,3,simulated
simulated,0,sub,yes,817.0724762399203,3,simulated
simulated,0,sub,yes,816.98731736952,3,simulated
simulated,0,sub,yes,816.8722878769779,3,simulated
simulated,0,sub,yes,816.918232682097,3,simulated
simulated,0,sub,yes,816.9593935966595,3,simulated
simulated,0,sub,no,816.9981405788866,3,simulated
simulated,0,sub,yes,816.9435603321594,3,simulated
simulated,0,sub,yes,817.0426525789319,3,simulated
simulated,0,sub,yes,817.0109037549355,3,simulated
simulated,0,sub,yes,817.0639406500917,3,simulated
simulated,0,sub,yes,817.1939181142471,3,simulated
simulated,0,sub,no,816.9754882468218,3,simulated
simulated,0,sub,yes,817.0025750935787,3,simulated
simulated,0,sub,yes,816.8609897586235,3,simulated
simulated,0,sub,yes,816.9643894197546,3,simulated
simulated,0,sub,yes,817.031312438498,3,simulated
simulated,0,sub,yes,817.0839795010569,3,simulated
simulated,0,sub,yes,816.9708091392517,3,simulated
simulated,1,sub,yes,817.0119350114447,3,simulated
simulated,1,sub,yes,816.7183217909633,3,simulated
simulated,1,sub,yes,816.9331466746579,3,simulated
simulated,1,sub,yes,816.760005022573,3,simulated
simulated,1,sub,yes,817.1532710336771,3,simulated
simulated,1,sub,yes,816.919086935212,3,simulated
simulated,1,sub,yes,817.0642762825227,3,simulated
simulated,1,sub,yes,816.8615066387829,3,simulated
simulated,1,sub,yes,816.8097130124643,3,simulated
simulated,1,sub,yes,817.0159528630004,3,simulated
simulated,1,sub,yes,817.0500801248022,3,simulated
simulated,1,sub,yes,816.818885178393,3,simulated
simulated,1,sub,yes,816.9556922627456,3,simulated
simulated,1,sub,yes,817.0498537021139,3,simulated
simulated,1,sub,yes,817.0004032879776,3,simulated
simulated,1,sub,yes,816.8891990254375,3,simulated
simulated,1,sub,yes,816.8939094966822,3,simulated
simulated,1,sub,yes,816.9909404079293,3,simulated
simulated,1,sub,yes,817.0366008376204,3,simulated
simulated,1,sub,yes,816.8158518901032,3,simulated
simulated,1,sub,yes,817.0217255997676,3,simulated
simulated,1,sub,yes,816.8731331877118,3,simulated
simulated,1,sub,yes,816.8824831203257,3,simulated
simulated,1,sub,yes,816.9044242702294,3,simulated
simulated,1,sub,yes,817.0353598406385,3,simulated
simulated,1,sub,yes,816.9026129498327,3,simulated
simulated,1,sub,yes,816.9773943968254,3,simulated
simulated,1,sub,yes,816.8595439029395,3,simulated
simulated,1,sub,yes,817.0444596128444,3,simulated
simulated,1,sub,yes,816.9785263445776,3,simulated
simulated,1,sub,yes,816.9492047118243,3,simulated
simulated,1,sub,yes,816.9895363775578,3,simulated
simulated,1,sub,yes,816.8866632085437,3,simulated
simulated,1,sub,yes,817.0221005965409,3,simulated
simulated,1,sub,yes,816.9792193401124,3,simulated
simulated,1,sub,yes,816.873315191256,3,simulated
simulated,1,sub,yes,816.9992036496265,3,simulated
simulated,1,sub,yes,816.9499153240955,3,simulated
simulated,1,sub,yes,817.049395370617,3,simulated
simulated,1,sub,yes,816.988472133989,3,simulated
simulated,1,sub,no,816.9876732356851,3,simulated
simulated,1,sub,yes,816.9078515031521,3,simulated
simulated,1,sub,yes,816.9757217800601,3,simulated
simulated,1,sub,yes,816.8771520508479,3,simulated
simulated,1,sub,yes,817.0064044093032,3,simulated
simulated,1,sub,yes,816.9611133921478,3,simulated
simulated,1,sub,yes,816.9145517176069,3,simulated
simulated,1,sub,yes,816.8336859737454,3,simulated
simulated,1,sub,no,816.9820870723357,3,simulated
simulated,1,sub,yes,816.8949603122999,3,simulated
simulated,2,sub,no,817.0008133786614,3,simulated
simulated,2,sub,yes,817.0240667798372,3,simulated
simulated,2,sub,yes,816.9987948541049,3,simulated
simulated,2,sub,yes,816.8915552565102,3,simulated
simulated,2,sub,yes,816.9855395055678,3,simulated
simulated,2,sub,yes,817.0140277613085,3,simulated
simulated,2,sub,yes,817.0753525523613,3,simulated
simulated,2,sub,yes,816.8945212359982,3,simulated
simulated,2,sub,yes,817.1063168161759,3,simulated
simulated,2,sub,yes,816.898672934372,3,simulated
simulated,2,sub,yes,816.9903607594864,3,simulated
simulated,2,sub,yes,816.9892860786557,3,simulated
simulated,2,sub,yes,817.035172858731,3,simulated
simulated,2,sub,yes,816.8506687703018,3,simulated
simulated,2,sub,yes,817.0669578937702,3,simulated
simulated,2,sub,yes,816.9399521571886,3,simulated
simulated,2,sub,yes,816.9658275992551,3,simulated
simulated,2,sub,yes,817.090841879215,3,simulated
simulated,2,sub,yes,816.9304185745982,3,simulated
simulated,2,sub,yes,816.9063172455064,3,simulated
simulated,2,sub,yes,816.9871514530121,3,simulated
simulated,2,sub,yes,816.9228059647025,3,simulated
simulated,2,sub,yes,817.0471887597075,3,simulated
simulated,2,sub,yes,816.8903273512391,3,simulated
simulated,2,sub,yes,816.9504488939722,3,simulated
simulated,2,sub,yes,817.1060809186424,3,simulated
simulated,2,sub,yes,816.8370546231608,3,simulated
simulated,2,sub,yes,817.0988430651465,3,simulated
simulated,2,sub,yes,816.8510864889382,3,simulated
simulated,2,sub,yes,816.9357338351462,3,simulated
simulated,2,sub,yes,817.0585481378538,3,simulated
simulated,2,sub,yes,816.8122559130676,3,simulated
simulated,2,sub,yes,817.0935755331462,3,simulated
simulated,2,sub,yes,816.8861292346863,3,simulated
simulated,2,sub,yes,817.0450509176105,3,simulated
simulated,2,sub,yes,816.8566375879237,3,simulated
simulated,2,sub,yes,817.0123863233994,3,simulated
simulated,2,sub,yes,817.0324592134922,3,simulated
simulated,2,sub,yes,817.0182408120677,3,simulated
simulated,2,sub,yes,816.8228907910393,3,simulated
simulated,2,sub,yes,816.923822438546,3,simulated
simulated,2,sub,yes,816.8497176134275,3,simulated
simulated,2,sub,yes,817.0185611298297,3,simulated
simulated,2,sub,yes,817.0951093355287,3,simulated
simulated,2,sub,yes,816.9884200312242,3,simulated
simulated,2,sub,yes,816.7165618605499,3,simulated
simulated,2,sub,yes,816.9010016431782,3,simulated
simulated,2,sub,yes,817.0081238481384,3,simulated
simulated,2,sub,yes,816.9220778609663,3,simulated
simulated,2,sub,yes,817.0579847108729,3,simulated
simulated,3,sub,yes,816.978960383651,3,simulated
simulated,3,sub,yes,817.0008911733921,3,simulated
simulated,3,sub,yes,816.8556069227786,3,simulated
simulated,3,sub,yes,816.9513853406771,3,simulated
simulated,3,sub,yes,817.1681569450877,3,simulated
simulated,3,sub,yes,817.0508898541733,3,simulated
simulated,3,sub,yes,817.1965751181788,3,simulated
simulated,3,sub,yes,816.9846468798644,3,simulated
simulated,3,sub,yes,816.9400020621965,3,simulated
simulated,3,sub,yes,817.0598438335531,3,simulated
simulated,3,sub,yes,817.1635233431168,3,simulated
simulated,3,sub,yes,817.0250535319748,3,simulated
simulated,3,sub,yes,816.9869693951937,3,simulated
simulated,3,sub,yes,816.9139735862117,3,simulated
simulated,3,sub,yes,816.8534708754613,3,simulated
simulated,3,sub,yes,817.1356939412206,3,simulated
simulated,3,sub,yes,816.9854490673098,3,simulated
simulated,3,sub,yes,816.8830664260145,3,simulated
simulated,3,sub,yes,816.8974656970023,3,simulated
simulated,3,sub,yes,817.0247786525731,3,simulated
simulated,3,sub,yes,816.960642305304,3,simulated
simulated,3,sub,yes,816.90186815377,3,simulated
simulated,3,sub,yes,817.0485293111738,3,simulated
simulated,3,sub,yes,817.167267797348,3,simulated
simulated,3,sub,yes,816.8574005179406,3,simulated
simulated,3,sub,yes,817.1427481406596,3,simulated
simulated,3,sub,yes,816.9774450527236,3,simulated
simulated,3,sub,yes,817.2009802257893,3,simulated
simulated,3,sub,yes,816.8994838135976,3,simulated
simulated,3,sub,yes,816.9415597361764,3,simulated
simulated,3,sub,yes,817.0802374125442,3,simulated
simulated,3,sub,yes,816.9385973799655,3,simulated
simulated,3,sub,yes,817.0577101572027,3,simulated
simulated,3,sub,yes,817.0651951831644,3,simulated
simulated,3,sub,yes,817.312034129833,3,simulated
simulated,3,sub,yes,816.882827571457,3,simulated
simulated,3,sub,yes,817.1713704601157,3,simulated
simulated,3,sub,yes,816.9878703245357,3,simulated
simulated,3,sub,yes,816.9952020296439,3,simulated
simulated,3,sub,yes,816.982575520477,3,simulated
simulated,3,sub,yes,817.1672241772661,3,simulated
simulated,3,sub,yes,817.0343011324364,3,simulated
simulated,3,sub,yes,817.0373184835179,3,simulated
simulated,3,sub,yes,816.9135604315633,3,simulated
simulated,3,sub,yes,816.9968509023486,3,simulated
simulated,3,sub,yes,816.8681417627623,3,simulated
simulated,3,sub,yes,816.9215423182175,3,simulated
simulated,3,sub,yes,816.9074067971126,3,simulated
simulated,3,sub,yes,816.9453012915367,3,simulated
simulated,3,sub,yes,817.0115909815988,3,simulated
simulated,4,sub,yes,816.929370624513,3,simulated
simulated,4,sub,yes,816.9342665488043,3,simulated
simulated,4,sub,yes,816.8997293761406,3,simulated
simulated,4,sub,yes,816.8892488011583,3,simulated
simulated,4,sub,yes,816.8506730587275,3,simulated
simulated,4,sub,yes,816.801944043994,3,simulated
simulated,4,sub,yes,816.815118184157,3,simulated
simulated,4,sub,yes,816.9950116534912,3,simulated
simulated,4,sub,yes,816.8490679620708,3,simulated
simulated,4,sub,yes,816.9584687711226,3,simulated
simulated,4,sub,yes,816.993326385716,3,simulated
simulated,4,sub,yes,816.9306357818049,3,simulated
simulated,4,sub,yes,816.9714739433583,3,simulated
simulated,4,sub,yes,816.970304584508,3,simulated
simulated,4,sub,yes,816.8626394161673,3,simulated
simulated,4,sub,yes,816.7860335876927,3,simulated
simulated,4,sub,yes,816.8582060735511,3,simulated
simulated,4,sub,yes,817.0351951554643,3,simulated
simulated,4,sub,yes,816.9356864197973,3,simulated
simulated,4,sub,yes,816.7350427838952,3,simulated
simulated,4,sub,yes,816.9330484354074,3,simulated
simulated,4,sub,yes,816.9733137899285,3,simulated
simulated,4,sub,yes,816.9938344685775,3,simulated
simulated,4,sub,yes,816.9710068498696,3,simulated
simulated,4,sub,yes,817.0554436658606,3,simulated
simulated,4,sub,yes,817.0225807305922,3,simulated
simulated,4,sub,yes,817.1003632395731,3,simulated
simulated,4,sub,yes,816.8708566874196,3,simulated
simulated,4,sub,yes,816.9703533144555,3,simulated
simulated,4,sub,yes,816.9951178525313,3,simulated
simulated,4,sub,yes,816.9837826205168,3,simulated
simulated,4,sub,yes,817.017043657066,3,simulated
simulated,4,sub,yes,816.8885407128049,3,simulated
simulated,4,sub,yes,816.9425494948637,3,simulated
simulated,4,sub,yes,817.1319993351359,3,simulated
simulated,4,sub,yes,817.093664381824,3,simulated
simulated,4,sub,yes,816.8701237852313,3,simulated
simulated,4,sub,yes,817.0256600891008,3,simulated
simulated,4,sub,yes,816.9541945858122,3,simulated
simulated,4,sub,yes,817.0540989157712,3,simulated
simulated,4,sub,yes,817.1828330257636,3,simulated
simulated,4,sub,yes,817.2377906223486,3,simulated
simulated,4,sub,yes,816.9775414533276,3,simulated
simulated,4,sub,yes,816.9593388163926,3,simulated
simulated,4,sub,yes,816.9739478104754,3,simulated
simulated,4,sub,yes,817.0566732824838,3,simulated
simulated,4,sub,yes,817.0105579828561,3,simulated
simulated,4,sub,yes,816.9865346373074,3,simulated
simulated,4,sub,yes,816.8935168457193,3,simulated
simulated,4,sub,yes,817.1036637843229,3,simulated
simulated,5,sub,yes,816.8925492557794,3,simulated
simulated,5,sub,yes,816.9989860566704,3,simulated
simulated,5,sub,yes,816.9264303545897,3,simulated
simulated,5,sub,yes,816.8886749978698,3,simulated
simulated,5,sub,yes,816.8830611639314,3,simulated
simulated,5,sub,yes,816.9315771579088,3,simulated
simulated,5,sub,yes,817.0301457565201,3,simulated
simulated,5,sub,yes,816.9509917700423,3,simulated
simulated,5,sub,yes,816.8266653718251,3,simulated
simulated,5,sub,yes,816.9836521002318,3,simulated
simulated,5,sub,yes,816.9603343773387,3,simulated
simulated,5,sub,yes,816.9248556211438,3,simulated
simulated,5,sub,yes,816.8851929887032,3,simulated
simulated,5,sub,yes,817.1618734271896,3,simulated
simulated,5,sub,yes,816.9271523178819,3,simulated
simulated,5,sub,yes,817.046024529451,3,simulated
simulated,5,sub,yes,816.8674536854892,3,simulated
simulated,5,sub,yes,816.9490537726945,3,simulated
simulated,5,sub,yes,816.942141430894,3,simulated
simulated,5,sub,yes,816.9163339018917,3,simulated
simulated,5,sub,yes,816.8580340947185,3,simulated
simulated,5,sub,yes,817.1743426078252,3,simulated
simulated,5,sub,yes,816.8478559655321,3,simulated
simulated,5,sub,yes,816.958582416865,3,simulated
simulated,5,sub,yes,817.0564082541053,3,simulated
simulated,5,sub,yes,817.2024554985431,3,simulated
simulated,5,sub,no,816.8392270535915,3,simulated
simulated,5,sub,yes,817.0864079218028,3,simulated
simulated,5,sub,yes,817.1452959465081,3,simulated
simulated,5,sub,yes,817.1009609960694,3,simulated
simulated,5,sub,yes,817.0753285954687,3,simulated
simulated,5,sub,yes,817.0251736774524,3,simulated
simulated,5,sub,yes,817.1244450647698,3,simulated
simulated,5,sub,yes,816.9477526945745,3,simulated
simulated,5,sub,yes,816.9641125061596,3,simulated
simulated,5,sub,yes,817.069479767722,3,simulated
simulated,5,sub,yes,816.966046872571,3,simulated
simulated,5,sub,yes,816.9809895093655,3,simulated
simulated,5,sub,yes,817.1022178216613,3,simulated
simulated,5,sub,yes,816.7234974168313,3,simulated
simulated,5,sub,yes,816.976968302531,3,simulated
simulated,5,sub,yes,817.2534381372767,3,simulated
simulated,5,sub,yes,817.1202376725405,3,simulated
simulated,5,sub,yes,816.9014681752157,3,simulated
simulated,5,sub,yes,817.0203994660267,3,simulated
simulated,5,sub,yes,817.0987794734531,3,simulated
simulated,5,sub,yes,816.9922154169758,3,simulated
simulated,5,sub,yes,816.9009337149687,3,simulated
simulated,5,sub,yes,816.9988162093615,3,simulated
simulated,5,sub,yes,816.9113722292857,3,simulated
simulated,6,sub,yes,817.0571026403417,3,simulated
simulated,6,sub,yes,817.0850723088062,3,simulated
simulated,6,sub,yes,816.9967657593693,3,simulated
simulated,6,sub,yes,816.8104602672814,3,simulated
simulated,6,sub,yes,817.0806367063411,3,simulated
simulated,6,sub,yes,817.0568199362816,3,simulated
simulated,6,sub,yes,817.06246136034,3,simulated
simulated,6,sub,yes,816.9248344998974,3,simulated
simulated,6,sub,yes,817.0344663871825,3,simulated
simulated,6,sub,yes,816.9515964693556,3,simulated
simulated,6,sub,yes,816.8893261267145,3,simulated
simulated,6,sub,yes,817.072866367219,3,simulated
simulated,6,sub,yes,816.9561386591266,3,simulated
simulated,6,sub,yes,817.0367971202822,3,simulated
simulated,6,sub,yes,816.8489859138124,3,simulated
simulated,6,sub,yes,816.9276520538227,3,simulated
simulated,6,sub,yes,816.9553274074984,3,simulated
simulated,6,sub,yes,816.9954862113497,3,simulated
simulated,6,sub,yes,816.9503197785781,3,simulated
simulated,6,sub,yes,817.039771800041,3,simulated
simulated,6,sub,yes,816.8308094759633,3,simulated
simulated,6,sub,yes,816.9868649023975,3,simulated
simulated,6,sub,yes,816.9596367130143,3,simulated
simulated,6,sub,yes,816.8478544368995,3,simulated
simulated,6,sub,yes,816.9617207456738,3,simulated
simulated,6,sub,yes,816.8060117247743,3,simulated
simulated,6,sub,yes,816.7152817937596,3,simulated
simulated,6,sub,yes,817.064208480414,3,simulated
simulated,6,sub,yes,817.0783826624136,3,simulated
simulated,6,sub,yes,816.9175611341489,3,simulated
simulated,6,sub,yes,816.8131636397015,3,simulated
simulated,6,sub,yes,816.9411750962158,3,simulated
simulated,6,sub,yes,816.9663761888796,3,simulated
simulated,6,sub,no,817.0251292903154,3,simulated
simulated,6,sub,yes,817.043064709794,3,simulated
simulated,6,sub,yes,816.9605149462286,3,simulated
simulated,6,sub,yes,817.1991387525198,3,simulated
simulated,6,sub,yes,817.0627110499152,3,simulated
simulated,6,sub,yes,816.973518416334,3,simulated
simulated,6,sub,yes,816.9273271199071,3,simulated
simulated,6,sub,yes,817.1405158725155,3,simulated
simulated,6,sub,yes,816.9957025070081,3,simulated
simulated,6,sub,yes,816.9420022108633,3,simulated
simulated,6,sub,yes,817.0653193853744,3,simulated
simulated,6,sub,yes,816.9730672948651,3,simulated
simulated,6,sub,yes,817.0609795786006,3,simulated
simulated,6,sub,yes,816.9911876868152,3,simulated
simulated,6,sub,yes,817.0408071116016,3,simulated
simulated,6,sub,yes,817.1176931951987,3,simulated
simulated,6,sub,yes,816.9837933057165,3,simulated
simulated,7,sub,yes,816.8316097359234,3,simulated
simulated,7,sub,yes,816.9259082421316,3,simulated
simulated,7,sub,yes,816.9131497093574,3,simulated
simulated,7,sub,yes,816.9575135883475,3,simulated
simulated,7,sub,yes,816.8901240578562,3,simulated
simulated,7,sub,yes,816.9090838550613,3,simulated
simulated,7,sub,yes,817.1211910165085,3,simulated
simulated,7,sub,yes,816.8294355470617,3,simulated
simulated,7,sub,yes,816.9766589969954,3,simulated
simulated,7,sub,yes,817.097181739756,3,simulated
simulated,7,sub,yes,816.939039327907,3,simulated
simulated,7,sub,yes,817.0150008322889,3,simulated
simulated,7,sub,yes,817.0025706986066,3,simulated
simulated,7,sub,yes,817.1174919037082,3,simulated
simulated,7,sub,yes,816.8699444977303,3,simulated
simulated,7,sub,yes,817.0238602660248,3,simulated
simulated,7,sub,yes,817.0745700848335,3,simulated
simulated,7,sub,yes,816.836524540426,3,simulated
simulated,7,sub,yes,817.0218575058142,3,simulated
simulated,7,sub,yes,817.0062185031632,3,simulated
simulated,7,sub,yes,817.0704434035543,3,simulated
simulated,7,sub,yes,816.8751482152837,3,simulated
simulated,7,sub,yes,816.9943136028248,3,simulated
simulated,7,sub,yes,817.0318571483621,3,simulated
simulated,7,sub,yes,816.9962199899638,3,simulated
simulated,7,sub,yes,816.8725069422294,3,simulated
simulated,7,sub,yes,816.8277921072051,3,simulated
simulated,7,sub,yes,816.8436080173369,3,simulated
simulated,7,sub,yes,816.9143390461215,3,simulated
simulated,7,sub,yes,817.0012797679075,3,simulated
simulated,7,sub,no,817.1110382509381,3,simulated
simulated,7,sub,yes,816.977087353036,3,simulated
simulated,7,sub,yes,816.9900906488168,3,simulated
simulated,7,sub,yes,816.9087559164955,3,simulated
simulated,7,sub,yes,816.9830382045989,3,simulated
simulated,7,sub,yes,816.8556976196162,3,simulated
simulated,7,sub,yes,816.9757955719895,3,simulated
simulated,7,sub,yes,816.9323688678884,3,simulated
simulated,7,sub,no,817.0118219917268,3,simulated
simulated,7,sub,yes,816.9286347123699,3,simulated
simulated,7,sub,yes,817.0720045700082,3,simulated
simulated,7,sub,yes,817.1463947630402,3,simulated
simulated,7,sub,yes,816.953072323352,3,simulated
simulated,7,sub,yes,816.9673840426884,3,simulated
simulated,7,sub,yes,817.1443636388485,3,simulated
simulated,7,sub,yes,816.8950292099175,3,simulated
simulated,7,sub,yes,816.9714625166913,3,simulated
simulated,7,sub,yes,816.9904306260705,3,simulated
simulated,7,sub,yes,817.0126228579275,3,simulated
simulated,7,sub,yes,816.9716140281963,3,simulated
simulated,0,super,yes,85.62412229932612,4,simulated
simulated,0,super,yes,85.64057840352969,4,simulated
simulated,0,super,yes,85.70997249908926,4,simulated
simulated,0,super,yes,85.64702012764799,4,simulated
simulated,0,super,yes,85.6204730974305,4,simulated
simulated,0,super,yes,85.654697153451,4,simulated
simulated,0,super,yes,85.69183021680357,4,simulated
simulated,0,super,yes,85.7011347957675,4,simulated
simulated,0,super,yes,85.59721355902204,4,simulated
simulated,0,super,yes,85.6529914484275,4,simulated
simulated,0,super,yes,85.69128119527277,4,simulated
simulated,0,super,yes,85.72318896796227,4,simulated
simulated,0,super,yes,85.68462006308421,4,simulated
simulated,0,super,yes,85.70698400011022,4,simulated
simulated,0,super,yes,85.67314624621075,4,simulated
simulated,0,super,yes,85.6220937126471,4,simulated
simulated,0,super,yes,85.66475732115057,4,simulated
simulated,0,super,yes,85.63408593698668,4,simulated
simulated,0,super,yes,85.69189080922385,4,simulated
simulated,0,super,yes,85.67627120834945,4,simulated
simulated,0,super,yes,85.64504206499325,4,simulated
simulated,0,super,yes,85.71987066374635,4,simulated
simulated,0,super,yes,85.6042390047198,4,simulated
simulated,0,super,yes,85.69260798656579,4,simulated
simulated,0,super,yes,85.6371425656729,4,simulated
simulated,0,super,yes,85.59300746113952,4,simulated
simulated,0,super,yes,85.67074661036449,4,simulated
simulated,0,super,yes,85.66194914182371,4,simulated
simulated,0,super,yes,85.65651100429042,4,simulated
simulated,0,super,yes,85.70833570589558,4,simulated
simulated,0,super,yes,85.61143540324377,4,simulated
simulated,0,super,yes,85.71108839254256,4,simulated
simulated,0,super,yes,85.6724311392892,4,simulated
simulated,0,super,yes,85.63088352492396,4,simulated
simulated,0,super,yes,85.6719569130163,4,simulated
simulated,0,super,yes,85.63410273450756,4,simulated
simulated,0,super,yes,85.67804907630156,4,simulated
simulated,0,super,yes,85.7131781707339,4,simulated
simulated,0,super,yes,85.65866682049605,4,simulated
simulated,0,super,yes,85.6093242840644,4,simulated
simulated,0,super,yes,85.61768485722214,4,simulated
simulated,0,super,yes,85.67455841370187,4,simulated
simulated,0,super,yes,85.64424404483883,4,simulated
simulated,0,super,yes,85.72008131033832,4,simulated
simulated,0,super,yes,85.63268496948996,4,simulated
simulated,0,super,yes,85.65926240262876,4,simulated
simulated,0,super,yes,85.68884614760823,4,simulated
simulated,0,super,yes,85.67715238138972,4,simulated
simulated,0,super,yes,85.67339270230013,4,simulated
simulated,0,super,yes,85.59891316716825,4,simulated
simulated,0,super,yes,85.61835297841297,4,simulated
simulated,0,super,yes,85.60492420004361,4,simulated
simulated,0,super,yes,85.68165839971606,4,simulated
simulated,0,super,yes,85.73373812047429,4,simulated
simulated,0,super,yes,85.64671375033016,4,simulated
simulated,0,super,yes,85.62634404621915,4,simulated
simulated,0,super,yes,85.68339357347477,4,simulated
simulated,0,super,yes,85.6614194155587,4,simulated
simulated,0,super,yes,85.67486182052527,4,simulated
simulated,0,super,yes,85.61031540078153,4,simulated
simulated,0,super,yes,85.66671609574303,4,simulated
simulated,0,super,yes,85.66797931273526,4,simulated
simulated,0,super,yes,85.70474586333762,4,simulated
simulated,0,super,yes,85.64763197902909,4,simulated
simulated,0,super,yes,85.62578498476661,4,simulated
simulated,0,super,yes,85.6634836514823,4,simulated
simulated,0,super,yes,85.72271019335548,4,simulated
simulated,0,super,yes,85.68919034439108,4,simulated
simulated,0,super,yes,85.63104058140985,4,simulated
simulated,0,super,yes,85.66854926817241,4,simulated
simulated,0,super,yes,85.64763046561494,4,simulated
simulated,0,super,yes,85.66013519731065,4,simulated
simulated,0,super,yes,85.69852366260733,4,simulated
simulated,0,super,yes,85.7229172558019,4,simulated
simulated,0,super,yes,85.6443316723859,4,simulated
simulated,0,super,yes,85.65810567482498,4,simulated
simulated,0,super,yes,85.69764593383262,4,simulated
simulated,0,super,yes,85.66843651966339,4,simulated
simulated,0,super,yes,85.76744879768523,4,simulated
simulated,0,super,yes,85.66987669679287,4,simulated
simulated,0,super,yes,85.65153158289371,4,simulated
simulated,0,super,yes,85.67572903127642,4,simulated
simulated,0,super,yes,85.63976856409379,4,simulated
simulated,0,super,yes,85.57144521055794,4,simulated
simulated,0,super,yes,85.71473344165287,4,simulated
simulated,0,super,yes,85.68718191423122,4,simulated
simulated,0,super,yes,85.71678740992428,4,simulated
simulated,0,super,yes,85.6495980806034,4,simulated
simulated,0,super,yes,85.70320501808645,4,simulated
simulated,0,super,yes,85.674201899664,4,simulated
simulated,0,super,yes,85.6880902369006,4,simulated
simulated,0,super,yes,85.67947677708894,4,simulated
simulated,0,super,yes,85.73365943280324,4,simulated
simulated,0,super,yes,85.65528824816684,4,simulated
simulated,0,super,yes,85.73398494397489,4,simulated
simulated,0,super,yes,85.63415077228481,4,simulated
simulated,0,super,yes,85.77127907643826,4,simulated
simulated,0,super,yes,85.70672365214186,4,simulated
simulated,0,super,yes,85.6246940597451,4,simulated
simulated,0,super,yes,85.57109389140435,4,simulated
simulated,0,super,yes,85.64746823293258,4,simulated
simulated,0,super,yes,85.74079929546264,4,simulated
simulated,0,super,yes,85.65032166610754,4,simulated
simulated,0,super,yes,85.60192957319819,4,simulated
simulated,0,super,yes,85.71907438893172,4,simulated
simulated,0,super,yes,85.6741265955984,4,simulated
simulated,0,super,yes,85.69196077023572,4,simulated
simulated,0,super,yes,85.60991235911165,4,simulated
simulated,0,super,yes,85.69786943578829,4,simulated
simulated,0,super,yes,85.69173182778292,4,simulated
simulated,0,super,yes,85.63385759312368,4,simulated
simulated,0,super,yes,85.72662428291731,4,simulated
simulated,0,super,yes,85.5979823420499,4,simulated
simulated,0,super,yes,85.6790733890956,4,simulated
simulated,0,super,yes,85.63721150930536,4,simulated
simulated,0,super,yes,85.58826546410853,4,simulated
simulated,0,super,yes,85.5971137423704,4,simulated
simulated,0,super,yes,85.6856211536329,4,simulated
simulated,0,super,yes,85.72316511016588,4,simulated
simulated,0,super,yes,85.69534542517334,4,simulated
simulated,0,super,yes,85.68295803803744,4,simulated
simulated,0,super,yes,85.65473004951478,4,simulated
simulated,0,super,yes,85.67347191800667,4,simulated
simulated,0,super,yes,85.66725474216702,4,simulated
simulated,0,super,yes,85.57988468841617,4,simulated
simulated,0,super,yes,85.62797759226267,4,simulated
simulated,0,super,yes,85.62681378143283,4,simulated
simulated,0,super,yes,85.60516606498612,4,simulated
simulated,0,super,yes,85.65762278206087,4,simulated
simulated,0,super,yes,85.61688342576734,4,simulated
simulated,0,super,yes,85.682129115841,4,simulated
simulated,0,super,yes,85.68581818995769,4,simulated
simulated,0,super,yes,85.61471974568052,4,simulated
simulated,0,super,yes,85.64815441089068,4,simulated
simulated,0,super,yes,85.64085817487612,4,simulated
simulated,0,super,yes,85.58047484302074,4,simulated
simulated,0,super,yes,85.67544105507315,4,simulated
simulated,0,super,yes,85.67857037792339,4,simulated
simulated,0,super,yes,85.6245441956624,4,simulated
simulated,0,super,yes,85.6305817196186,4,simulated
simulated,0,super,yes,85.68460394086073,4,simulated
simulated,0,super,yes,85.61581830089625,4,simulated
simulated,0,super,yes,85.66876818820398,4,simulated
simulated,0,super,yes,85.64105690440424,4,simulated
simulated,0,super,yes,85.64016670565937,4,simulated
simulated,0,super,yes,85.64260638570353,4,simulated
simulated,0,super,yes,85.58424211746545,4,simulated
simulated,0,super,yes,85.63094834489532,4,simulated
simulated,0,super,yes,85.64973884501205,4,simulated
simulated,0,super,yes,85.6618766960075,4,simulated
simulated,0,super,yes,85.68795960180223,4,simulated
simulated,0,super,yes,85.62445968526268,4,simulated
simulated,0,super,yes,85.73160942821649,4,simulated
simulated,0,super,yes,85.63740988545271,4,simulated
simulated,0,super,yes,85.74633602747824,4,simulated
simulated,0,super,yes,85.62671178005206,4,simulated
simulated,0,super,yes,85.69335061132185,4,simulated
simulated,0,super,yes,85.62521175886044,4,simulated
simulated,0,super,yes,85.61288886171408,4,simulated
simulated,0,super,yes,85.66505066751857,4,simulated
simulated,0,super,yes,85.63825128888908,4,simulated
simulated,0,super,yes,85.6913288016743,4,simulated
simulated,0,super,yes,85.64855535286942,4,simulated
simulated,0,super,yes,85.63193128322021,4,simulated
simulated,0,super,yes,85.65821922573093,4,simulated
simulated,0,super,yes,85.63577992846747,4,simulated
simulated,0,super,yes,85.60728249048498,4,simulated
simulated,0,super,yes,85.65400653389986,4,simulated
simulated,0,super,yes,85.71786725985484,4,simulated
simulated,0,super,yes,85.69543968632692,4,simulated
simulated,0,super,yes,85.71571994318195,4,simulated
simulated,0,super,yes,85.63703193052987,4,simulated
simulated,0,super,yes,85.66846616018405,4,simulated
simulated,0,super,yes,85.58222263818256,4,simulated
simulated,0,super,yes,85.60792466758043,4,simulated
simulated,0,super,yes,85.71340383764624,4,simulated
simulated,0,super,yes,85.68357707410077,4,simulated
simulated,0,super,yes,85.62198023694182,4,simulated
simulated,0,super,yes,85.6250709266598,4,simulated
simulated,0,super,yes,85.66349197922547,4,simulated
simulated,0,super,yes,85.67175169170707,4,simulated
simulated,0,super,yes,85.69136633762888,4,simulated
simulated,0,super,yes,85.67583242544708,4,simulated
simulated,0,super,yes,85.66048372751168,4,simulated
simulated,0,super,yes,85.62101945606656,4,simulated
simulated,0,super,yes,85.7049950366937,4,simulated
simulated,0,super,yes,85.59469269171001,4,simulated
simulated,0,super,yes,85.69606081092783,4,simulated
simulated,0,super,yes,85.67101707633964,4,simulated
simulated,0,super,yes,85.69190720694304,4,simulated
simulated,0,super,yes,85.64530274568205,4,simulated
simulated,0,super,yes,85.6139250702871,4,simulated
simulated,0,super,yes,85.6009873151836,4,simulated
simulated,0,super,yes,85.60919869498326,4,simulated
simulated,0,super,yes,85.64496716965768,4,simulated
simulated,0,super,yes,85.66491420060203,4,simulated
simulated,0,super,yes,85.75740498448823,4,simulated
simulated,0,super,yes,85.63149254494027,4,simulated
simulated,0,super,yes,85.66860547057456,4,simulated
simulated,0,super,yes,85.63437950300926,4,simulated
simulated,1,super,yes,85.67232686461334,4,simulated
simulated,1,super,yes,85.66379562282236,4,simulated
simulated,1,super,yes,85.67088656106101,4,simulated
simulated,1,super,yes,85.62360396848882,4,simulated
simulated,1,super,yes,85.63963290888967,4,simulated
simulated,1,super,yes,85.66282140254161,4,simulated
simulated,1,super,yes,85.62271020686669,4,simulated
simulated,1,super,yes,85.64661054772114,4,simulated
simulated,1,super,yes,85.6760617165068,4,simulated
simulated,1,super,yes,85.65420228345273,4,simulated
simulated,1,super,yes,85.65434739264663,4,simulated
simulated,1,super,yes,85.64996729436503,4,simulated
simulated,1,super,yes,85.71059169986334,4,simulated
simulated,1,super,yes,85.63274113463764,4,simulated
simulated,1,super,yes,85.68291716261105,4,simulated
simulated,1,super,yes,85.62459181704294,4,simulated
simulated,1,super,yes,85.6479178902572,4,simulated
simulated,1,super,yes,85.60053763408195,4,simulated
simulated,1,super,yes,85.69965110693333,4,simulated
simulated,1,super,yes,85.70433845094725,4,simulated
simulated,1,super,yes,85.63983905473492,4,simulated
simulated,1,super,yes,85.76353038772172,4,simulated
simulated,1,super,yes,85.62022698279772,4,simulated
simulated,1,super,yes,85.6672559976886,4,simulated
simulated,1,super,yes,85.6982573812459,4,simulated
simulated,1,super,yes,85.61803798962463,4,simulated
simulated,1,super,yes,85.65482942615787,4,simulated
simulated,1,super,yes,85.6477422275822,4,simulated
simulated,1,super,yes,85.66949825469905,4,simulated
simulated,1,super,yes,85.67255977268817,4,simulated
simulated,1,super,yes,85.6685939896262,4,simulated
simulated,1,super,yes,85.64445756440156,4,simulated
simulated,1,super,yes,85.70756876246574,4,simulated
simulated,1,super,yes,85.65387809897089,4,simulated
simulated,1,super,yes,85.72216767997973,4,simulated
simulated,1,super,yes,85.6399826472774,4,simulated
simulated,1,super,yes,85.69210527308395,4,simulated
simulated,1,super,yes,85.69408668390511,4,simulated
simulated,1,super,yes,85.62803740450661,4,simulated
simulated,1,super,yes,85.68523846155315,4,simulated
simulated,1,super,yes,85.63915764656205,4,simulated
simulated,1,super,yes,85.63436548398128,4,simulated
simulated,1,super,yes,85.63546488049526,4,simulated
simulated,1,super,yes,85.70999297215842,4,simulated
simulated,1,super,yes,85.70869322695414,4,simulated
simulated,1,super,yes,85.65367032596573,4,simulated
simulated,1,super,yes,85.66554721867831,4,simulated
simulated,1,super,yes,85.60656885174951,4,simulated
simulated,1,super,yes,85.64601795497897,4,simulated
simulated,1,super,yes,85.70953096206588,4,simulated
simulated,1,super,yes,85.56996858781973,4,simulated
simulated,1,super,yes,85.70822439035801,4,simulated
simulated,1,super,yes,85.6265496467699,4,simulated
simulated,1,super,yes,85.70893630486879,4,simulated
simulated,1,super,yes,85.67471474895542,4,simulated
simulated,1,super,yes,85.71169413018836,4,simulated
simulated,1,super,yes,85.6420252322547,4,simulated
simulated,1,super,yes,85.68929563364112,4,simulated
simulated,1,super,yes,85.69522034341716,4,simulated
simulated,1,super,yes,85.72103525485068,4,simulated
simulated,1,super,yes,85.67558954045792,4,simulated
simulated,1,super,yes,85.70878631954167,4,simulated
simulated,1,super,yes,85.65072840257098,4,simulated
simulated,1,super,yes,85.7438654506561,4,simulated
simulated,1,super,yes,85.6414051481084,4,simulated
simulated,1,super,yes,85.63407369734112,4,simulated
simulated,1,super,yes,85.58237821502267,4,simulated
simulated,1,super,yes,85.6583849661537,4,simulated
simulated,1,super,yes,85.6455498891832,4,simulated
simulated,1,super,yes,85.75020131371039,4,simulated
simulated,1,super,yes,85.62822303147777,4,simulated
simulated,1,super,yes,85.71425957419507,4,simulated
simulated,1,super,yes,85.69763461038114,4,simulated
simulated,1,super,yes,85.66102471362426,4,simulated
simulated,1,super,yes,85.66983491550621,4,simulated
simulated,1,super,yes,85.65196588813389,4,simulated
simulated,1,super,yes,85.74355765959218,4,simulated
simulated,1,super,yes,85.64606623167755,4,simulated
simulated,1,super,yes,85.67152070646782,4,simulated
simulated,1,super,yes,85.75518084050728,4,simulated
simulated,1,super,yes,85.7093229068097,4,simulated
simulated,1,super,yes,85.66222382682334,4,simulated
simulated,1,super,yes,85.65658740770269,4,simulated
simulated,1,super,yes,85.68487037619413,4,simulated
simulated,1,super,yes,85.66722080299344,4,simulated
simulated,1,super,yes,85.69000509612944,4,simulated
simulated,1,super,yes,85.69281126208607,4,simulated
simulated,1,super,yes,85.66511622194916,4,simulated
simulated,1,super,yes,85.6908210716532,4,simulated
simulated,1,super,yes,85.70653322792671,4,simulated
simulated,1,super,yes,85.65394711511492,4,simulated
simulated,1,super,yes,85.72822776125604,4,simulated
simulated,1,super,yes,85.68659146228194,4,simulated
simulated,1,super,yes,85.66044744161321,4,simulated
simulated,1,super,yes,85.72121892043539,4,simulated
simulated,1,super,yes,85.62040408832148,4,simulated
simulated,1,super,yes,85.65628223071414,4,simulated
simulated,1,super,yes,85.67901871951773,4,simulated
simulated,1,super,yes,85.65244537053822,4,simulated
simulated,1,super,yes,85.65045966132827,4,simulated
simulated,1,super,yes,85.65689060265716,4,simulated
simulated,1,super,yes,85.64730949565127,4,simulated
simulated,1,super,yes,85.64991529756998,4,simulated
simulated,1,super,yes,85.60569618002019,4,simulated
simulated,1,super,yes,85.564624403326,4,simulated
simulated,1,super,yes,85.64250740520787,4,simulated
simulated,1,super,yes,85.68304360129754,4,simulated
simulated,1,super,yes,85.66954623729625,4,simulated
simulated,1,super,yes,85.60760789311895,4,simulated
simulated,1,super,yes,85.58951008953642,4,simulated
simulated,1,super,yes,85.64315080921666,4,simulated
simulated,1,super,yes,85.68492339311787,4,simulated
simulated,1,super,yes,85.67336308476584,4,simulated
simulated,1,super,yes,85.65525782101172,4,simulated
simulated,1,super,yes,85.68461271964226,4,simulated
simulated,1,super,yes,85.64157913400251,4,simulated
simulated,1,super,yes,85.6567213429903,4,simulated
simulated,1,super,yes,85.68183701823997,4,simulated
simulated,1,super,yes,85.65191459992091,4,simulated
simulated,1,super,yes,85.67811586569385,4,simulated
simulated,1,super,yes,85.72528116351411,4,simulated
simulated,1,super,yes,85.66447289334079,4,simulated
simulated,1,super,yes,85.59078625657375,4,simulated
simulated,1,super,yes,85.70211024681437,4,simulated
simulated,1,super,yes,85.62524274930026,4,simulated
simulated,1,super,yes,85.73551438357237,4,simulated
simulated,1,super,yes,85.66196653361094,4,simulated
simulated,1,super,yes,85.62684156862335,4,simulated
simulated,1,super,yes,85.62223589467885,4,simulated
simulated,1,super,yes,85.64555046733929,4,simulated
simulated,1,super,yes,85.71485484491721,4,simulated
simulated,1,super,yes,85.70447015023818,4,simulated
simulated,1,super,yes,85.71519238707229,4,simulated
simulated,1,super,yes,85.6569098742876,4,simulated
simulated,1,super,yes,85.65184825335136,4,simulated
simulated,1,super,yes,85.59888332597048,4,simulated
simulated,1,super,yes,85.72414263702098,4,simulated
simulated,1,super,yes,85.76787473278587,4,simulated
simulated,1,super,yes,85.62600622685757,4,simulated
simulated,1,super,yes,85.61503996206885,4,simulated
simulated,1,super,yes,85.69757942081137,4,simulated
simulated,1,super,yes,85.71910159198572,4,simulated
simulated,1,super,yes,85.64587912711195,4,simulated
simulated,1,super,yes,85.62623226968766,4,simulated
simulated,1,super,yes,85.68201647051761,4,simulated
simulated,1,super,yes,85.67073276894536,4,simulated
simulated,1,super,yes,85.64556727519958,4,simulated
simulated,1,super,yes,85.71780749274404,4,simulated
simulated,1,super,yes,85.65607749142262,4,simulated
simulated,1,super,yes,85.65254141814319,4,simulated
simulated,1,super,yes,85.69437440988418,4,simulated
simulated,1,super,yes,85.68409879934045,4,simulated
simulated,1,super,yes,85.68780841082344,4,simulated
simulated,1,super,yes,85.75217751196526,4,simulated
simulated,1,super,yes,85.74783377270609,4,simulated
simulated,1,super,yes,85.61988308169288,4,simulated
simulated,1,super,yes,85.64129943237361,4,simulated
simulated,1,super,yes,85.56413466234575,4,simulated
simulated,1,super,yes,85.66428954365038,4,simulated
simulated,1,super,yes,85.65565016919201,4,simulated
simulated,1,super,yes,85.72100777783608,4,simulated
simulated,1,super,yes,85.68029468602116,4,simulated
simulated,1,super,yes,85.70659363317597,4,simulated
simulated,1,super,yes,85.66217013946412,4,simulated
simulated,1,super,yes,85.67123515196795,4,simulated
simulated,1,super,yes,85.65612855354804,4,simulated
simulated,1,super,yes,85.69774141042764,4,simulated
simulated,1,super,yes,85.64683586189643,4,simulated
simulated,1,super,yes,85.65248719761097,4,simulated
simulated,1,super,yes,85.64697882106725,4,simulated
simulated,1,super,yes,85.66335198843433,4,simulated
simulated,1,super,yes,85.65546335782349,4,simulated
simulated,1,super,yes,85.74403302608967,4,simulated
simulated,1,super,yes,85.6326077132263,4,simulated
simulated,1,super,yes,85.65559990246624,4,simulated
simulated,1,super,yes,85.59677774358164,4,simulated
simulated,1,super,yes,85.69998511416159,4,simulated
simulated,1,super,yes,85.66755659994637,4,simulated
simulated,1,super,yes,85.64416625194288,4,simulated
simulated,1,super,yes,85.68493883975404,4,simulated
simulated,1,super,yes,85.59040641652237,4,simulated
simulated,1,super,yes,85.6467303760871,4,simulated
simulated,1,super,yes,85.7227291061414,4,simulated
simulated,1,super,yes,85.66092336380045,4,simulated
simulated,1,super,yes,85.63836818463135,4,simulated
simulated,1,super,yes,85.61549462855285,4,simulated
simulated,1,super,yes,85.71436117536376,4,simulated
simulated,1,super,yes,85.61141303586646,4,simulated
simulated,1,super,yes,85.64560671055204,4,simulated
simulated,1,super,yes,85.66798094737959,4,simulated
simulated,1,super,yes,85.74060553640697,4,simulated
simulated,1,super,yes,85.63543559808933,4,simulated
simulated,1,super,yes,85.61105863539088,4,simulated
simulated,1,super,yes,85.65543655698649,4,simulated
simulated,1,super,yes,85.67956016537997,4,simulated
simulated,1,super,yes,85.72659468902258,4,simulated
simulated,1,super,yes,85.73568611651147,4,simulated
simulated,1,super,yes,85.64466361797788,4,simulated
simulated,1,super,yes,85.68338252816191,4,simulated
simulated,1,super,yes,85.60839781051794,4,simulated
simulated,0,basic,yes,253.22367610562273,4,simulated
simulated,0,basic,yes,253.241109683601,4,simulated
simulated,0,basic,yes,253.2298349906155,4,simulated
simulated,0,basic,yes,253.17643370643407,4,simulated
simulated,0,basic,yes,253.16886423597575,4,simulated
simulated,0,basic,yes,253.22834836300837,4,simulated
simulated,0,basic,yes,253.15268470006825,4,simulated
simulated,0,basic,yes,253.23649463025427,4,simulated
simulated,0,basic,yes,253.18255997066632,4,simulated
simulated,0,basic,yes,253.19727757769994,4,simulated
simulated,0,basic,yes,253.2257897425399,4,simulated
simulated,0,basic,yes,253.21756576396834,4,simulated
simulated,0,basic,yes,253.2496679352317,4,simulated
simulated,0,basic,yes,253.2445406027499,4,simulated
simulated,0,basic,yes,253.25676952180518,4,simulated
simulated,0,basic,yes,253.24859196718282,4,simulated
simulated,0,basic,yes,253.1430420516267,4,simulated
simulated,0,basic,yes,253.1860110974041,4,simulated
simulated,0,basic,yes,253.18076475993016,4,simulated
simulated,0,basic,yes,253.26147967020557,4,simulated
simulated,0,basic,yes,253.23677451071015,4,simulated
simulated,0,basic,yes,253.24435786811054,4,simulated
simulated,0,basic,yes,253.16253532592725,4,simulated
simulated,0,basic,yes,253.1305235393756,4,simulated
simulated,0,basic,yes,253.27263745925575,4,simulated
simulated,0,basic,yes,253.26083796211643,4,simulated
simulated,0,basic,yes,253.22282464954324,4,simulated
simulated,0,basic,yes,253.18196885204037,4,simulated
simulated,0,basic,yes,253.25263521479013,4,simulated
simulated,0,basic,yes,253.14313643501262,4,simulated
simulated,0,basic,yes,253.1792009799262,4,simulated
simulated,0,basic,yes,253.14405190458723,4,simulated
simulated,0,basic,yes,253.25006620684587,4,simulated
simulated,0,basic,yes,253.15208203168623,4,simulated
simulated,0,basic,yes,253.13637918948893,4,simulated
simulated,0,basic,yes,253.23067506747512,4,simulated
simulated,0,basic,yes,253.20241546020844,4,simulated
simulated,0,basic,yes,253.195461173723,4,simulated
simulated,0,basic,yes,253.1908369175039,4,simulated
simulated,0,basic,yes,253.1829342268177,4,simulated
simulated,0,basic,yes,253.24749668051953,4,simulated
simulated,0,basic,yes,253.21876900844904,4,simulated
simulated,0,basic,yes,253.2578383150985,4,simulated
simulated,0,basic,yes,253.18651902808674,4,simulated
simulated,0,basic,yes,253.2143671560302,4,simulated
simulated,0,basic,yes,253.22681918251254,4,simulated
simulated,0,basic,yes,253.23646673126174,4,simulated
simulated,0,basic,yes,253.22486248381753,4,simulated
simulated,0,basic,yes,253.21763835121544,4,simulated
simulated,0,basic,yes,253.19325125024235,4,simulated
simulated,0,basic,yes,253.21759811405295,4,simulated
simulated,0,basic,yes,253.11567663908096,4,simulated
simulated,0,basic,yes,253.2866491253041,4,simulated
simulated,0,basic,yes,253.1292333860711,4,simulated
simulated,0,basic,yes,253.24793688353245,4,simulated
simulated,0,basic,yes,253.08004209987553,4,simulated
simulated,0,basic,yes,253.13976536680323,4,simulated
simulated,0,basic,yes,253.1155508988573,4,simulated
simulated,0,basic,yes,253.12116410985618,4,simulated
simulated,0,basic,yes,253.18108608038568,4,simulated
simulated,0,basic,yes,253.23215809498987,4,simulated
simulated,0,basic,yes,253.1837548721737,4,simulated
simulated,0,basic,yes,253.19920924869072,4,simulated
simulated,0,basic,yes,253.1975410692735,4,simulated
simulated,0,basic,yes,253.19969322631093,4,simulated
simulated,0,basic,yes,253.15532179535367,4,simulated
simulated,0,basic,yes,253.22757214327612,4,simulated
simulated,0,basic,yes,253.2096736087406,4,simulated
simulated,0,basic,yes,253.2284533576426,4,simulated
simulated,0,basic,yes,253.2006646687326,4,simulated
simulated,0,basic,yes,253.21813931134744,4,simulated
simulated,0,basic,yes,253.1485875873417,4,simulated
simulated,0,basic,yes,253.18793273492113,4,simulated
simulated,0,basic,yes,253.20119411003236,4,simulated
simulated,0,basic,yes,253.15924214453395,4,simulated
simulated,0,basic,yes,253.18552537903636,4,simulated
simulated,0,basic,yes,253.20183525138643,4,simulated
simulated,0,basic,yes,253.1090838971561,4,simulated
simulated,0,basic,yes,253.26960427121887,4,simulated
simulated,0,basic,yes,253.22635984300118,4,simulated
simulated,0,basic,yes,253.2220242573638,4,simulated
simulated,0,basic,yes,253.20947991876986,4,simulated
simulated,0,basic,yes,253.10700664780185,4,simulated
simulated,0,basic,yes,253.1663316176036,4,simulated
simulated,0,basic,yes,253.13397908535947,4,simulated
simulated,0,basic,yes,253.22260525944603,4,simulated
simulated,0,basic,yes,253.24030857400274,4,simulated
simulated,0,basic,yes,253.18137175738892,4,simulated
simulated,0,basic,yes,253.21979574749056,4,simulated
simulated,0,basic,yes,253.24255217196728,4,simulated
simulated,0,basic,yes,253.21723493918344,4,simulated
simulated,0,basic,yes,253.2098184646871,4,simulated
simulated,0,basic,yes,253.26278620746484,4,simulated
simulated,0,basic,yes,253.1515169867931,4,simulated
simulated,0,basic,yes,253.23743357950832,4,simulated
simulated,0,basic,yes,253.233727800945,4,simulated
simulated,0,basic,yes,253.15816927195095,4,simulated
simulated,0,basic,yes,253.1841335993115,4,simulated
simulated,0,basic,yes,253.1279143397104,4,simulated
simulated,0,basic,yes,253.18320041300552,4,simulated
simulated,1,basic,yes,253.2378548590135,4,simulated
simulated,1,basic,yes,253.28152030966285,4,simulated
simulated,1,basic,yes,253.10917101029176,4,simulated
simulated,1,basic,yes,253.1576718683173,4,simulated
simulated,1,basic,yes,253.19693548926998,4,simulated
simulated,1,basic,yes,253.18521081814194,4,simulated
simulated,1,basic,yes,253.27436425950532,4,simulated
simulated,1,basic,yes,253.18183059805082,4,simulated
simulated,1,basic,yes,253.21294412941657,4,simulated
simulated,1,basic,yes,253.1764084431211,4,simulated
simulated,1,basic,yes,253.31538302395444,4,simulated
simulated,1,basic,yes,253.15174762762337,4,simulated
simulated,1,basic,yes,253.18706449607134,4,simulated
simulated,1,basic,yes,253.21016900230873,4,simulated
simulated,1,basic,yes,253.22467627937243,4,simulated
simulated,1,basic,yes,253.15490427089648,4,simulated
simulated,1,basic,yes,253.19201866505708,4,simulated
simulated,1,basic,yes,253.21541557121498,4,simulated
simulated,1,basic,yes,253.21329561857652,4,simulated
simulated,1,basic,yes,253.16724439794228,4,simulated
simulated,1,basic,yes,253.16273356370917,4,simulated
simulated,1,basic,yes,253.20666871011207,4,simulated
simulated,1,basic,yes,253.22604823783448,4,simulated
simulated,1,basic,yes,253.2105927276762,4,simulated
simulated,1,basic,yes,253.2083121375947,4,simulated
simulated,1,basic,yes,253.2021099115143,4,simulated
simulated,1,basic,yes,253.2137234531453,4,simulated
simulated,1,basic,yes,253.19144876372346,4,simulated
simulated,1,basic,yes,253.17796295242923,4,simulated
simulated,1,basic,yes,253.1928407489824,4,simulated
simulated,1,basic,yes,253.2196482737845,4,simulated
simulated,1,basic,yes,253.14677541030935,4,simulated
simulated,1,basic,yes,253.18616728170528,4,simulated
simulated,1,basic,yes,253.1642571299427,4,simulated
simulated,1,basic,yes,253.20597835783948,4,simulated
simulated,1,basic,yes,253.1511812191515,4,simulated
simulated,1,basic,yes,253.2128319181308,4,simulated
simulated,1,basic,yes,253.26665489179348,4,simulated
simulated,1,basic,yes,253.16927559703655,4,simulated
simulated,1,basic,yes,253.1514691884498,4,simulated
simulated,1,basic,yes,253.21511701516243,4,simulated
simulated,1,basic,yes,253.2082876221552,4,simulated
simulated,1,basic,yes,253.1788504105322,4,simulated
simulated,1,basic,yes,253.1946359263503,4,simulated
simulated,1,basic,yes,253.23503243235692,4,simulated
simulated,1,basic,yes,253.18038088902028,4,simulated
simulated,1,basic,yes,253.1426946150331,4,simulated
simulated,1,basic,yes,253.22350031609707,4,simulated
simulated,1,basic,yes,253.17807912932005,4,simulated
simulated,1,basic,yes,253.2210228458134,4,simulated
simulated,1,basic,yes,253.20172977413054,4,simulated
simulated,1,basic,yes,253.20974040652382,4,simulated
simulated,1,basic,yes,253.1945845552444,4,simulated
simulated,1,basic,yes,253.26788098142657,4,simulated
simulated,1,basic,yes,253.21946359356858,4,simulated
simulated,1,basic,yes,253.1475987762999,4,simulated
simulated,1,basic,yes,253.2146753123259,4,simulated
simulated,1,basic,yes,253.21893039097174,4,simulated
simulated,1,basic,yes,253.20051106363715,4,simulated
simulated,1,basic,yes,253.24489117161008,4,simulated
simulated,1,basic,yes,253.31048592894598,4,simulated
simulated,1,basic,yes,253.25655526752368,4,simulated
simulated,1,basic,yes,253.20374111700403,4,simulated
simulated,1,basic,yes,253.1948970617342,4,simulated
simulated,1,basic,yes,253.15321463304338,4,simulated
simulated,1,basic,yes,253.25038058928922,4,simulated
simulated,1,basic,yes,253.17555197690075,4,simulated
simulated,1,basic,yes,253.22851809351,4,simulated
simulated,1,basic,yes,253.20449214313527,4,simulated
simulated,1,basic,yes,253.1966210501242,4,simulated
simulated,1,basic,yes,253.25447260860918,4,simulated
simulated,1,basic,yes,253.18177673419612,4,simulated
simulated,1,basic,yes,253.20365030997624,4,simulated
simulated,1,basic,yes,253.23912033219662,4,simulated
simulated,1,basic,yes,253.14366578021475,4,simulated
simulated,1,basic,yes,253.2380730008832,4,simulated
simulated,1,basic,yes,253.2341587781461,4,simulated
simulated,1,basic,yes,253.251046846418,4,simulated
simulated,1,basic,yes,253.1651956441048,4,simulated
simulated,1,basic,yes,253.18876890677083,4,simulated
simulated,1,basic,yes,253.28695188049278,4,simulated
simulated,1,basic,yes,253.23891663692018,4,simulated
simulated,1,basic,yes,253.2715662342158,4,simulated
simulated,1,basic,yes,253.22594690988643,4,simulated
simulated,1,basic,yes,253.22124039381512,4,simulated
simulated,1,basic,yes,253.1695494429687,4,simulated
simulated,1,basic,yes,253.2995253888373,4,simulated
simulated,1,basic,yes,253.26067359358737,4,simulated
simulated,1,basic,yes,253.2108102872712,4,simulated
simulated,1,basic,yes,253.19942829605924,4,simulated
simulated,1,basic,yes,253.22905982609805,4,simulated
simulated,1,basic,yes,253.1867444408323,4,simulated
simulated,1,basic,yes,253.21801044342962,4,simulated
simulated,1,basic,yes,253.18876731809544,4,simulated
simulated,1,basic,yes,253.1540889388831,4,simulated
simulated,1,basic,yes,253.19913082312516,4,simulated
simulated,1,basic,yes,253.2460720130788,4,simulated
simulated,1,basic,yes,253.2258907395476,4,simulated
simulated,1,basic,yes,253.18050858341684,4,simulated
simulated,1,basic,yes,253.17946259159726,4,simulated
simulated,2,basic,yes,253.17430569438326,4,simulated
simulated,2,basic,yes,253.1859974068588,4,simulated
simulated,2,basic,yes,253.19430515203703,4,simulated
simulated,2,basic,yes,253.2773917539706,4,simulated
simulated,2,basic,yes,253.14771105694544,4,simulated
simulated,2,basic,yes,253.21893518810984,4,simulated
simulated,2,basic,yes,253.16224436121198,4,simulated
simulated,2,basic,yes,253.22885572110667,4,simulated
simulated,2,basic,yes,253.21551907920426,4,simulated
simulated,2,basic,yes,253.21619503265595,4,simulated
simulated,2,basic,yes,253.24980288432315,4,simulated
simulated,2,basic,yes,253.19271948609028,4,simulated
simulated,2,basic,yes,253.19734820213043,4,simulated
simulated,2,basic,yes,253.14632183706595,4,simulated
simulated,2,basic,yes,253.1800653294038,4,simulated
simulated,2,basic,yes,253.21373500174775,4,simulated
simulated,2,basic,yes,253.1684731438609,4,simulated
simulated,2,basic,yes,253.1950670343316,4,simulated
simulated,2,basic,yes,253.26368471060977,4,simulated
simulated,2,basic,yes,253.14349491823876,4,simulated
simulated,2,basic,yes,253.2340237781151,4,simulated
simulated,2,basic,yes,253.27929647538718,4,simulated
simulated,2,basic,yes,253.21996685968813,4,simulated
simulated,2,basic,yes,253.13877081378007,4,simulated
simulated,2,basic,yes,253.29308254937422,4,simulated
simulated,2,basic,yes,253.27181714141622,4,simulated
simulated,2,basic,yes,253.26842471055068,4,simulated
simulated,2,basic,yes,253.21148178899708,4,simulated
simulated,2,basic,yes,253.2300198113235,4,simulated
simulated,2,basic,yes,253.2615571496329,4,simulated
simulated,2,basic,yes,253.22088517777829,4,simulated
simulated,2,basic,yes,253.19857155703036,4,simulated
simulated,2,basic,yes,253.14766921953006,4,simulated
simulated,2,basic,yes,253.19981499533992,4,simulated
simulated,2,basic,yes,253.24353042953888,4,simulated
simulated,2,basic,yes,253.21878223467044,4,simulated
simulated,2,basic,yes,253.1827630878562,4,simulated
simulated,2,basic,yes,253.21656845264272,4,simulated
simulated,2,basic,yes,253.1825051427276,4,simulated
simulated,2,basic,yes,253.24156567246573,4,simulated
simulated,2,basic,yes,253.23227390368982,4,simulated
simulated,2,basic,yes,253.27664411802314,4,simulated
simulated,2,basic,yes,253.18474773005224,4,simulated
simulated,2,basic,yes,253.23436097391547,4,simulated
simulated,2,basic,yes,253.2020055125562,4,simulated
simulated,2,basic,yes,253.14112708562095,4,simulated
simulated,2,basic,yes,253.18629319549177,4,simulated
simulated,2,basic,yes,253.22311201280723,4,simulated
simulated,2,basic,yes,253.16144627588477,4,simulated
simulated,2,basic,yes,253.22133359686046,4,simulated
simulated,2,basic,yes,253.15255072310035,4,simulated
simulated,2,basic,yes,253.22240881587442,4,simulated
simulated,2,basic,yes,253.1960760782805,4,simulated
simulated,2,basic,yes,253.13723852626487,4,simulated
simulated,2,basic,yes,253.28625738831744,4,simulated
simulated,2,basic,yes,253.25784818989976,4,simulated
simulated,2,basic,yes,253.21059126832984,4,simulated
simulated,2,basic,yes,253.16775065256476,4,simulated
simulated,2,basic,yes,253.20260315012288,4,simulated
simulated,2,basic,yes,253.15806931964627,4,simulated
simulated,2,basic,yes,253.21977689532073,4,simulated
simulated,2,basic,yes,253.20221084676308,4,simulated
simulated,2,basic,yes,253.20031215168817,4,simulated
simulated,2,basic,yes,253.23166244870924,4,simulated
simulated,2,basic,yes,253.19552106048235,4,simulated
simulated,2,basic,yes,253.20500028622195,4,simulated
simulated,2,basic,yes,253.2067678454458,4,simulated
simulated,2,basic,yes,253.29336978884498,4,simulated
simulated,2,basic,yes,253.23739487436896,4,simulated
simulated,2,basic,yes,253.24341114089583,4,simulated
simulated,2,basic,yes,253.14562057123587,4,simulated
simulated,2,basic,yes,253.19597251667608,4,simulated
simulated,2,basic,yes,253.22973757661612,4,simulated
simulated,2,basic,yes,253.22996362431957,4,simulated
simulated,2,basic,yes,253.24830719287993,4,simulated
simulated,2,basic,yes,253.2331005872015,4,simulated
simulated,2,basic,yes,253.16909572090017,4,simulated
simulated,2,basic,yes,253.2128626714329,4,simulated
simulated,2,basic,yes,253.2409916324878,4,simulated
simulated,2,basic,yes,253.29155566276125,4,simulated
simulated,2,basic,yes,253.2646786673038,4,simulated
simulated,2,basic,yes,253.24324863623465,4,simulated
simulated,2,basic,yes,253.2509993068024,4,simulated
simulated,2,basic,yes,253.17952693080892,4,simulated
simulated,2,basic,yes,253.1905008930739,4,simulated
simulated,2,basic,yes,253.236746845088,4,simulated
simulated,2,basic,yes,253.17714030663444,4,simulated
simulated,2,basic,yes,253.2869440557471,4,simulated
simulated,2,basic,yes,253.17075705227495,4,simulated
simulated,2,basic,yes,253.18926543370878,4,simulated
simulated,2,basic,yes,253.26438224185577,4,simulated
simulated,2,basic,yes,253.25501324373934,4,simulated
simulated,2,basic,yes,253.2482504733197,4,simulated
simulated,2,basic,yes,253.22966222098677,4,simulated
simulated,2,basic,yes,253.22886753209912,4,simulated
simulated,2,basic,yes,253.2393860849954,4,simulated
simulated,2,basic,yes,253.18586233948164,4,simulated
simulated,2,basic,yes,253.12811657254886,4,simulated
simulated,2,basic,yes,253.23040801433038,4,simulated
simulated,2,basic,yes,253.1990465768129,4,simulated
simulated,3,basic,yes,253.29956097997305,4,simulated
simulated,3,basic,yes,253.23663655485976,4,simulated
simulated,3,basic,yes,253.11956706456854,4,simulated
simulated,3,basic,yes,253.26612570317263,4,simulated
simulated,3,basic,yes,253.19562024171177,4,simulated
simulated,3,basic,yes,253.22954216033105,4,simulated
simulated,3,basic,yes,253.1596535702507,4,simulated
simulated,3,basic,yes,253.17393308599523,4,simulated
simulated,3,basic,yes,253.21857962508608,4,simulated
simulated,3,basic,yes,253.24746891865266,4,simulated
simulated,3,basic,yes,253.205738134872,4,simulated
simulated,3,basic,yes,253.23706113925505,4,simulated
simulated,3,basic,yes,253.14805517981574,4,simulated
simulated,3,basic,yes,253.23950486896607,4,simulated
simulated,3,basic,yes,253.1916871367833,4,simulated
simulated,3,basic,yes,253.2080382475998,4,simulated
simulated,3,basic,yes,253.20768895605372,4,simulated
simulated,3,basic,yes,253.21347037696725,4,simulated
simulated,3,basic,yes,253.215606976804,4,simulated
simulated,3,basic,yes,253.22562173550995,4,simulated
simulated,3,basic,yes,253.1981121030631,4,simulated
simulated,3,basic,yes,253.28438047309453,4,simulated
simulated,3,basic,yes,253.19058981091004,4,simulated
simulated,3,basic,yes,253.20655394645917,4,simulated
simulated,3,basic,yes,253.16729060750808,4,simulated
simulated,3,basic,yes,253.178682143515,4,simulated
simulated,3,basic,yes,253.17462798111526,4,simulated
simulated,3,basic,yes,253.27221603623892,4,simulated
simulated,3,basic,yes,253.18221270536534,4,simulated
simulated,3,basic,yes,253.24963854278036,4,simulated
simulated,3,basic,yes,253.1226095267294,4,simulated
simulated,3,basic,yes,253.23336265286892,4,simulated
simulated,3,basic,yes,253.1691400349306,4,simulated
simulated,3,basic,yes,253.20895983414206,4,simulated
simulated,3,basic,yes,253.23681118367273,4,simulated
simulated,3,basic,yes,253.2567219575421,4,simulated
simulated,3,basic,yes,253.23159207806953,4,simulated
simulated,3,basic,yes,253.18671922927754,4,simulated
simulated,3,basic,yes,253.2067883780077,4,simulated
simulated,3,basic,yes,253.21481682911573,4,simulated
simulated,3,basic,yes,253.22747059031963,4,simulated
simulated,3,basic,yes,253.2315557325398,4,simulated
simulated,3,basic,yes,253.20207881344504,4,simulated
simulated,3,basic,yes,253.22399052648794,4,simulated
simulated,3,basic,yes,253.19379009379594,4,simulated
simulated,3,basic,yes,253.23911937117708,4,simulated
simulated,3,basic,yes,253.18672213398446,4,simulated
simulated,3,basic,yes,253.24449598565002,4,simulated
simulated,3,basic,yes,253.20584267033087,4,simulated
simulated,3,basic,yes,253.18828698829927,4,simulated
simulated,3,basic,yes,253.23962356172277,4,simulated
simulated,3,basic,yes,253.1654514113906,4,simulated
simulated,3,basic,yes,253.19607480999457,4,simulated
simulated,3,basic,yes,253.21426532251255,4,simulated
simulated,3,basic,yes,253.19249299157408,4,simulated
simulated,3,basic,yes,253.21792886271712,4,simulated
simulated,3,basic,yes,253.27201749465476,4,simulated
simulated,3,basic,yes,253.1855621154533,4,simulated
simulated,3,basic,yes,253.21312248165924,4,simulated
simulated,3,basic,yes,253.24392801436753,4,simulated
simulated,3,basic,yes,253.17656774848047,4,simulated
simulated,3,basic,yes,253.2468959404685,4,simulated
simulated,3,basic,yes,253.20712363977103,4,simulated
simulated,3,basic,yes,253.24601436742887,4,simulated
simulated,3,basic,yes,253.1846918014145,4,simulated
simulated,3,basic,yes,253.22515359297338,4,simulated
simulated,3,basic,yes,253.2630679408362,4,simulated
simulated,3,basic,yes,253.180600618278,4,simulated
simulated,3,basic,yes,253.26460981001262,4,simulated
simulated,3,basic,yes,253.21241334257854,4,simulated
simulated,3,basic,yes,253.26119241725962,4,simulated
simulated,3,basic,yes,253.23696109353295,4,simulated
simulated,3,basic,yes,253.2615913396181,4,simulated
simulated,3,basic,yes,253.2371713069496,4,simulated
simulated,3,basic,yes,253.10362501750532,4,simulated
simulated,3,basic,yes,253.1707814646215,4,simulated
simulated,3,basic,yes,253.2205917696404,4,simulated
simulated,3,basic,yes,253.1891103228765,4,simulated
simulated,3,basic,yes,253.22566868930517,4,simulated
simulated,3,basic,yes,253.2407589868703,4,simulated
simulated,3,basic,yes,253.23609918475566,4,simulated
simulated,3,basic,yes,253.2106958193385,4,simulated
simulated,3,basic,yes,253.18326095854474,4,simulated
simulated,3,basic,yes,253.1733794790261,4,simulated
simulated,3,basic,yes,253.17226481125712,4,simulated
simulated,3,basic,yes,253.2137204043662,4,simulated
simulated,3,basic,yes,253.24097557193352,4,simulated
simulated,3,basic,yes,253.2230131941173,4,simulated
simulated,3,basic,yes,253.26993435347592,4,simulated
simulated,3,basic,yes,253.16926418870693,4,simulated
simulated,3,basic,yes,253.27257593723985,4,simulated
simulated,3,basic,yes,253.241898338775,4,simulated
simulated,3,basic,yes,253.2273688211977,4,simulated
simulated,3,basic,yes,253.16980243137493,4,simulated
simulated,3,basic,yes,253.22868591802813,4,simulated
simulated,3,basic,yes,253.20475963782044,4,simulated
simulated,3,basic,yes,253.27987001689075,4,simulated
simulated,3,basic,yes,253.24205443892606,4,simulated
simulated,3,basic,yes,253.2023569094789,4,simulated
simulated,3,basic,yes,253.1355818679724,4,simulated
simulated,0,sub,yes,817.1046468401372,4,simulated
simulated,0,sub,yes,816.949420335732,4,simulated
simulated,0,sub,yes,817.027744373778,4,simulated
simulated,0,sub,yes,816.9735297794194,4,simulated
simulated,0,sub,yes,816.9450135274934,4,simulated
simulated,0,sub,yes,816.9447760680476,4,simulated
simulated,0,sub,yes,816.8852807217485,4,simulated
simulated,0,sub,yes,816.9801241606103,4,simulated
simulated,0,sub,yes,817.0064137733616,4,simulated
simulated,0,sub,yes,816.9064213863481,4,simulated
simulated,0,sub,yes,816.9190159229478,4,simulated
simulated,0,sub,yes,817.1013517550983,4,simulated
simulated,0,sub,yes,816.9548167489379,4,simulated
simulated,0,sub,yes,816.9384495084067,4,simulated
simulated,0,sub,no,817.0867333705579,4,simulated
simulated,0,sub,yes,816.9918894066449,4,simulated
simulated,0,sub,yes,816.7808661718833,4,simulated
simulated,0,sub,yes,817.0087753951462,4,simulated
simulated,0,sub,yes,816.8755525076194,4,simulated
simulated,0,sub,yes,817.0984850531056,4,simulated
simulated,0,sub,yes,817.0921010646935,4,simulated
simulated,0,sub,yes,816.9893568875887,4,simulated
simulated,0,sub,yes,816.9077646720283,4,simulated
simulated,0,sub,yes,816.9860108549191,4,simulated
simulated,0,sub,yes,817.0229042557745,4,simulated
simulated,0,sub,yes,817.1467066348753,4,simulated
simulated,0,sub,yes,817.0080431023315,4,simulated
simulated,0,sub,yes,816.8354348160897,4,simulated
simulated,0,sub,yes,816.9515811764841,4,simulated
simulated,0,sub,yes,816.8830157777448,4,simulated
simulated,0,sub,yes,816.967679909643,4,simulated
simulated,0,sub,no,816.9183681032259,4,simulated
simulated,0,sub,yes,817.0724762399203,4,simulated
simulated,0,sub,yes,816.98731736952,4,simulated
simulated,0,sub,yes,816.8722878769779,4,simulated
simulated,0,sub,yes,816.918232682097,4,simulated
simulated,0,sub,yes,816.9593935966595,4,simulated
simulated,0,sub,yes,816.9981405788866,4,simulated
simulated,0,sub,yes,816.9435603321594,4,simulated
simulated,0,sub,yes,817.0426525789319,4,simulated
simulated,0,sub,yes,817.0109037549355,4,simulated
simulated,0,sub,yes,817.0639406500917,4,simulated
simulated,0,sub,yes,817.1939181142471,4,simulated
simulated,0,sub,yes,816.9754882468218,4,simulated
simulated,0,sub,yes,817.0025750935787,4,simulated
simulated,0,sub,yes,816.8609897586235,4,simulated
simulated,0,sub,yes,816.9643894197546,4,simulated
simulated,0,sub,yes,817.031312438498,4,simulated
simulated,0,sub,yes,817.0839795010569,4,simulated
simulated,0,sub,yes,816.9708091392517,4,simulated
simulated,1,sub,yes,817.0119350114447,4,simulated
simulated,1,sub,yes,816.7183217909633,4,simulated
simulated,1,sub,yes,816.9331466746579,4,simulated
simulated,1,sub,yes,816.760005022573,4,simulated
simulated,1,sub,yes,817.1532710336771,4,simulated
simulated,1,sub,yes,816.919086935212,4,simulated
simulated,1,sub,yes,817.0642762825227,4,simulated
simulated,1,sub,yes,816.8615066387829,4,simulated
simulated,1,sub,yes,816.8097130124643,4,simulated
simulated,1,sub,yes,817.0159528630004,4,simulated
simulated,1,sub,yes,817.0500801248022,4,simulated
simulated,1,sub,yes,816.818885178393,4,simulated
simulated,1,sub,yes,816.9556922627456,4,simulated
simulated,1,sub,yes,817.0498537021139,4,simulated
simulated,1,sub,no,817.0004032879776,4,simulated
simulated,1,sub,yes,816.8891990254375,4,simulated
simulated,1,sub,yes,816.8939094966822,4,simulated
simulated,1,sub,yes,816.9909404079293,4,simulated
simulated,1,sub,yes,817.0366008376204,4,simulated
simulated,1,sub,yes,816.8158518901032,4,simulated
simulated,1,sub,yes,817.0217255997676,4,simulated
simulated,1,sub,yes,816.8731331877118,4,simulated
simulated,1,sub,yes,816.8824831203257,4,simulated
simulated,1,sub,yes,816.9044242702294,4,simulated
simulated,1,sub,yes,817.0353598406385,4,simulated
simulated,1,sub,yes,816.9026129498327,4,simulated
simulated,1,sub,yes,816.9773943968254,4,simulated
simulated,1,sub,yes,816.8595439029395,4,simulated
simulated,1,sub,yes,817.0444596128444,4,simulated
simulated,1,sub,yes,816.9785263445776,4,simulated
simulated,1,sub,yes,816.9492047118243,4,simulated
simulated,1,sub,yes,816.9895363775578,4,simulated
simulated,1,sub,yes,816.8866632085437,4,simulated
simulated,1,sub,yes,817.0221005965409,4,simulated
simulated,1,sub,yes,816.9792193401124,4,simulated
simulated,1,sub,yes,816.873315191256,4,simulated
simulated,1,sub,yes,816.9992036496265,4,simulated
simulated,1,sub,yes,816.9499153240955,4,simulated
simulated,1,sub,yes,817.049395370617,4,simulated
simulated,1,sub,yes,816.988472133989,4,simulated
simulated,1,sub,yes,816.9876732356851,4,simulated
simulated,1,sub,yes,816.9078515031521,4,simulated
simulated,1,sub,yes,816.9757217800601,4,simulated
simulated,1,sub,yes,816.8771520508479,4,simulated
simulated,1,sub,yes,817.0064044093032,4,simulated
simulated,1,sub,yes,816.9611133921478,4,simulated
simulated,1,sub,yes,816.9145517176069,4,simulated
simulated,1,sub,yes,816.8336859737454,4,simulated
simulated,1,sub,yes,816.9820870723357,4,simulated
simulated,1,sub,yes,816.8949603122999,4,simulated
simulated,2,sub,yes,817.0008133786617,4,simulated
simulated,2,sub,yes,817.0240667798372,4,simulated
simulated,2,sub,yes,816.9987948541049,4,simulated
simulated,2,sub,yes,816.8915552565102,4,simulated
simulated,2,sub,yes,816.9855395055678,4,simulated
simulated,2,sub,yes,817.0140277613085,4,simulated
simulated,2,sub,yes,817.0753525523613,4,simulated
simulated,2,sub,yes,816.8945212359982,4,simulated
simulated,2,sub,yes,817.1063168161759,4,simulated
simulated,2,sub,yes,816.898672934372,4,simulated
simulated,2,sub,yes,816.9903607594864,4,simulated
simulated,2,sub,yes,816.9892860786557,4,simulated
simulated,2,sub,yes,817.035172858731,4,simulated
simulated,2,sub,yes,816.8506687703018,4,simulated
simulated,2,sub,yes,817.0669578937702,4,simulated
simulated,2,sub,yes,816.9399521571886,4,simulated
simulated,2,sub,yes,816.9658275992551,4,simulated
simulated,2,sub,yes,817.090841879215,4,simulated
simulated,2,sub,yes,816.9304185745982,4,simulated
simulated,2,sub,yes,816.9063172455064,4,simulated
simulated,2,sub,yes,816.9871514530121,4,simulated
simulated,2,sub,yes,816.9228059647025,4,simulated
simulated,2,sub,yes,817.0471887597075,4,simulated
simulated,2,sub,yes,816.8903273512391,4,simulated
simulated,2,sub,yes,816.9504488939722,4,simulated
simulated,2,sub,yes,817.1060809186424,4,simulated
simulated,2,sub,yes,816.8370546231608,4,simulated
simulated,2,sub,yes,817.0988430651465,4,simulated
simulated,2,sub,yes,816.8510864889382,4,simulated
simulated,2,sub,yes,816.9357338351462,4,simulated
simulated,2,sub,yes,817.0585481378538,4,simulated
simulated,2,sub,yes,816.8122559130676,4,simulated
simulated,2,sub,yes,817.0935755331462,4,simulated
simulated,2,sub,yes,816.8861292346863,4,simulated
simulated,2,sub,yes,817.0450509176105,4,simulated
simulated,2,sub,yes,816.8566375879237,4,simulated
simulated,2,sub,yes,817.0123863233994,4,simulated
simulated,2,sub,yes,817.0324592134922,4,simulated
simulated,2,sub,yes,817.0182408120677,4,simulated
simulated,2,sub,yes,816.8228907910393,4,simulated
simulated,2,sub,yes,816.923822438546,4,simulated
simulated,2,sub,yes,816.8497176134275,4,simulated
simulated,2,sub,no,817.0185611298297,4,simulated
simulated,2,sub,yes,817.0951093355287,4,simulated
simulated,2,sub,yes,816.9884200312242,4,simulated
simulated,2,sub,yes,816.7165618605499,4,simulated
simulated,2,sub,yes,816.9010016431782,4,simulated
simulated,2,sub,yes,817.0081238481384,4,simulated
simulated,2,sub,yes,816.9220778609663,4,simulated
simulated,2,sub,yes,817.0579847108729,4,simulated
simulated,3,sub,yes,816.978960383651,4,simulated
simulated,3,sub,yes,817.0008911733921,4,simulated
simulated,3,sub,yes,816.8556069227786,4,simulated
simulated,3,sub,yes,816.9513853406771,4,simulated
simulated,3,sub,no,817.1681569450881,4,simulated
simulated,3,sub,yes,817.0508898541733,4,simulated
simulated,3,sub,yes,817.1965751181788,4,simulated
simulated,3,sub,yes,816.9846468798644,4,simulated
simulated,3,sub,yes,816.9400020621965,4,simulated
simulated,3,sub,yes,817.0598438335531,4,simulated
simulated,3,sub,yes,817.1635233431168,4,simulated
simulated,3,sub,yes,817.0250535319748,4,simulated
simulated,3,sub,yes,816.9869693951937,4,simulated
simulated,3,sub,yes,816.9139735862117,4,simulated
simulated,3,sub,yes,816.8534708754613,4,simulated
simulated,3,sub,yes,817.1356939412206,4,simulated
simulated,3,sub,yes,816.9854490673098,4,simulated
simulated,3,sub,yes,816.8830664260145,4,simulated
simulated,3,sub,yes,816.8974656970023,4,simulated
simulated,3,sub,yes,817.0247786525731,4,simulated
simulated,3,sub,yes,816.960642305304,4,simulated
simulated,3,sub,yes,816.90186815377,4,simulated
simulated,3,sub,yes,817.0485293111738,4,simulated
simulated,3,sub,yes,817.167267797348,4,simulated
simulated,3,sub,yes,816.8574005179406,4,simulated
simulated,3,sub,yes,817.1427481406596,4,simulated
simulated,3,sub,yes,816.9774450527236,4,simulated
simulated,3,sub,yes,817.2009802257893,4,simulated
simulated,3,sub,yes,816.8994838135976,4,simulated
simulated,3,sub,yes,816.9415597361764,4,simulated
simulated,3,sub,yes,817.0802374125442,4,simulated
simulated,3,sub,yes,816.9385973799655,4,simulated
simulated,3,sub,yes,817.0577101572027,4,simulated
simulated,3,sub,yes,817.0651951831644,4,simulated
simulated,3,sub,yes,817.312034129833,4,simulated
simulated,3,sub,yes,816.882827571457,4,simulated
simulated,3,sub,yes,817.1713704601157,4,simulated
simulated,3,sub,yes,816.9878703245357,4,simulated
simulated,3,sub,yes,816.9952020296439,4,simulated
simulated,3,sub,yes,816.982575520477,4,simulated
simulated,3,sub,yes,817.1672241772661,4,simulated
simulated,3,sub,yes,817.0343011324364,4,simulated
simulated,3,sub,yes,817.0373184835179,4,simulated
simulated,3,sub,yes,816.9135604315633,4,simulated
simulated,3,sub,yes,816.9968509023486,4,simulated
simulated,3,sub,yes,816.8681417627623,4,simulated
simulated,3,sub,yes,816.9215423182175,4,simulated
simulated,3,sub,yes,816.9074067971126,4,simulated
simulated,3,sub,yes,816.9453012915367,4,simulated
simulated,3,sub,yes,817.0115909815988,4,simulated
simulated,4,sub,yes,816.929370624513,4,simulated
simulated,4,sub,yes,816.9342665488043,4,simulated
simulated,4,sub,yes,816.8997293761406,4,simulated
simulated,4,sub,yes,816.8892488011583,4,simulated
simulated,4,sub,yes,816.8506730587275,4,simulated
simulated,4,sub,yes,816.801944043994,4,simulated
simulated,4,sub,yes,816.815118184157,4,simulated
simulated,4,sub,yes,816.9950116534912,4,simulated
simulated,4,sub,yes,816.8490679620708,4,simulated
simulated,4,sub,yes,816.9584687711226,4,simulated
simulated,4,sub,yes,816.993326385716,4,simulated
simulated,4,sub,yes,816.9306357818049,4,simulated
simulated,4,sub,yes,816.9714739433583,4,simulated
simulated,4,sub,yes,816.970304584508,4,simulated
simulated,4,sub,yes,816.8626394161673,4,simulated
simulated,4,sub,yes,816.7860335876927,4,simulated
simulated,4,sub,yes,816.8582060735511,4,simulated
simulated,4,sub,no,817.0351951554643,4,simulated
simulated,4,sub,yes,816.9356864197973,4,simulated
simulated,4,sub,yes,816.7350427838952,4,simulated
simulated,4,sub,yes,816.9330484354074,4,simulated
simulated,4,sub,yes,816.9733137899285,4,simulated
simulated,4,sub,yes,816.9938344685775,4,simulated
simulated,4,sub,yes,816.9710068498696,4,simulated
simulated,4,sub,yes,817.0554436658606,4,simulated
simulated,4,sub,yes,817.0225807305922,4,simulated
simulated,4,sub,yes,817.1003632395731,4,simulated
simulated,4,sub,yes,816.8708566874196,4,simulated
simulated,4,sub,yes,816.9703533144555,4,simulated
simulated,4,sub,yes,816.9951178525313,4,simulated
simulated,4,sub,yes,816.9837826205168,4,simulated
simulated,4,sub,yes,817.017043657066,4,simulated
simulated,4,sub,yes,816.8885407128049,4,simulated
simulated,4,sub,yes,816.9425494948637,4,simulated
simulated,4,sub,yes,817.1319993351359,4,simulated
simulated,4,sub,yes,817.093664381824,4,simulated
simulated,4,sub,yes,816.8701237852313,4,simulated
simulated,4,sub,yes,817.0256600891008,4,simulated
simulated,4,sub,yes,816.9541945858122,4,simulated
simulated,4,sub,yes,817.0540989157712,4,simulated
simulated,4,sub,yes,817.1828330257636,4,simulated
simulated,4,sub,yes,817.2377906223486,4,simulated
simulated,4,sub,yes,816.9775414533276,4,simulated
simulated,4,sub,yes,816.9593388163926,4,simulated
simulated,4,sub,yes,816.9739478104754,4,simulated
simulated,4,sub,yes,817.0566732824838,4,simulated
simulated,4,sub,yes,817.0105579828561,4,simulated
simulated,4,sub,yes,816.9865346373074,4,simulated
simulated,4,sub,yes,816.8935168457193,4,simulated
simulated,4,sub,yes,817.1036637843229,4,simulated
simulated,5,sub,yes,816.8925492557794,4,simulated
simulated,5,sub,yes,816.9989860566704,4,simulated
simulated,5,sub,yes,816.9264303545897,4,simulated
simulated,5,sub,yes,816.8886749978698,4,simulated
simulated,5,sub,yes,816.8830611639314,4,simulated
simulated,5,sub,yes,816.9315771579088,4,simulated
simulated,5,sub,yes,817.0301457565201,4,simulated
simulated,5,sub,yes,816.9509917700423,4,simulated
simulated,5,sub,no,816.8266653718252,4,simulated
simulated,5,sub,yes,816.9836521002318,4,simulated
simulated,5,sub,yes,816.9603343773387,4,simulated
simulated,5,sub,yes,816.9248556211438,4,simulated
simulated,5,sub,yes,816.8851929887032,4,simulated
simulated,5,sub,yes,817.1618734271896,4,simulated
simulated,5,sub,yes,816.9271523178819,4,simulated
simulated,5,sub,yes,817.046024529451,4,simulated
simulated,5,sub,yes,816.8674536854892,4,simulated
simulated,5,sub,yes,816.9490537726945,4,simulated
simulated,5,sub,no,816.9421414308941,4,simulated
simulated,5,sub,yes,816.9163339018917,4,simulated
simulated,5,sub,yes,816.8580340947185,4,simulated
simulated,5,sub,yes,817.1743426078252,4,simulated
simulated,5,sub,yes,816.8478559655321,4,simulated
simulated,5,sub,yes,816.958582416865,4,simulated
simulated,5,sub,yes,817.0564082541053,4,simulated
simulated,5,sub,yes,817.2024554985431,4,simulated
simulated,5,sub,yes,816.8392270535915,4,simulated
simulated,5,sub,yes,817.0864079218028,4,simulated
simulated,5,sub,yes,817.1452959465081,4,simulated
simulated,5,sub,yes,817.1009609960694,4,simulated
simulated,5,sub,yes,817.0753285954687,4,simulated
simulated,5,sub,yes,817.0251736774524,4,simulated
simulated,5,sub,yes,817.1244450647698,4,simulated
simulated,5,sub,yes,816.9477526945745,4,simulated
simulated,5,sub,yes,816.9641125061596,4,simulated
simulated,5,sub,yes,817.069479767722,4,simulated
simulated,5,sub,yes,816.966046872571,4,simulated
simulated,5,sub,yes,816.9809895093655,4,simulated
simulated,5,sub,yes,817.1022178216613,4,simulated
simulated,5,sub,yes,816.7234974168313,4,simulated
simulated,5,sub,yes,816.976968302531,4,simulated
simulated,5,sub,yes,817.2534381372767,4,simulated
simulated,5,sub,yes,817.1202376725405,4,simulated
simulated,5,sub,yes,816.9014681752157,4,simulated
simulated,5,sub,yes,817.0203994660267,4,simulated
simulated,5,sub,yes,817.0987794734531,4,simulated
simulated,5,sub,yes,816.9922154169758,4,simulated
simulated,5,sub,yes,816.9009337149687,4,simulated
simulated,5,sub,yes,816.9988162093615,4,simulated
simulated,5,sub,yes,816.9113722292857,4,simulated
simulated,6,sub,yes,817.0571026403417,4,simulated
simulated,6,sub,yes,817.0850723088062,4,simulated
simulated,6,sub,yes,816.9967657593693,4,simulated
simulated,6,sub,yes,816.8104602672814,4,simulated
simulated,6,sub,yes,817.0806367063411,4,simulated
simulated,6,sub,yes,817.0568199362816,4,simulated
simulated,6,sub,yes,817.06246136034,4,simulated
simulated,6,sub,yes,816.9248344998974,4,simulated
simulated,6,sub,yes,817.0344663871825,4,simulated
simulated,6,sub,yes,816.9515964693556,4,simulated
simulated,6,sub,yes,816.8893261267145,4,simulated
simulated,6,sub,yes,817.072866367219,4,simulated
simulated,6,sub,yes,816.9561386591266,4,simulated
simulated,6,sub,yes,817.0367971202822,4,simulated
simulated,6,sub,yes,816.8489859138124,4,simulated
simulated,6,sub,yes,816.9276520538227,4,simulated
simulated,6,sub,yes,816.9553274074984,4,simulated
simulated,6,sub,yes,816.9954862113497,4,simulated
simulated,6,sub,yes,816.9503197785781,4,simulated
simulated,6,sub,yes,817.039771800041,4,simulated
simulated,6,sub,yes,816.8308094759633,4,simulated
simulated,6,sub,yes,816.9868649023975,4,simulated
simulated,6,sub,yes,816.9596367130143,4,simulated
simulated,6,sub,yes,816.8478544368995,4,simulated
simulated,6,sub,yes,816.9617207456738,4,simulated
simulated,6,sub,yes,816.8060117247743,4,simulated
simulated,6,sub,yes,816.7152817937596,4,simulated
simulated,6,sub,yes,817.064208480414,4,simulated
simulated,6,sub,yes,817.0783826624136,4,simulated
simulated,6,sub,yes,816.9175611341489,4,simulated
simulated,6,sub,yes,816.8131636397015,4,simulated
simulated,6,sub,yes,816.9411750962158,4,simulated
simulated,6,sub,yes,816.9663761888796,4,simulated
simulated,6,sub,yes,817.0251292903156,4,simulated
simulated,6,sub,yes,817.043064709794,4,simulated
simulated,6,sub,yes,816.9605149462286,4,simulated
simulated,6,sub,yes,817.1991387525198,4,simulated
simulated,6,sub,yes,817.0627110499152,4,simulated
simulated,6,sub,yes,816.973518416334,4,simulated
simulated,6,sub,yes,816.9273271199071,4,simulated
simulated,6,sub,yes,817.1405158725155,4,simulated
simulated,6,sub,yes,816.9957025070081,4,simulated
simulated,6,sub,yes,816.9420022108633,4,simulated
simulated,6,sub,yes,817.0653193853744,4,simulated
simulated,6,sub,yes,816.9730672948651,4,simulated
simulated,6,sub,yes,817.0609795786006,4,simulated
simulated,6,sub,yes,816.9911876868152,4,simulated
simulated,6,sub,yes,817.0408071116016,4,simulated
simulated,6,sub,yes,817.1176931951987,4,simulated
simulated,6,sub,yes,816.9837933057165,4,simulated
simulated,7,sub,yes,816.8316097359234,4,simulated
simulated,7,sub,yes,816.9259082421316,4,simulated
simulated,7,sub,yes,816.9131497093574,4,simulated
simulated,7,sub,yes,816.9575135883475,4,simulated
simulated,7,sub,yes,816.8901240578562,4,simulated
simulated,7,sub,yes,816.9090838550613,4,simulated
simulated,7,sub,yes,817.1211910165085,4,simulated
simulated,7,sub,yes,816.8294355470617,4,simulated
simulated,7,sub,yes,816.9766589969954,4,simulated
simulated,7,sub,yes,817.097181739756,4,simulated
simulated,7,sub,yes,816.939039327907,4,simulated
simulated,7,sub,yes,817.0150008322889,4,simulated
simulated,7,sub,yes,817.0025706986066,4,simulated
simulated,7,sub,yes,817.1174919037082,4,simulated
simulated,7,sub,yes,816.8699444977303,4,simulated
simulated,7,sub,yes,817.0238602660248,4,simulated
simulated,7,sub,yes,817.0745700848335,4,simulated
simulated,7,sub,yes,816.836524540426,4,simulated
simulated,7,sub,yes,817.0218575058142,4,simulated
simulated,7,sub,yes,817.0062185031632,4,simulated
simulated,7,sub,yes,817.0704434035543,4,simulated
simulated,7,sub,yes,816.8751482152837,4,simulated
simulated,7,sub,no,816.9943136028252,4,simulated
simulated,7,sub,yes,817.0318571483621,4,simulated
simulated,7,sub,yes,816.9962199899638,4,simulated
simulated,7,sub,yes,816.8725069422294,4,simulated
simulated,7,sub,yes,816.8277921072051,4,simulated
simulated,7,sub,yes,816.8436080173369,4,simulated
simulated,7,sub,yes,816.9143390461215,4,simulated
simulated,7,sub,yes,817.0012797679075,4,simulated
simulated,7,sub,yes,817.1110382509381,4,simulated
simulated,7,sub,yes,816.977087353036,4,simulated
simulated,7,sub,yes,816.9900906488168,4,simulated
simulated,7,sub,yes,816.9087559164955,4,simulated
simulated,7,sub,yes,816.9830382045989,4,simulated
simulated,7,sub,yes,816.8556976196162,4,simulated
simulated,7,sub,yes,816.9757955719895,4,simulated
simulated,7,sub,yes,816.9323688678884,4,simulated
simulated,7,sub,yes,817.0118219917266,4,simulated
simulated,7,sub,yes,816.9286347123699,4,simulated
simulated,7,sub,yes,817.0720045700082,4,simulated
simulated,7,sub,yes,817.1463947630402,4,simulated
simulated,7,sub,yes,816.953072323352,4,simulated
simulated,7,sub,yes,816.9673840426884,4,simulated
simulated,7,sub,yes,817.1443636388485,4,simulated
simulated,7,sub,yes,816.8950292099175,4,simulated
simulated,7,sub,yes,816.9714625166913,4,simulated
simulated,7,sub,yes,816.9904306260705,4,simulated
simulated,7,sub,yes,817.0126228579275,4,simulated
simulated,7,sub,yes,816.9716140281963,4,simulated
simulated,0,super,yes,85.62412229932612,5,simulated
simulated,0,super,yes,85.64057840352969,5,simulated
simulated,0,super,yes,85.70997249908926,5,simulated
simulated,0,super,yes,85.64702012764799,5,simulated
simulated,0,super,yes,85.6204730974305,5,simulated
simulated,0,super,yes,85.654697153451,5,simulated
simulated,0,super,yes,85.69183021680357,5,simulated
simulated,0,super,yes,85.7011347957675,5,simulated
simulated,0,super,yes,85.59721355902204,5,simulated
simulated,0,super,yes,85.6529914484275,5,simulated
simulated,0,super,yes,85.69128119527277,5,simulated
simulated,0,super,yes,85.72318896796227,5,simulated
simulated,0,super,yes,85.68462006308421,5,simulated
simulated,0,super,yes,85.70698400011022,5,simulated
simulated,0,super,yes,85.67314624621075,5,simulated
simulated,0,super,yes,85.6220937126471,5,simulated
simulated,0,super,yes,85.66475732115057,5,simulated
simulated,0,super,yes,85.63408593698668,5,simulated
simulated,0,super,yes,85.69189080922385,5,simulated
simulated,0,super,yes,85.67627120834945,5,simulated
simulated,0,super,yes,85.64504206499325,5,simulated
simulated,0,super,yes,85.71987066374635,5,simulated
simulated,0,super,yes,85.6042390047198,5,simulated
simulated,0,super,yes,85.69260798656579,5,simulated
simulated,0,super,yes,85.6371425656729,5,simulated
simulated,0,super,yes,85.59300746113952,5,simulated
simulated,0,super,yes,85.67074661036449,5,simulated
simulated,0,super,yes,85.66194914182371,5,simulated
simulated,0,super,yes,85.65651100429042,5,simulated
simulated,0,super,yes,85.70833570589558,5,simulated
simulated,0,super,yes,85.61143540324377,5,simulated
simulated,0,super,yes,85.71108839254256,5,simulated
simulated,0,super,yes,85.6724311392892,5,simulated
simulated,0,super,yes,85.63088352492396,5,simulated
simulated,0,super,yes,85.6719569130163,5,simulated
simulated,0,super,yes,85.63410273450756,5,simulated
simulated,0,super,yes,85.67804907630156,5,simulated
simulated,0,super,yes,85.7131781707339,5,simulated
simulated,0,super,yes,85.65866682049605,5,simulated
simulated,0,super,yes,85.6093242840644,5,simulated
simulated,0,super,yes,85.61768485722214,5,simulated
simulated,0,super,yes,85.67455841370187,5,simulated
simulated,0,super,yes,85.64424404483883,5,simulated
simulated,0,super,yes,85.72008131033832,5,simulated
simulated,0,super,yes,85.63268496948996,5,simulated
simulated,0,super,yes,85.65926240262876,5,simulated
simulated,0,super,yes,85.68884614760823,5,simulated
simulated,0,super,yes,85.67715238138972,5,simulated
simulated,0,super,yes,85.67339270230013,5,simulated
simulated,0,super,yes,85.59891316716825,5,simulated
simulated,0,super,yes,85.61835297841297,5,simulated
simulated,0,super,yes,85.60492420004361,5,simulated
simulated,0,super,yes,85.68165839971606,5,simulated
simulated,0,super,yes,85.73373812047429,5,simulated
simulated,0,super,yes,85.64671375033016,5,simulated
simulated,0,super,yes,85.62634404621915,5,simulated
simulated,0,super,yes,85.68339357347477,5,simulated
simulated,0,super,yes,85.6614194155587,5,simulated
simulated,0,super,yes,85.67486182052527,5,simulated
simulated,0,super,yes,85.61031540078153,5,simulated
simulated,0,super,yes,85.66671609574303,5,simulated
simulated,0,super,yes,85.66797931273526,5,simulated
simulated,0,super,yes,85.70474586333762,5,simulated
simulated,0,super,yes,85.64763197902909,5,simulated
simulated,0,super,yes,85.62578498476661,5,simulated
simulated,0,super,yes,85.6634836514823,5,simulated
simulated,0,super,yes,85.72271019335548,5,simulated
simulated,0,super,yes,85.68919034439108,5,simulated
simulated,0,super,yes,85.63104058140985,5,simulated
simulated,0,super,yes,85.66854926817241,5,simulated
simulated,0,super,yes,85.64763046561494,5,simulated
simulated,0,super,yes,85.66013519731065,5,simulated
simulated,0,super,yes,85.69852366260733,5,simulated
simulated,0,super,yes,85.7229172558019,5,simulated
simulated,0,super,yes,85.6443316723859,5,simulated
simulated,0,super,yes,85.65810567482498,5,simulated
simulated,0,super,yes,85.69764593383262,5,simulated
simulated,0,super,yes,85.66843651966339,5,simulated
simulated,0,super,yes,85.76744879768523,5,simulated
simulated,0,super,yes,85.66987669679287,5,simulated
simulated,0,super,yes,85.65153158289371,5,simulated
simulated,0,super,yes,85.67572903127642,5,simulated
simulated,0,super,yes,85.63976856409379,5,simulated
simulated,0,super,yes,85.57144521055794,5,simulated
simulated,0,super,yes,85.71473344165287,5,simulated
simulated,0,super,yes,85.68718191423122,5,simulated
simulated,0,super,yes,85.71678740992428,5,simulated
simulated,0,super,yes,85.6495980806034,5,simulated
simulated,0,super,yes,85.70320501808645,5,simulated
simulated,0,super,yes,85.674201899664,5,simulated
simulated,0,super,yes,85.6880902369006,5,simulated
simulated,0,super,yes,85.67947677708894,5,simulated
simulated,0,super,yes,85.73365943280324,5,simulated
simulated,0,super,yes,85.65528824816684,5,simulated
simulated,0,super,yes,85.73398494397489,5,simulated
simulated,0,super,yes,85.63415077228481,5,simulated
simulated,0,super,yes,85.77127907643826,5,simulated
simulated,0,super,yes,85.70672365214186,5,simulated
simulated,0,super,yes,85.6246940597451,5,simulated
simulated,0,super,yes,85.57109389140435,5,simulated
simulated,0,super,yes,85.64746823293258,5,simulated
simulated,0,super,yes,85.74079929546264,5,simulated
simulated,0,super,yes,85.65032166610754,5,simulated
simulated,0,super,yes,85.60192957319819,5,simulated
simulated,0,super,yes,85.71907438893172,5,simulated
simulated,0,super,yes,85.6741265955984,5,simulated
simulated,0,super,yes,85.69196077023572,5,simulated
simulated,0,super,yes,85.60991235911165,5,simulated
simulated,0,super,yes,85.69786943578829,5,simulated
simulated,0,super,yes,85.69173182778292,5,simulated
simulated,0,super,yes,85.63385759312368,5,simulated
simulated,0,super,yes,85.72662428291731,5,simulated
simulated,0,super,yes,85.5979823420499,5,simulated
simulated,0,super,yes,85.6790733890956,5,simulated
simulated,0,super,yes,85.63721150930536,5,simulated
simulated,0,super,yes,85.58826546410853,5,simulated
simulated,0,super,yes,85.5971137423704,5,simulated
simulated,0,super,yes,85.6856211536329,5,simulated
simulated,0,super,yes,85.72316511016588,5,simulated
simulated,0,super,yes,85.69534542517334,5,simulated
simulated,0,super,yes,85.68295803803744,5,simulated
simulated,0,super,yes,85.65473004951478,5,simulated
simulated,0,super,yes,85.67347191800667,5,simulated
simulated,0,super,yes,85.66725474216702,5,simulated
simulated,0,super,yes,85.57988468841617,5,simulated
simulated,0,super,yes,85.62797759226267,5,simulated
simulated,0,super,yes,85.62681378143283,5,simulated
simulated,0,super,yes,85.60516606498612,5,simulated
simulated,0,super,yes,85.65762278206087,5,simulated
simulated,0,super,yes,85.61688342576734,5,simulated
simulated,0,super,yes,85.682129115841,5,simulated
simulated,0,super,yes,85.68581818995769,5,simulated
simulated,0,super,yes,85.61471974568052,5,simulated
simulated,0,super,yes,85.64815441089068,5,simulated
simulated,0,super,yes,85.64085817487612,5,simulated
simulated,0,super,yes,85.58047484302074,5,simulated
simulated,0,super,yes,85.67544105507315,5,simulated
simulated,0,super,yes,85.67857037792339,5,simulated
simulated,0,super,yes,85.6245441956624,5,simulated
simulated,0,super,yes,85.6305817196186,5,simulated
simulated,0,super,yes,85.68460394086073,5,simulated
simulated,0,super,yes,85.61581830089625,5,simulated
simulated,0,super,yes,85.66876818820398,5,simulated
simulated,0,super,yes,85.64105690440424,5,simulated
simulated,0,super,yes,85.64016670565937,5,simulated
simulated,0,super,yes,85.64260638570353,5,simulated
simulated,0,super,yes,85.58424211746545,5,simulated
simulated,0,super,yes,85.63094834489532,5,simulated
simulated,0,super,yes,85.64973884501205,5,simulated
simulated,0,super,yes,85.6618766960075,5,simulated
simulated,0,super,yes,85.68795960180223,5,simulated
simulated,0,super,yes,85.62445968526268,5,simulated
simulated,0,super,yes,85.73160942821649,5,simulated
simulated,0,super,yes,85.63740988545271,5,simulated
simulated,0,super,yes,85.74633602747824,5,simulated
simulated,0,super,yes,85.62671178005206,5,simulated
simulated,0,super,yes,85.69335061132185,5,simulated
simulated,0,super,yes,85.62521175886044,5,simulated
simulated,0,super,yes,85.61288886171408,5,simulated
simulated,0,super,yes,85.66505066751857,5,simulated
simulated,0,super,yes,85.63825128888908,5,simulated
simulated,0,super,yes,85.6913288016743,5,simulated
simulated,0,super,yes,85.64855535286942,5,simulated
simulated,0,super,yes,85.63193128322021,5,simulated
simulated,0,super,yes,85.65821922573093,5,simulated
simulated,0,super,yes,85.63577992846747,5,simulated
simulated,0,super,yes,85.60728249048498,5,simulated
simulated,0,super,yes,85.65400653389986,5,simulated
simulated,0,super,yes,85.71786725985484,5,simulated
simulated,0,super,yes,85.69543968632692,5,simulated
simulated,0,super,yes,85.71571994318195,5,simulated
simulated,0,super,yes,85.63703193052987,5,simulated
simulated,0,super,yes,85.66846616018405,5,simulated
simulated,0,super,yes,85.58222263818256,5,simulated
simulated,0,super,yes,85.60792466758043,5,simulated
simulated,0,super,yes,85.71340383764624,5,simulated
simulated,0,super,yes,85.68357707410077,5,simulated
simulated,0,super,yes,85.62198023694182,5,simulated
simulated,0,super,yes,85.6250709266598,5,simulated
simulated,0,super,yes,85.66349197922547,5,simulated
simulated,0,super,yes,85.67175169170707,5,simulated
simulated,0,super,yes,85.69136633762888,5,simulated
simulated,0,super,yes,85.67583242544708,5,simulated
simulated,0,super,yes,85.66048372751168,5,simulated
simulated,0,super,yes,85.62101945606656,5,simulated
simulated,0,super,yes,85.7049950366937,5,simulated
simulated,0,super,yes,85.59469269171001,5,simulated
simulated,0,super,yes,85.69606081092783,5,simulated
simulated,0,super,yes,85.67101707633964,5,simulated
simulated,0,super,yes,85.69190720694304,5,simulated
simulated,0,super,yes,85.64530274568205,5,simulated
simulated,0,super,yes,85.6139250702871,5,simulated
simulated,0,super,yes,85.6009873151836,5,simulated
simulated,0,super,yes,85.60919869498326,5,simulated
simulated,0,super,yes,85.64496716965768,5,simulated
simulated,0,super,yes,85.66491420060203,5,simulated
simulated,0,super,yes,85.75740498448823,5,simulated
simulated,0,super,yes,85.63149254494027,5,simulated
simulated,0,super,yes,85.66860547057456,5,simulated
simulated,0,super,yes,85.63437950300926,5,simulated
simulated,1,super,yes,85.67232686461334,5,simulated
simulated,1,super,yes,85.66379562282236,5,simulated
simulated,1,super,yes,85.67088656106101,5,simulated
simulated,1,super,yes,85.62360396848882,5,simulated
simulated,1,super,yes,85.63963290888967,5,simulated
simulated,1,super,yes,85.66282140254161,5,simulated
simulated,1,super,yes,85.62271020686669,5,simulated
simulated,1,super,yes,85.64661054772114,5,simulated
simulated,1,super,yes,85.6760617165068,5,simulated
simulated,1,super,yes,85.65420228345273,5,simulated
simulated,1,super,yes,85.65434739264663,5,simulated
simulated,1,super,yes,85.64996729436503,5,simulated
simulated,1,super,yes,85.71059169986334,5,simulated
simulated,1,super,yes,85.63274113463764,5,simulated
simulated,1,super,yes,85.68291716261105,5,simulated
simulated,1,super,yes,85.62459181704294,5,simulated
simulated,1,super,yes,85.6479178902572,5,simulated
simulated,1,super,yes,85.60053763408195,5,simulated
simulated,1,super,yes,85.69965110693333,5,simulated
simulated,1,super,yes,85.70433845094725,5,simulated
simulated,1,super,yes,85.63983905473492,5,simulated
simulated,1,super,yes,85.76353038772172,5,simulated
simulated,1,super,yes,85.62022698279772,5,simulated
simulated,1,super,yes,85.6672559976886,5,simulated
simulated,1,super,yes,85.6982573812459,5,simulated
simulated,1,super,yes,85.61803798962463,5,simulated
simulated,1,super,yes,85.65482942615787,5,simulated
simulated,1,super,yes,85.6477422275822,5,simulated
simulated,1,super,yes,85.66949825469905,5,simulated
simulated,1,super,yes,85.67255977268817,5,simulated
simulated,1,super,yes,85.6685939896262,5,simulated
simulated,1,super,yes,85.64445756440156,5,simulated
simulated,1,super,yes,85.70756876246574,5,simulated
simulated,1,super,yes,85.65387809897089,5,simulated
simulated,1,super,yes,85.72216767997973,5,simulated
simulated,1,super,yes,85.6399826472774,5,simulated
simulated,1,super,yes,85.69210527308395,5,simulated
simulated,1,super,yes,85.69408668390511,5,simulated
simulated,1,super,yes,85.62803740450661,5,simulated
simulated,1,super,yes,85.68523846155315,5,simulated
simulated,1,super,yes,85.63915764656205,5,simulated
simulated,1,super,yes,85.63436548398128,5,simulated
simulated,1,super,yes,85.63546488049526,5,simulated
simulated,1,super,yes,85.70999297215842,5,simulated
simulated,1,super,yes,85.70869322695414,5,simulated
simulated,1,super,yes,85.65367032596573,5,simulated
simulated,1,super,yes,85.66554721867831,5,simulated
simulated,1,super,yes,85.60656885174951,5,simulated
simulated,1,super,yes,85.64601795497897,5,simulated
simulated,1,super,yes,85.70953096206588,5,simulated
simulated,1,super,yes,85.56996858781973,5,simulated
simulated,1,super,yes,85.70822439035801,5,simulated
simulated,1,super,yes,85.6265496467699,5,simulated
simulated,1,super,yes,85.70893630486879,5,simulated
simulated,1,super,yes,85.67471474895542,5,simulated
simulated,1,super,yes,85.71169413018836,5,simulated
simulated,1,super,yes,85.6420252322547,5,simulated
simulated,1,super,yes,85.68929563364112,5,simulated
simulated,1,super,yes,85.69522034341716,5,simulated
simulated,1,super,yes,85.72103525485068,5,simulated
simulated,1,super,yes,85.67558954045792,5,simulated
simulated,1,super,yes,85.70878631954167,5,simulated
simulated,1,super,yes,85.65072840257098,5,simulated
simulated,1,super,yes,85.7438654506561,5,simulated
simulated,1,super,yes,85.6414051481084,5,simulated
simulated,1,super,yes,85.63407369734112,5,simulated
simulated,1,super,yes,85.58237821502267,5,simulated
simulated,1,super,yes,85.6583849661537,5,simulated
simulated,1,super,yes,85.6455498891832,5,simulated
simulated,1,super,yes,85.75020131371039,5,simulated
simulated,1,super,yes,85.62822303147777,5,simulated
simulated,1,super,yes,85.71425957419507,5,simulated
simulated,1,super,yes,85.69763461038114,5,simulated
simulated,1,super,yes,85.66102471362426,5,simulated
simulated,1,super,yes,85.66983491550621,5,simulated
simulated,1,super,yes,85.65196588813389,5,simulated
simulated,1,super,yes,85.74355765959218,5,simulated
simulated,1,super,yes,85.64606623167755,5,simulated
simulated,1,super,yes,85.67152070646782,5,simulated
simulated,1,super,yes,85.75518084050728,5,simulated
simulated,1,super,yes,85.7093229068097,5,simulated
simulated,1,super,yes,85.66222382682334,5,simulated
simulated,1,super,yes,85.65658740770269,5,simulated
simulated,1,super,yes,85.68487037619413,5,simulated
simulated,1,super,yes,85.66722080299344,5,simulated
simulated,1,super,yes,85.69000509612944,5,simulated
simulated,1,super,yes,85.69281126208607,5,simulated
simulated,1,super,yes,85.66511622194916,5,simulated
simulated,1,super,yes,85.6908210716532,5,simulated
simulated,1,super,yes,85.70653322792671,5,simulated
simulated,1,super,yes,85.65394711511492,5,simulated
simulated,1,super,yes,85.72822776125604,5,simulated
simulated,1,super,yes,85.68659146228194,5,simulated
simulated,1,super,yes,85.66044744161321,5,simulated
simulated,1,super,yes,85.72121892043539,5,simulated
simulated,1,super,yes,85.62040408832148,5,simulated
simulated,1,super,yes,85.65628223071414,5,simulated
simulated,1,super,yes,85.67901871951773,5,simulated
simulated,1,super,yes,85.65244537053822,5,simulated
simulated,1,super,yes,85.65045966132827,5,simulated
simulated,1,super,yes,85.65689060265716,5,simulated
simulated,1,super,yes,85.64730949565127,5,simulated
simulated,1,super,yes,85.64991529756998,5,simulated
simulated,1,super,yes,85.60569618002019,5,simulated
simulated,1,super,yes,85.564624403326,5,simulated
simulated,1,super,yes,85.64250740520787,5,simulated
simulated,1,super,yes,85.68304360129754,5,simulated
simulated,1,super,yes,85.66954623729625,5,simulated
simulated,1,super,yes,85.60760789311895,5,simulated
simulated,1,super,yes,85.58951008953642,5,simulated
simulated,1,super,yes,85.64315080921666,5,simulated
simulated,1,super,yes,85.68492339311787,5,simulated
simulated,1,super,yes,85.67336308476584,5,simulated
simulated,1,super,yes,85.65525782101172,5,simulated
simulated,1,super,yes,85.68461271964226,5,simulated
simulated,1,super,yes,85.64157913400251,5,simulated
simulated,1,super,yes,85.6567213429903,5,simulated
simulated,1,super,yes,85.68183701823997,5,simulated
simulated,1,super,yes,85.65191459992091,5,simulated
simulated,1,super,yes,85.67811586569385,5,simulated
simulated,1,super,yes,85.72528116351411,5,simulated
simulated,1,super,yes,85.66447289334079,5,simulated
simulated,1,super,yes,85.59078625657375,5,simulated
simulated,1,super,yes,85.70211024681437,5,simulated
simulated,1,super,yes,85.62524274930026,5,simulated
simulated,1,super,yes,85.73551438357237,5,simulated
simulated,1,super,yes,85.66196653361094,5,simulated
simulated,1,super,yes,85.62684156862335,5,simulated
simulated,1,super,yes,85.62223589467885,5,simulated
simulated,1,super,yes,85.64555046733929,5,simulated
simulated,1,super,yes,85.71485484491721,5,simulated
simulated,1,super,yes,85.70447015023818,5,simulated
simulated,1,super,yes,85.71519238707229,5,simulated
simulated,1,super,yes,85.6569098742876,5,simulated
simulated,1,super,yes,85.65184825335136,5,simulated
simulated,1,super,yes,85.59888332597048,5,simulated
simulated,1,super,yes,85.72414263702098,5,simulated
simulated,1,super,yes,85.76787473278587,5,simulated
simulated,1,super,yes,85.62600622685757,5,simulated
simulated,1,super,yes,85.61503996206885,5,simulated
simulated,1,super,yes,85.69757942081137,5,simulated
simulated,1,super,yes,85.71910159198572,5,simulated
simulated,1,super,yes,85.64587912711195,5,simulated
simulated,1,super,yes,85.62623226968766,5,simulated
simulated,1,super,yes,85.68201647051761,5,simulated
simulated,1,super,yes,85.67073276894536,5,simulated
simulated,1,super,yes,85.64556727519958,5,simulated
simulated,1,super,yes,85.71780749274404,5,simulated
simulated,1,super,yes,85.65607749142262,5,simulated
simulated,1,super,yes,85.65254141814319,5,simulated
simulated,1,super,yes,85.69437440988418,5,simulated
simulated,1,super,yes,85.68409879934045,5,simulated
simulated,1,super,yes,85.68780841082344,5,simulated
simulated,1,super,yes,85.75217751196526,5,simulated
simulated,1,super,yes,85.74783377270609,5,simulated
simulated,1,super,yes,85.61988308169288,5,simulated
simulated,1,super,yes,85.64129943237361,5,simulated
simulated,1,super,yes,85.56413466234575,5,simulated
simulated,1,super,yes,85.66428954365038,5,simulated
simulated,1,super,yes,85.65565016919201,5,simulated
simulated,1,super,yes,85.72100777783608,5,simulated
simulated,1,super,yes,85.68029468602116,5,simulated
simulated,1,super,yes,85.70659363317597,5,simulated
simulated,1,super,yes,85.66217013946412,5,simulated
simulated,1,super,yes,85.67123515196795,5,simulated
simulated,1,super,yes,85.65612855354804,5,simulated
simulated,1,super,yes,85.69774141042764,5,simulated
simulated,1,super,yes,85.64683586189643,5,simulated
simulated,1,super,yes,85.65248719761097,5,simulated
simulated,1,super,yes,85.64697882106725,5,simulated
simulated,1,super,yes,85.66335198843433,5,simulated
simulated,1,super,yes,85.65546335782349,5,simulated
simulated,1,super,yes,85.74403302608967,5,simulated
simulated,1,super,yes,85.6326077132263,5,simulated
simulated,1,super,yes,85.65559990246624,5,simulated
simulated,1,super,yes,85.59677774358164,5,simulated
simulated,1,super,yes,85.69998511416159,5,simulated
simulated,1,super,yes,85.66755659994637,5,simulated
simulated,1,super,yes,85.64416625194288,5,simulated
simulated,1,super,yes,85.68493883975404,5,simulated
simulated,1,super,yes,85.59040641652237,5,simulated
simulated,1,super,yes,85.6467303760871,5,simulated
simulated,1,super,yes,85.7227291061414,5,simulated
simulated,1,super,yes,85.66092336380045,5,simulated
simulated,1,super,yes,85.63836818463135,5,simulated
simulated,1,super,yes,85.61549462855285,5,simulated
simulated,1,super,yes,85.71436117536376,5,simulated
simulated,1,super,yes,85.61141303586646,5,simulated
simulated,1,super,yes,85.64560671055204,5,simulated
simulated,1,super,yes,85.66798094737959,5,simulated
simulated,1,super,yes,85.74060553640697,5,simulated
simulated,1,super,yes,85.63543559808933,5,simulated
simulated,1,super,yes,85.61105863539088,5,simulated
simulated,1,super,yes,85.65543655698649,5,simulated
simulated,1,super,yes,85.67956016537997,5,simulated
simulated,1,super,yes,85.72659468902258,5,simulated
simulated,1,super,yes,85.73568611651147,5,simulated
simulated,1,super,yes,85.64466361797788,5,simulated
simulated,1,super,yes,85.68338252816191,5,simulated
simulated,1,super,yes,85.60839781051794,5,simulated
simulated,0,basic,yes,253.22367610562273,5,simulated
simulated,0,basic,yes,253.241109683601,5,simulated
simulated,0,basic,yes,253.2298349906155,5,simulated
simulated,0,basic,yes,253.17643370643407,5,simulated
simulated,0,basic,yes,253.16886423597575,5,simulated
simulated,0,basic,yes,253.22834836300837,5,simulated
simulated,0,basic,yes,253.15268470006825,5,simulated
simulated,0,basic,yes,253.23649463025427,5,simulated
simulated,0,basic,yes,253.18255997066632,5,simulated
simulated,0,basic,yes,253.19727757769994,5,simulated
simulated,0,basic,yes,253.2257897425399,5,simulated
simulated,0,basic,yes,253.21756576396834,5,simulated
simulated,0,basic,yes,253.2496679352317,5,simulated
simulated,0,basic,yes,253.2445406027499,5,simulated
simulated,0,basic,yes,253.25676952180518,5,simulated
simulated,0,basic,yes,253.24859196718282,5,simulated
simulated,0,basic,yes,253.1430420516267,5,simulated
simulated,0,basic,yes,253.1860110974041,5,simulated
simulated,0,basic,yes,253.18076475993016,5,simulated
simulated,0,basic,yes,253.26147967020557,5,simulated
simulated,0,basic,yes,253.23677451071015,5,simulated
simulated,0,basic,yes,253.24435786811054,5,simulated
simulated,0,basic,yes,253.16253532592725,5,simulated
simulated,0,basic,yes,253.1305235393756,5,simulated
simulated,0,basic,yes,253.27263745925575,5,simulated
simulated,0,basic,yes,253.26083796211643,5,simulated
simulated,0,basic,yes,253.22282464954324,5,simulated
simulated,0,basic,yes,253.18196885204037,5,simulated
simulated,0,basic,yes,253.25263521479013,5,simulated
simulated,0,basic,yes,253.14313643501262,5,simulated
simulated,0,basic,yes,253.1792009799262,5,simulated
simulated,0,basic,yes,253.14405190458723,5,simulated
simulated,0,basic,yes,253.25006620684587,5,simulated
simulated,0,basic,yes,253.15208203168623,5,simulated
simulated,0,basic,yes,253.13637918948893,5,simulated
simulated,0,basic,yes,253.23067506747512,5,simulated
simulated,0,basic,yes,253.20241546020844,5,simulated
simulated,0,basic,yes,253.195461173723,5,simulated
simulated,0,basic,yes,253.1908369175039,5,simulated
simulated,0,basic,yes,253.1829342268177,5,simulated
simulated,0,basic,yes,253.24749668051953,5,simulated
simulated,0,basic,yes,253.21876900844904,5,simulated
simulated,0,basic,yes,253.2578383150985,5,simulated
simulated,0,basic,yes,253.18651902808674,5,simulated
simulated,0,basic,yes,253.2143671560302,5,simulated
simulated,0,basic,yes,253.22681918251254,5,simulated
simulated,0,basic,yes,253.23646673126174,5,simulated
simulated,0,basic,yes,253.22486248381753,5,simulated
simulated,0,basic,yes,253.21763835121544,5,simulated
simulated,0,basic,yes,253.19325125024235,5,simulated
simulated,0,basic,yes,253.21759811405295,5,simulated
simulated,0,basic,yes,253.11567663908096,5,simulated
simulated,0,basic,yes,253.2866491253041,5,simulated
simulated,0,basic,yes,253.1292333860711,5,simulated
simulated,0,basic,yes,253.24793688353245,5,simulated
simulated,0,basic,yes,253.08004209987553,5,simulated
simulated,0,basic,yes,253.13976536680323,5,simulated
simulated,0,basic,yes,253.1155508988573,5,simulated
simulated,0,basic,yes,253.12116410985618,5,simulated
simulated,0,basic,yes,253.18108608038568,5,simulated
simulated,0,basic,yes,253.23215809498987,5,simulated
simulated,0,basic,yes,253.1837548721737,5,simulated
simulated,0,basic,yes,253.19920924869072,5,simulated
simulated,0,basic,yes,253.1975410692735,5,simulated
simulated,0,basic,yes,253.19969322631093,5,simulated
simulated,0,basic,yes,253.15532179535367,5,simulated
simulated,0,basic,yes,253.22757214327612,5,simulated
simulated,0,basic,yes,253.2096736087406,5,simulated
simulated,0,basic,yes,253.2284533576426,5,simulated
simulated,0,basic,yes,253.2006646687326,5,simulated
simulated,0,basic,yes,253.21813931134744,5,simulated
simulated,0,basic,yes,253.1485875873417,5,simulated
simulated,0,basic,yes,253.18793273492113,5,simulated
simulated,0,basic,yes,253.20119411003236,5,simulated
simulated,0,basic,yes,253.15924214453395,5,simulated
simulated,0,basic,yes,253.18552537903636,5,simulated
simulated,0,basic,yes,253.20183525138643,5,simulated
simulated,0,basic,yes,253.1090838971561,5,simulated
simulated,0,basic,yes,253.26960427121887,5,simulated
simulated,0,basic,yes,253.22635984300118,5,simulated
simulated,0,basic,yes,253.2220242573638,5,simulated
simulated,0,basic,yes,253.20947991876986,5,simulated
simulated,0,basic,yes,253.10700664780185,5,simulated
simulated,0,basic,yes,253.1663316176036,5,simulated
simulated,0,basic,yes,253.13397908535947,5,simulated
simulated,0,basic,yes,253.22260525944603,5,simulated
simulated,0,basic,yes,253.24030857400274,5,simulated
simulated,0,basic,yes,253.18137175738892,5,simulated
simulated,0,basic,yes,253.21979574749056,5,simulated
simulated,0,basic,yes,253.24255217196728,5,simulated
simulated,0,basic,yes,253.21723493918344,5,simulated
simulated,0,basic,yes,253.2098184646871,5,simulated
simulated,0,basic,yes,253.26278620746484,5,simulated
simulated,0,basic,yes,253.1515169867931,5,simulated
simulated,0,basic,yes,253.23743357950832,5,simulated
simulated,0,basic,yes,253.233727800945,5,simulated
simulated,0,basic,yes,253.15816927195095,5,simulated
simulated,0,basic,yes,253.1841335993115,5,simulated
simulated,0,basic,yes,253.1279143397104,5,simulated
simulated,0,basic,yes,253.18320041300552,5,simulated
simulated,1,basic,yes,253.2378548590135,5,simulated
simulated,1,basic,yes,253.28152030966285,5,simulated
simulated,1,basic,yes,253.10917101029176,5,simulated
simulated,1,basic,yes,253.1576718683173,5,simulated
simulated,1,basic,yes,253.19693548926998,5,simulated
simulated,1,basic,yes,253.18521081814194,5,simulated
simulated,1,basic,yes,253.27436425950532,5,simulated
simulated,1,basic,yes,253.18183059805082,5,simulated
simulated,1,basic,yes,253.21294412941657,5,simulated
simulated,1,basic,yes,253.1764084431211,5,simulated
simulated,1,basic,yes,253.31538302395444,5,simulated
simulated,1,basic,yes,253.15174762762337,5,simulated
simulated,1,basic,yes,253.18706449607134,5,simulated
simulated,1,basic,yes,253.21016900230873,5,simulated
simulated,1,basic,yes,253.22467627937243,5,simulated
simulated,1,basic,yes,253.15490427089648,5,simulated
simulated,1,basic,yes,253.19201866505708,5,simulated
simulated,1,basic,yes,253.21541557121498,5,simulated
simulated,1,basic,yes,253.21329561857652,5,simulated
simulated,1,basic,yes,253.16724439794228,5,simulated
simulated,1,basic,yes,253.16273356370917,5,simulated
simulated,1,basic,yes,253.20666871011207,5,simulated
simulated,1,basic,yes,253.22604823783448,5,simulated
simulated,1,basic,yes,253.2105927276762,5,simulated
simulated,1,basic,yes,253.2083121375947,5,simulated
simulated,1,basic,yes,253.2021099115143,5,simulated
simulated,1,basic,yes,253.2137234531453,5,simulated
simulated,1,basic,yes,253.19144876372346,5,simulated
simulated,1,basic,yes,253.17796295242923,5,simulated
simulated,1,basic,yes,253.1928407489824,5,simulated
simulated,1,basic,yes,253.2196482737845,5,simulated
simulated,1,basic,yes,253.14677541030935,5,simulated
simulated,1,basic,yes,253.18616728170528,5,simulated
simulated,1,basic,yes,253.1642571299427,5,simulated
simulated,1,basic,yes,253.20597835783948,5,simulated
simulated,1,basic,yes,253.1511812191515,5,simulated
simulated,1,basic,yes,253.2128319181308,5,simulated
simulated,1,basic,yes,253.26665489179348,5,simulated
simulated,1,basic,yes,253.16927559703655,5,simulated
simulated,1,basic,yes,253.1514691884498,5,simulated
simulated,1,basic,yes,253.21511701516243,5,simulated
simulated,1,basic,yes,253.2082876221552,5,simulated
simulated,1,basic,yes,253.1788504105322,5,simulated
simulated,1,basic,yes,253.1946359263503,5,simulated
simulated,1,basic,yes,253.23503243235692,5,simulated
simulated,1,basic,yes,253.18038088902028,5,simulated
simulated,1,basic,yes,253.1426946150331,5,simulated
simulated,1,basic,yes,253.22350031609707,5,simulated
simulated,1,basic,yes,253.17807912932005,5,simulated
simulated,1,basic,yes,253.2210228458134,5,simulated
simulated,1,basic,yes,253.20172977413054,5,simulated
simulated,1,basic,yes,253.20974040652382,5,simulated
simulated,1,basic,yes,253.1945845552444,5,simulated
simulated,1,basic,yes,253.26788098142657,5,simulated
simulated,1,basic,yes,253.21946359356858,5,simulated
simulated,1,basic,yes,253.1475987762999,5,simulated
simulated,1,basic,yes,253.2146753123259,5,simulated
simulated,1,basic,yes,253.21893039097174,5,simulated
simulated,1,basic,yes,253.20051106363715,5,simulated
simulated,1,basic,yes,253.24489117161008,5,simulated
simulated,1,basic,yes,253.31048592894598,5,simulated
simulated,1,basic,yes,253.25655526752368,5,simulated
simulated,1,basic,yes,253.20374111700403,5,simulated
simulated,1,basic,yes,253.1948970617342,5,simulated
simulated,1,basic,yes,253.15321463304338,5,simulated
simulated,1,basic,yes,253.25038058928922,5,simulated
simulated,1,basic,yes,253.17555197690075,5,simulated
simulated,1,basic,yes,253.22851809351,5,simulated
simulated,1,basic,yes,253.20449214313527,5,simulated
simulated,1,basic,yes,253.1966210501242,5,simulated
simulated,1,basic,yes,253.25447260860918,5,simulated
simulated,1,basic,yes,253.18177673419612,5,simulated
simulated,1,basic,yes,253.20365030997624,5,simulated
simulated,1,basic,yes,253.23912033219662,5,simulated
simulated,1,basic,yes,253.14366578021475,5,simulated
simulated,1,basic,yes,253.2380730008832,5,simulated
simulated,1,basic,yes,253.2341587781461,5,simulated
simulated,1,basic,yes,253.251046846418,5,simulated
simulated,1,basic,yes,253.1651956441048,5,simulated
simulated,1,basic,yes,253.18876890677083,5,simulated
simulated,1,basic,yes,253.28695188049278,5,simulated
simulated,1,basic,yes,253.23891663692018,5,simulated
simulated,1,basic,yes,253.2715662342158,5,simulated
simulated,1,basic,yes,253.22594690988643,5,simulated
simulated,1,basic,yes,253.22124039381512,5,simulated
simulated,1,basic,yes,253.1695494429687,5,simulated
simulated,1,basic,yes,253.2995253888373,5,simulated
simulated,1,basic,yes,253.26067359358737,5,simulated
simulated,1,basic,yes,253.2108102872712,5,simulated
simulated,1,basic,yes,253.19942829605924,5,simulated
simulated,1,basic,yes,253.22905982609805,5,simulated
simulated,1,basic,yes,253.1867444408323,5,simulated
simulated,1,basic,yes,253.21801044342962,5,simulated
simulated,1,basic,yes,253.18876731809544,5,simulated
simulated,1,basic,yes,253.1540889388831,5,simulated
simulated,1,basic,yes,253.19913082312516,5,simulated
simulated,1,basic,yes,253.2460720130788,5,simulated
simulated,1,basic,yes,253.2258907395476,5,simulated
simulated,1,basic,yes,253.18050858341684,5,simulated
simulated,1,basic,yes,253.17946259159726,5,simulated
simulated,2,basic,yes,253.17430569438326,5,simulated
simulated,2,basic,yes,253.1859974068588,5,simulated
simulated,2,basic,yes,253.19430515203703,5,simulated
simulated,2,basic,yes,253.2773917539706,5,simulated
simulated,2,basic,yes,253.14771105694544,5,simulated
simulated,2,basic,yes,253.21893518810984,5,simulated
simulated,2,basic,yes,253.16224436121198,5,simulated
simulated,2,basic,yes,253.22885572110667,5,simulated
simulated,2,basic,yes,253.21551907920426,5,simulated
simulated,2,basic,yes,253.21619503265595,5,simulated
simulated,2,basic,yes,253.24980288432315,5,simulated
simulated,2,basic,yes,253.19271948609028,5,simulated
simulated,2,basic,yes,253.19734820213043,5,simulated
simulated,2,basic,yes,253.14632183706595,5,simulated
simulated,2,basic,yes,253.1800653294038,5,simulated
simulated,2,basic,yes,253.21373500174775,5,simulated
simulated,2,basic,yes,253.1684731438609,5,simulated
simulated,2,basic,yes,253.1950670343316,5,simulated
simulated,2,basic,yes,253.26368471060977,5,simulated
simulated,2,basic,yes,253.14349491823876,5,simulated
simulated,2,basic,yes,253.2340237781151,5,simulated
simulated,2,basic,yes,253.27929647538718,5,simulated
simulated,2,basic,yes,253.21996685968813,5,simulated
simulated,2,basic,yes,253.13877081378007,5,simulated
simulated,2,basic,yes,253.29308254937422,5,simulated
simulated,2,basic,yes,253.27181714141622,5,simulated
simulated,2,basic,yes,253.26842471055068,5,simulated
simulated,2,basic,yes,253.21148178899708,5,simulated
simulated,2,basic,yes,253.2300198113235,5,simulated
simulated,2,basic,yes,253.2615571496329,5,simulated
simulated,2,basic,yes,253.22088517777829,5,simulated
simulated,2,basic,yes,253.19857155703036,5,simulated
simulated,2,basic,yes,253.14766921953006,5,simulated
simulated,2,basic,yes,253.19981499533992,5,simulated
simulated,2,basic,yes,253.24353042953888,5,simulated
simulated,2,basic,yes,253.21878223467044,5,simulated
simulated,2,basic,yes,253.1827630878562,5,simulated
simulated,2,basic,yes,253.21656845264272,5,simulated
simulated,2,basic,yes,253.1825051427276,5,simulated
simulated,2,basic,yes,253.24156567246573,5,simulated
simulated,2,basic,yes,253.23227390368982,5,simulated
simulated,2,basic,yes,253.27664411802314,5,simulated
simulated,2,basic,yes,253.18474773005224,5,simulated
simulated,2,basic,yes,253.23436097391547,5,simulated
simulated,2,basic,yes,253.2020055125562,5,simulated
simulated,2,basic,yes,253.14112708562095,5,simulated
simulated,2,basic,yes,253.18629319549177,5,simulated
simulated,2,basic,yes,253.22311201280723,5,simulated
simulated,2,basic,yes,253.16144627588477,5,simulated
simulated,2,basic,yes,253.22133359686046,5,simulated
simulated,2,basic,yes,253.15255072310035,5,simulated
simulated,2,basic,yes,253.22240881587442,5,simulated
simulated,2,basic,yes,253.1960760782805,5,simulated
simulated,2,basic,yes,253.13723852626487,5,simulated
simulated,2,basic,yes,253.28625738831744,5,simulated
simulated,2,basic,yes,253.25784818989976,5,simulated
simulated,2,basic,yes,253.21059126832984,5,simulated
simulated,2,basic,yes,253.16775065256476,5,simulated
simulated,2,basic,yes,253.20260315012288,5,simulated
simulated,2,basic,yes,253.15806931964627,5,simulated
simulated,2,basic,yes,253.21977689532073,5,simulated
simulated,2,basic,yes,253.20221084676308,5,simulated
simulated,2,basic,yes,253.20031215168817,5,simulated
simulated,2,basic,yes,253.23166244870924,5,simulated
simulated,2,basic,yes,253.19552106048235,5,simulated
simulated,2,basic,yes,253.20500028622195,5,simulated
simulated,2,basic,yes,253.2067678454458,5,simulated
simulated,2,basic,yes,253.29336978884498,5,simulated
simulated,2,basic,yes,253.23739487436896,5,simulated
simulated,2,basic,yes,253.24341114089583,5,simulated
simulated,2,basic,yes,253.14562057123587,5,simulated
simulated,2,basic,yes,253.19597251667608,5,simulated
simulated,2,basic,yes,253.22973757661612,5,simulated
simulated,2,basic,yes,253.22996362431957,5,simulated
simulated,2,basic,yes,253.24830719287993,5,simulated
simulated,2,basic,yes,253.2331005872015,5,simulated
simulated,2,basic,yes,253.16909572090017,5,simulated
simulated,2,basic,yes,253.2128626714329,5,simulated
simulated,2,basic,yes,253.2409916324878,5,simulated
simulated,2,basic,yes,253.29155566276125,5,simulated
simulated,2,basic,yes,253.2646786673038,5,simulated
simulated,2,basic,yes,253.24324863623465,5,simulated
simulated,2,basic,yes,253.2509993068024,5,simulated
simulated,2,basic,yes,253.17952693080892,5,simulated
simulated,2,basic,yes,253.1905008930739,5,simulated
simulated,2,basic,yes,253.236746845088,5,simulated
simulated,2,basic,yes,253.17714030663444,5,simulated
simulated,2,basic,yes,253.2869440557471,5,simulated
simulated,2,basic,yes,253.17075705227495,5,simulated
simulated,2,basic,yes,253.18926543370878,5,simulated
simulated,2,basic,yes,253.26438224185577,5,simulated
simulated,2,basic,yes,253.25501324373934,5,simulated
simulated,2,basic,yes,253.2482504733197,5,simulated
simulated,2,basic,yes,253.22966222098677,5,simulated
simulated,2,basic,yes,253.22886753209912,5,simulated
simulated,2,basic,yes,253.2393860849954,5,simulated
simulated,2,basic,yes,253.18586233948164,5,simulated
simulated,2,basic,yes,253.12811657254886,5,simulated
simulated,2,basic,yes,253.23040801433038,5,simulated
simulated,2,basic,yes,253.1990465768129,5,simulated
simulated,3,basic,yes,253.29956097997305,5,simulated
simulated,3,basic,yes,253.23663655485976,5,simulated
simulated,3,basic,yes,253.11956706456854,5,simulated
simulated,3,basic,yes,253.26612570317263,5,simulated
simulated,3,basic,yes,253.19562024171177,5,simulated
simulated,3,basic,yes,253.22954216033105,5,simulated
simulated,3,basic,yes,253.1596535702507,5,simulated
simulated,3,basic,yes,253.17393308599523,5,simulated
simulated,3,basic,yes,253.21857962508608,5,simulated
simulated,3,basic,yes,253.24746891865266,5,simulated
simulated,3,basic,yes,253.205738134872,5,simulated
simulated,3,basic,yes,253.23706113925505,5,simulated
simulated,3,basic,yes,253.14805517981574,5,simulated
simulated,3,basic,yes,253.23950486896607,5,simulated
simulated,3,basic,yes,253.1916871367833,5,simulated
simulated,3,basic,yes,253.2080382475998,5,simulated
simulated,3,basic,yes,253.20768895605372,5,simulated
simulated,3,basic,yes,253.21347037696725,5,simulated
simulated,3,basic,yes,253.215606976804,5,simulated
simulated,3,basic,yes,253.22562173550995,5,simulated
simulated,3,basic,yes,253.1981121030631,5,simulated
simulated,3,basic,yes,253.28438047309453,5,simulated
simulated,3,basic,yes,253.19058981091004,5,simulated
simulated,3,basic,yes,253.20655394645917,5,simulated
simulated,3,basic,yes,253.16729060750808,5,simulated
simulated,3,basic,yes,253.178682143515,5,simulated
simulated,3,basic,yes,253.17462798111526,5,simulated
simulated,3,basic,yes,253.27221603623892,5,simulated
simulated,3,basic,yes,253.18221270536534,5,simulated
simulated,3,basic,yes,253.24963854278036,5,simulated
simulated,3,basic,yes,253.1226095267294,5,simulated
simulated,3,basic,yes,253.23336265286892,5,simulated
simulated,3,basic,yes,253.1691400349306,5,simulated
simulated,3,basic,yes,253.20895983414206,5,simulated
simulated,3,basic,yes,253.23681118367273,5,simulated
simulated,3,basic,yes,253.2567219575421,5,simulated
simulated,3,basic,yes,253.23159207806953,5,simulated
simulated,3,basic,yes,253.18671922927754,5,simulated
simulated,3,basic,yes,253.2067883780077,5,simulated
simulated,3,basic,yes,253.21481682911573,5,simulated
simulated,3,basic,yes,253.22747059031963,5,simulated
simulated,3,basic,yes,253.2315557325398,5,simulated
simulated,3,basic,yes,253.20207881344504,5,simulated
simulated,3,basic,yes,253.22399052648794,5,simulated
simulated,3,basic,yes,253.19379009379594,5,simulated
simulated,3,basic,yes,253.23911937117708,5,simulated
simulated,3,basic,yes,253.18672213398446,5,simulated
simulated,3,basic,yes,253.24449598565002,5,simulated
simulated,3,basic,yes,253.20584267033087,5,simulated
simulated,3,basic,yes,253.18828698829927,5,simulated
simulated,3,basic,yes,253.23962356172277,5,simulated
simulated,3,basic,yes,253.1654514113906,5,simulated
simulated,3,basic,yes,253.19607480999457,5,simulated
simulated,3,basic,yes,253.21426532251255,5,simulated
simulated,3,basic,yes,253.19249299157408,5,simulated
simulated,3,basic,yes,253.21792886271712,5,simulated
simulated,3,basic,yes,253.27201749465476,5,simulated
simulated,3,basic,yes,253.1855621154533,5,simulated
simulated,3,basic,yes,253.21312248165924,5,simulated
simulated,3,basic,yes,253.24392801436753,5,simulated
simulated,3,basic,yes,253.17656774848047,5,simulated
simulated,3,basic,yes,253.2468959404685,5,simulated
simulated,3,basic,yes,253.20712363977103,5,simulated
simulated,3,basic,yes,253.24601436742887,5,simulated
simulated,3,basic,yes,253.1846918014145,5,simulated
simulated,3,basic,yes,253.22515359297338,5,simulated
simulated,3,basic,yes,253.2630679408362,5,simulated
simulated,3,basic,yes,253.180600618278,5,simulated
simulated,3,basic,yes,253.26460981001262,5,simulated
simulated,3,basic,yes,253.21241334257854,5,simulated
simulated,3,basic,yes,253.26119241725962,5,simulated
simulated,3,basic,yes,253.23696109353295,5,simulated
simulated,3,basic,yes,253.2615913396181,5,simulated
simulated,3,basic,yes,253.2371713069496,5,simulated
simulated,3,basic,yes,253.10362501750532,5,simulated
simulated,3,basic,yes,253.1707814646215,5,simulated
simulated,3,basic,yes,253.2205917696404,5,simulated
simulated,3,basic,yes,253.1891103228765,5,simulated
simulated,3,basic,yes,253.22566868930517,5,simulated
simulated,3,basic,yes,253.2407589868703,5,simulated
simulated,3,basic,yes,253.23609918475566,5,simulated
simulated,3,basic,yes,253.2106958193385,5,simulated
simulated,3,basic,yes,253.18326095854474,5,simulated
simulated,3,basic,yes,253.1733794790261,5,simulated
simulated,3,basic,yes,253.17226481125712,5,simulated
simulated,3,basic,yes,253.2137204043662,5,simulated
simulated,3,basic,yes,253.24097557193352,5,simulated
simulated,3,basic,yes,253.2230131941173,5,simulated
simulated,3,basic,yes,253.26993435347592,5,simulated
simulated,3,basic,yes,253.16926418870693,5,simulated
simulated,3,basic,yes,253.27257593723985,5,simulated
simulated,3,basic,yes,253.241898338775,5,simulated
simulated,3,basic,yes,253.2273688211977,5,simulated
simulated,3,basic,yes,253.16980243137493,5,simulated
simulated,3,basic,yes,253.22868591802813,5,simulated
simulated,3,basic,yes,253.20475963782044,5,simulated
simulated,3,basic,yes,253.27987001689075,5,simulated
simulated,3,basic,yes,253.24205443892606,5,simulated
simulated,3,basic,yes,253.2023569094789,5,simulated
simulated,3,basic,yes,253.1355818679724,5,simulated
simulated,0,sub,yes,817.1046468401372,5,simulated
simulated,0,sub,yes,816.949420335732,5,simulated
simulated,0,sub,yes,817.027744373778,5,simulated
simulated,0,sub,yes,816.9735297794194,5,simulated
simulated,0,sub,yes,816.9450135274934,5,simulated
simulated,0,sub,yes,816.9447760680476,5,simulated
simulated,0,sub,yes,816.8852807217485,5,simulated
simulated,0,sub,no,816.9801241606098,5,simulated
simulated,0,sub,yes,817.0064137733616,5,simulated
simulated,0,sub,yes,816.9064213863481,5,simulated
simulated,0,sub,no,816.9190159229473,5,simulated
simulated,0,sub,yes,817.1013517550983,5,simulated
simulated,0,sub,yes,816.9548167489379,5,simulated
simulated,0,sub,yes,816.9384495084067,5,simulated
simulated,0,sub,yes,817.0867333705579,5,simulated
simulated,0,sub,yes,816.9918894066449,5,simulated
simulated,0,sub,yes,816.7808661718833,5,simulated
simulated,0,sub,yes,817.0087753951462,5,simulated
simulated,0,sub,yes,816.8755525076194,5,simulated
simulated,0,sub,yes,817.0984850531056,5,simulated
simulated,0,sub,yes,817.0921010646935,5,simulated
simulated,0,sub,yes,816.9893568875887,5,simulated
simulated,0,sub,yes,816.9077646720283,5,simulated
simulated,0,sub,yes,816.9860108549191,5,simulated
simulated,0,sub,yes,817.0229042557745,5,simulated
simulated,0,sub,yes,817.1467066348753,5,simulated
simulated,0,sub,yes,817.0080431023315,5,simulated
simulated,0,sub,yes,816.8354348160897,5,simulated
simulated,0,sub,yes,816.9515811764841,5,simulated
simulated,0,sub,yes,816.8830157777448,5,simulated
simulated,0,sub,yes,816.967679909643,5,simulated
simulated,0,sub,yes,816.9183681032259,5,simulated
simulated,0,sub,yes,817.0724762399203,5,simulated
simulated,0,sub,yes,816.98731736952,5,simulated
simulated,0,sub,yes,816.8722878769779,5,simulated
simulated,0,sub,yes,816.918232682097,5,simulated
simulated,0,sub,yes,816.9593935966595,5,simulated
simulated,0,sub,yes,816.9981405788866,5,simulated
simulated,0,sub,yes,816.9435603321594,5,simulated
simulated,0,sub,yes,817.0426525789319,5,simulated
simulated,0,sub,yes,817.0109037549355,5,simulated
simulated,0,sub,yes,817.0639406500917,5,simulated
simulated,0,sub,yes,817.1939181142471,5,simulated
simulated,0,sub,yes,816.9754882468218,5,simulated
simulated,0,sub,yes,817.0025750935787,5,simulated
simulated,0,sub,yes,816.8609897586235,5,simulated
simulated,0,sub,yes,816.9643894197546,5,simulated
simulated,0,sub,yes,817.031312438498,5,simulated
simulated,0,sub,yes,817.0839795010569,5,simulated
simulated,0,sub,yes,816.9708091392517,5,simulated
simulated,1,sub,yes,817.0119350114447,5,simulated
simulated,1,sub,yes,816.7183217909633,5,simulated
simulated,1,sub,yes,816.9331466746579,5,simulated
simulated,1,sub,yes,816.760005022573,5,simulated
simulated,1,sub,yes,817.1532710336771,5,simulated
simulated,1,sub,yes,816.919086935212,5,simulated
simulated,1,sub,yes,817.0642762825227,5,simulated
simulated,1,sub,yes,816.8615066387829,5,simulated
simulated,1,sub,yes,816.8097130124643,5,simulated
simulated,1,sub,yes,817.0159528630004,5,simulated
simulated,1,sub,yes,817.0500801248022,5,simulated
simulated,1,sub,yes,816.818885178393,5,simulated
simulated,1,sub,yes,816.9556922627456,5,simulated
simulated,1,sub,yes,817.0498537021139,5,simulated
simulated,1,sub,yes,817.0004032879776,5,simulated
simulated,1,sub,yes,816.8891990254375,5,simulated
simulated,1,sub,yes,816.8939094966822,5,simulated
simulated,1,sub,yes,816.9909404079293,5,simulated
simulated,1,sub,yes,817.0366008376204,5,simulated
simulated,1,sub,yes,816.8158518901032,5,simulated
simulated,1,sub,yes,817.0217255997676,5,simulated
simulated,1,sub,yes,816.8731331877118,5,simulated
simulated,1,sub,yes,816.8824831203257,5,simulated
simulated,1,sub,yes,816.9044242702294,5,simulated
simulated,1,sub,yes,817.0353598406385,5,simulated
simulated,1,sub,yes,816.9026129498327,5,simulated
simulated,1,sub,yes,816.9773943968254,5,simulated
simulated,1,sub,yes,816.8595439029395,5,simulated
simulated,1,sub,yes,817.0444596128444,5,simulated
simulated,1,sub,yes,816.9785263445776,5,simulated
simulated,1,sub,yes,816.9492047118243,5,simulated
simulated,1,sub,yes,816.9895363775578,5,simulated
simulated,1,sub,yes,816.8866632085437,5,simulated
simulated,1,sub,yes,817.0221005965409,5,simulated
simulated,1,sub,yes,816.9792193401124,5,simulated
simulated,1,sub,yes,816.873315191256,5,simulated
simulated,1,sub,yes,816.9992036496265,5,simulated
simulated,1,sub,yes,816.9499153240955,5,simulated
simulated,1,sub,yes,817.049395370617,5,simulated
simulated,1,sub,yes,816.988472133989,5,simulated
simulated,1,sub,yes,816.9876732356851,5,simulated
simulated,1,sub,yes,816.9078515031521,5,simulated
simulated,1,sub,yes,816.9757217800601,5,simulated
simulated,1,sub,yes,816.8771520508479,5,simulated
simulated,1,sub,yes,817.0064044093032,5,simulated
simulated,1,sub,yes,816.9611133921478,5,simulated
simulated,1,sub,yes,816.9145517176069,5,simulated
simulated,1,sub,yes,816.8336859737454,5,simulated
simulated,1,sub,yes,816.9820870723357,5,simulated
simulated,1,sub,yes,816.8949603122999,5,simulated
simulated,2,sub,yes,817.0008133786617,5,simulated
simulated,2,sub,yes,817.0240667798372,5,simulated
simulated,2,sub,yes,816.9987948541049,5,simulated
simulated,2,sub,yes,816.8915552565102,5,simulated
simulated,2,sub,yes,816.9855395055678,5,simulated
simulated,2,sub,yes,817.0140277613085,5,simulated
simulated,2,sub,yes,817.0753525523613,5,simulated
simulated,2,sub,yes,816.8945212359982,5,simulated
simulated,2,sub,yes,817.1063168161759,5,simulated
simulated,2,sub,yes,816.898672934372,5,simulated
simulated,2,sub,yes,816.9903607594864,5,simulated
simulated,2,sub,yes,816.9892860786557,5,simulated
simulated,2,sub,yes,817.035172858731,5,simulated
simulated,2,sub,yes,816.8506687703018,5,simulated
simulated,2,sub,yes,817.0669578937702,5,simulated
simulated,2,sub,yes,816.9399521571886,5,simulated
simulated,2,sub,yes,816.9658275992551,5,simulated
simulated,2,sub,yes,817.090841879215,5,simulated
simulated,2,sub,yes,816.9304185745982,5,simulated
simulated,2,sub,yes,816.9063172455064,5,simulated
simulated,2,sub,yes,816.9871514530121,5,simulated
simulated,2,sub,yes,816.9228059647025,5,simulated
simulated,2,sub,yes,817.0471887597075,5,simulated
simulated,2,sub,no,816.8903273512391,5,simulated
simulated,2,sub,yes,816.9504488939722,5,simulated
simulated,2,sub,yes,817.1060809186424,5,simulated
simulated,2,sub,yes,816.8370546231608,5,simulated
simulated,2,sub,yes,817.0988430651465,5,simulated
simulated,2,sub,yes,816.8510864889382,5,simulated
simulated,2,sub,yes,816.9357338351462,5,simulated
simulated,2,sub,yes,817.0585481378538,5,simulated
simulated,2,sub,yes,816.8122559130676,5,simulated
simulated,2,sub,yes,817.0935755331462,5,simulated
simulated,2,sub,yes,816.8861292346863,5,simulated
simulated,2,sub,yes,817.0450509176105,5,simulated
simulated,2,sub,yes,816.8566375879237,5,simulated
simulated,2,sub,yes,817.0123863233994,5,simulated
simulated,2,sub,yes,817.0324592134922,5,simulated
simulated,2,sub,yes,817.0182408120677,5,simulated
simulated,2,sub,yes,816.8228907910393,5,simulated
simulated,2,sub,no,816.9238224385457,5,simulated
simulated,2,sub,yes,816.8497176134275,5,simulated
simulated,2,sub,yes,817.0185611298297,5,simulated
simulated,2,sub,yes,817.0951093355287,5,simulated
simulated,2,sub,yes,816.9884200312242,5,simulated
simulated,2,sub,no,816.7165618605502,5,simulated
simulated,2,sub,yes,816.9010016431782,5,simulated
simulated,2,sub,yes,817.0081238481384,5,simulated
simulated,2,sub,yes,816.9220778609663,5,simulated
simulated,2,sub,yes,817.0579847108729,5,simulated
simulated,3,sub,yes,816.978960383651,5,simulated
simulated,3,sub,yes,817.0008911733921,5,simulated
simulated,3,sub,yes,816.8556069227786,5,simulated
simulated,3,sub,yes,816.9513853406771,5,simulated
simulated,3,sub,yes,817.1681569450877,5,simulated
simulated,3,sub,yes,817.0508898541733,5,simulated
simulated,3,sub,no,817.1965751181788,5,simulated
simulated,3,sub,yes,816.9846468798644,5,simulated
simulated,3,sub,yes,816.9400020621965,5,simulated
simulated,3,sub,yes,817.0598438335531,5,simulated
simulated,3,sub,yes,817.1635233431168,5,simulated
simulated,3,sub,yes,817.0250535319748,5,simulated
simulated,3,sub,no,816.9869693951937,5,simulated
simulated,3,sub,yes,816.9139735862117,5,simulated
simulated,3,sub,yes,816.8534708754613,5,simulated
simulated,3,sub,yes,817.1356939412206,5,simulated
simulated,3,sub,yes,816.9854490673098,5,simulated
simulated,3,sub,yes,816.8830664260145,5,simulated
simulated,3,sub,yes,816.8974656970023,5,simulated
simulated,3,sub,yes,817.0247786525731,5,simulated
simulated,3,sub,yes,816.960642305304,5,simulated
simulated,3,sub,yes,816.90186815377,5,simulated
simulated,3,sub,yes,817.0485293111738,5,simulated
simulated,3,sub,yes,817.167267797348,5,simulated
simulated,3,sub,yes,816.8574005179406,5,simulated
simulated,3,sub,no,817.1427481406598,5,simulated
simulated,3,sub,yes,816.9774450527236,5,simulated
simulated,3,sub,yes,817.2009802257893,5,simulated
simulated,3,sub,yes,816.8994838135976,5,simulated
simulated,3,sub,yes,816.9415597361764,5,simulated
simulated,3,sub,yes,817.0802374125442,5,simulated
simulated,3,sub,yes,816.9385973799655,5,simulated
simulated,3,sub,yes,817.0577101572027,5,simulated
simulated,3,sub,yes,817.0651951831644,5,simulated
simulated,3,sub,yes,817.312034129833,5,simulated
simulated,3,sub,yes,816.882827571457,5,simulated
simulated,3,sub,yes,817.1713704601157,5,simulated
simulated,3,sub,yes,816.9878703245357,5,simulated
simulated,3,sub,yes,816.9952020296439,5,simulated
simulated,3,sub,yes,816.982575520477,5,simulated
simulated,3,sub,yes,817.1672241772661,5,simulated
simulated,3,sub,yes,817.0343011324364,5,simulated
simulated,3,sub,yes,817.0373184835179,5,simulated
simulated,3,sub,yes,816.9135604315633,5,simulated
simulated,3,sub,yes,816.9968509023486,5,simulated
simulated,3,sub,yes,816.8681417627623,5,simulated
simulated,3,sub,yes,816.9215423182175,5,simulated
simulated,3,sub,yes,816.9074067971126,5,simulated
simulated,3,sub,yes,816.9453012915367,5,simulated
simulated,3,sub,yes,817.0115909815988,5,simulated
simulated,4,sub,yes,816.929370624513,5,simulated
simulated,4,sub,yes,816.9342665488043,5,simulated
simulated,4,sub,yes,816.8997293761406,5,simulated
simulated,4,sub,yes,816.8892488011583,5,simulated
simulated,4,sub,yes,816.8506730587275,5,simulated
simulated,4,sub,yes,816.801944043994,5,simulated
simulated,4,sub,yes,816.815118184157,5,simulated
simulated,4,sub,yes,816.9950116534912,5,simulated
simulated,4,sub,yes,816.8490679620708,5,simulated
simulated,4,sub,yes,816.9584687711226,5,simulated
simulated,4,sub,yes,816.993326385716,5,simulated
simulated,4,sub,yes,816.9306357818049,5,simulated
simulated,4,sub,yes,816.9714739433583,5,simulated
simulated,4,sub,yes,816.970304584508,5,simulated
simulated,4,sub,yes,816.8626394161673,5,simulated
simulated,4,sub,yes,816.7860335876927,5,simulated
simulated,4,sub,yes,816.8582060735511,5,simulated
simulated,4,sub,yes,817.0351951554643,5,simulated
simulated,4,sub,yes,816.9356864197973,5,simulated
simulated,4,sub,yes,816.7350427838952,5,simulated
simulated,4,sub,yes,816.9330484354074,5,simulated
simulated,4,sub,yes,816.9733137899285,5,simulated
simulated,4,sub,yes,816.9938344685775,5,simulated
simulated,4,sub,yes,816.9710068498696,5,simulated
simulated,4,sub,yes,817.0554436658606,5,simulated
simulated,4,sub,yes,817.0225807305922,5,simulated
simulated,4,sub,yes,817.1003632395731,5,simulated
simulated,4,sub,yes,816.8708566874196,5,simulated
simulated,4,sub,yes,816.9703533144555,5,simulated
simulated,4,sub,yes,816.9951178525313,5,simulated
simulated,4,sub,yes,816.9837826205168,5,simulated
simulated,4,sub,yes,817.017043657066,5,simulated
simulated,4,sub,yes,816.8885407128049,5,simulated
simulated,4,sub,yes,816.9425494948637,5,simulated
simulated,4,sub,yes,817.1319993351359,5,simulated
simulated,4,sub,yes,817.093664381824,5,simulated
simulated,4,sub,yes,816.8701237852313,5,simulated
simulated,4,sub,yes,817.0256600891008,5,simulated
simulated,4,sub,yes,816.9541945858122,5,simulated
simulated,4,sub,yes,817.0540989157712,5,simulated
simulated,4,sub,yes,817.1828330257636,5,simulated
simulated,4,sub,yes,817.2377906223486,5,simulated
simulated,4,sub,yes,816.9775414533276,5,simulated
simulated,4,sub,yes,816.9593388163926,5,simulated
simulated,4,sub,yes,816.9739478104754,5,simulated
simulated,4,sub,yes,817.0566732824838,5,simulated
simulated,4,sub,yes,817.0105579828561,5,simulated
simulated,4,sub,yes,816.9865346373074,5,simulated
simulated,4,sub,yes,816.8935168457193,5,simulated
simulated,4,sub,yes,817.1036637843229,5,simulated
simulated,5,sub,yes,816.8925492557794,5,simulated
simulated,5,sub,yes,816.9989860566704,5,simulated
simulated,5,sub,yes,816.9264303545897,5,simulated
simulated,5,sub,yes,816.8886749978698,5,simulated
simulated,5,sub,yes,816.8830611639314,5,simulated
simulated,5,sub,yes,816.9315771579088,5,simulated
simulated,5,sub,yes,817.0301457565201,5,simulated
simulated,5,sub,yes,816.9509917700423,5,simulated
simulated,5,sub,yes,816.8266653718251,5,simulated
simulated,5,sub,yes,816.9836521002318,5,simulated
simulated,5,sub,yes,816.9603343773387,5,simulated
simulated,5,sub,yes,816.9248556211438,5,simulated
simulated,5,sub,yes,816.8851929887032,5,simulated
simulated,5,sub,yes,817.1618734271896,5,simulated
simulated,5,sub,yes,816.9271523178819,5,simulated
simulated,5,sub,no,817.046024529451,5,simulated
simulated,5,sub,yes,816.8674536854892,5,simulated
simulated,5,sub,yes,816.9490537726945,5,simulated
simulated,5,sub,yes,816.942141430894,5,simulated
simulated,5,sub,yes,816.9163339018917,5,simulated
simulated,5,sub,yes,816.8580340947185,5,simulated
simulated,5,sub,yes,817.1743426078252,5,simulated
simulated,5,sub,yes,816.8478559655321,5,simulated
simulated,5,sub,yes,816.958582416865,5,simulated
simulated,5,sub,yes,817.0564082541053,5,simulated
simulated,5,sub,yes,817.2024554985431,5,simulated
simulated,5,sub,yes,816.8392270535915,5,simulated
simulated,5,sub,yes,817.0864079218028,5,simulated
simulated,5,sub,yes,817.1452959465081,5,simulated
simulated,5,sub,yes,817.1009609960694,5,simulated
simulated,5,sub,yes,817.0753285954687,5,simulated
simulated,5,sub,yes,817.0251736774524,5,simulated
simulated,5,sub,yes,817.1244450647698,5,simulated
simulated,5,sub,yes,816.9477526945745,5,simulated
simulated,5,sub,yes,816.9641125061596,5,simulated
simulated,5,sub,yes,817.069479767722,5,simulated
simulated,5,sub,yes,816.966046872571,5,simulated
simulated,5,sub,yes,816.9809895093655,5,simulated
simulated,5,sub,yes,817.1022178216613,5,simulated
simulated,5,sub,yes,816.7234974168313,5,simulated
simulated,5,sub,yes,816.976968302531,5,simulated
simulated,5,sub,yes,817.2534381372767,5,simulated
simulated,5,sub,yes,817.1202376725405,5,simulated
simulated,5,sub,yes,816.9014681752157,5,simulated
simulated,5,sub,yes,817.0203994660267,5,simulated
simulated,5,sub,yes,817.0987794734531,5,simulated
simulated,5,sub,yes,816.9922154169758,5,simulated
simulated,5,sub,yes,816.9009337149687,5,simulated
simulated,5,sub,yes,816.9988162093615,5,simulated
simulated,5,sub,yes,816.9113722292857,5,simulated
simulated,6,sub,yes,817.0571026403417,5,simulated
simulated,6,sub,yes,817.0850723088062,5,simulated
simulated,6,sub,yes,816.9967657593693,5,simulated
simulated,6,sub,yes,816.8104602672814,5,simulated
simulated,6,sub,yes,817.0806367063411,5,simulated
simulated,6,sub,yes,817.0568199362816,5,simulated
simulated,6,sub,yes,817.06246136034,5,simulated
simulated,6,sub,yes,816.9248344998974,5,simulated
simulated,6,sub,yes,817.0344663871825,5,simulated
simulated,6,sub,yes,816.9515964693556,5,simulated
simulated,6,sub,yes,816.8893261267145,5,simulated
simulated,6,sub,yes,817.072866367219,5,simulated
simulated,6,sub,yes,816.9561386591266,5,simulated
simulated,6,sub,yes,817.0367971202822,5,simulated
simulated,6,sub,yes,816.8489859138124,5,simulated
simulated,6,sub,yes,816.9276520538227,5,simulated
simulated,6,sub,yes,816.9553274074984,5,simulated
simulated,6,sub,yes,816.9954862113497,5,simulated
simulated,6,sub,yes,816.9503197785781,5,simulated
simulated,6,sub,yes,817.039771800041,5,simulated
simulated,6,sub,yes,816.8308094759633,5,simulated
simulated,6,sub,yes,816.9868649023975,5,simulated
simulated,6,sub,yes,816.9596367130143,5,simulated
simulated,6,sub,yes,816.8478544368995,5,simulated
simulated,6,sub,yes,816.9617207456738,5,simulated
simulated,6,sub,yes,816.8060117247743,5,simulated
simulated,6,sub,yes,816.7152817937596,5,simulated
simulated,6,sub,yes,817.064208480414,5,simulated
simulated,6,sub,yes,817.0783826624136,5,simulated
simulated,6,sub,yes,816.9175611341489,5,simulated
simulated,6,sub,yes,816.8131636397015,5,simulated
simulated,6,sub,yes,816.9411750962158,5,simulated
simulated,6,sub,yes,816.9663761888796,5,simulated
simulated,6,sub,no,817.0251292903154,5,simulated
simulated,6,sub,yes,817.043064709794,5,simulated
simulated,6,sub,yes,816.9605149462286,5,simulated
simulated,6,sub,yes,817.1991387525198,5,simulated
simulated,6,sub,yes,817.0627110499152,5,simulated
simulated,6,sub,yes,816.973518416334,5,simulated
simulated,6,sub,yes,816.9273271199071,5,simulated
simulated,6,sub,yes,817.1405158725155,5,simulated
simulated,6,sub,yes,816.9957025070081,5,simulated
simulated,6,sub,yes,816.9420022108633,5,simulated
simulated,6,sub,yes,817.0653193853744,5,simulated
simulated,6,sub,yes,816.9730672948651,5,simulated
simulated,6,sub,yes,817.0609795786006,5,simulated
simulated,6,sub,yes,816.9911876868152,5,simulated
simulated,6,sub,no,817.0408071116016,5,simulated
simulated,6,sub,yes,817.1176931951987,5,simulated
simulated,6,sub,yes,816.9837933057165,5,simulated
simulated,7,sub,yes,816.8316097359234,5,simulated
simulated,7,sub,yes,816.9259082421316,5,simulated
simulated,7,sub,yes,816.9131497093574,5,simulated
simulated,7,sub,yes,816.9575135883475,5,simulated
simulated,7,sub,yes,816.8901240578562,5,simulated
simulated,7,sub,yes,816.9090838550613,5,simulated
simulated,7,sub,yes,817.1211910165085,5,simulated
simulated,7,sub,yes,816.8294355470617,5,simulated
simulated,7,sub,yes,816.9766589969954,5,simulated
simulated,7,sub,yes,817.097181739756,5,simulated
simulated,7,sub,yes,816.939039327907,5,simulated
simulated,7,sub,yes,817.0150008322889,5,simulated
simulated,7,sub,yes,817.0025706986066,5,simulated
simulated,7,sub,yes,817.1174919037082,5,simulated
simulated,7,sub,yes,816.8699444977303,5,simulated
simulated,7,sub,yes,817.0238602660248,5,simulated
simulated,7,sub,yes,817.0745700848335,5,simulated
simulated,7,sub,yes,816.836524540426,5,simulated
simulated,7,sub,yes,817.0218575058142,5,simulated
simulated,7,sub,yes,817.0062185031632,5,simulated
simulated,7,sub,yes,817.0704434035543,5,simulated
simulated,7,sub,yes,816.8751482152837,5,simulated
simulated,7,sub,yes,816.9943136028248,5,simulated
simulated,7,sub,yes,817.0318571483621,5,simulated
simulated,7,sub,yes,816.9962199899638,5,simulated
simulated,7,sub,yes,816.8725069422294,5,simulated
simulated,7,sub,yes,816.8277921072051,5,simulated
simulated,7,sub,yes,816.8436080173369,5,simulated
simulated,7,sub,yes,816.9143390461215,5,simulated
simulated,7,sub,yes,817.0012797679075,5,simulated
simulated,7,sub,yes,817.1110382509381,5,simulated
simulated,7,sub,yes,816.977087353036,5,simulated
simulated,7,sub,yes,816.9900906488168,5,simulated
simulated,7,sub,yes,816.9087559164955,5,simulated
simulated,7,sub,yes,816.9830382045989,5,simulated
simulated,7,sub,yes,816.8556976196162,5,simulated
simulated,7,sub,yes,816.9757955719895,5,simulated
simulated,7,sub,yes,816.9323688678884,5,simulated
simulated,7,sub,yes,817.0118219917266,5,simulated
simulated,7,sub,yes,816.9286347123699,5,simulated
simulated,7,sub,yes,817.0720045700082,5,simulated
simulated,7,sub,yes,817.1463947630402,5,simulated
simulated,7,sub,yes,816.953072323352,5,simulated
simulated,7,sub,yes,816.9673840426884,5,simulated
simulated,7,sub,yes,817.1443636388485,5,simulated
simulated,7,sub,yes,816.8950292099175,5,simulated
simulated,7,sub,yes,816.9714625166913,5,simulated
simulated,7,sub,yes,816.9904306260705,5,simulated
simulated,7,sub,yes,817.0126228579275,5,simulated
simulated,7,sub,yes,816.9716140281963,5,simulated
simulated,0,super,yes,85.62412229932612,6,simulated
simulated,0,super,yes,85.64057840352969,6,simulated
simulated,0,super,yes,85.70997249908926,6,simulated
simulated,0,super,yes,85.64702012764799,6,simulated
simulated,0,super,yes,85.6204730974305,6,simulated
simulated,0,super,yes,85.654697153451,6,simulated
simulated,0,super,yes,85.69183021680357,6,simulated
simulated,0,super,yes,85.7011347957675,6,simulated
simulated,0,super,yes,85.59721355902204,6,simulated
simulated,0,super,yes,85.6529914484275,6,simulated
simulated,0,super,yes,85.69128119527277,6,simulated
simulated,0,super,yes,85.72318896796227,6,simulated
simulated,0,super,yes,85.68462006308421,6,simulated
simulated,0,super,yes,85.70698400011022,6,simulated
simulated,0,super,yes,85.67314624621075,6,simulated
simulated,0,super,yes,85.6220937126471,6,simulated
simulated,0,super,yes,85.66475732115057,6,simulated
simulated,0,super,yes,85.63408593698668,6,simulated
simulated,0,super,yes,85.69189080922385,6,simulated
simulated,0,super,yes,85.67627120834945,6,simulated
simulated,0,super,yes,85.64504206499325,6,simulated
simulated,0,super,yes,85.71987066374635,6,simulated
simulated,0,super,yes,85.6042390047198,6,simulated
simulated,0,super,yes,85.69260798656579,6,simulated
simulated,0,super,yes,85.6371425656729,6,simulated
simulated,0,super,yes,85.59300746113952,6,simulated
simulated,0,super,yes,85.67074661036449,6,simulated
simulated,0,super,yes,85.66194914182371,6,simulated
simulated,0,super,yes,85.65651100429042,6,simulated
simulated,0,super,yes,85.70833570589558,6,simulated
simulated,0,super,yes,85.61143540324377,6,simulated
simulated,0,super,yes,85.71108839254256,6,simulated
simulated,0,super,yes,85.6724311392892,6,simulated
simulated,0,super,yes,85.63088352492396,6,simulated
simulated,0,super,yes,85.6719569130163,6,simulated
simulated,0,super,yes,85.63410273450756,6,simulated
simulated,0,super,yes,85.67804907630156,6,simulated
simulated,0,super,yes,85.7131781707339,6,simulated
simulated,0,super,yes,85.65866682049605,6,simulated
simulated,0,super,yes,85.6093242840644,6,simulated
simulated,0,super,yes,85.61768485722214,6,simulated
simulated,0,super,yes,85.67455841370187,6,simulated
simulated,0,super,yes,85.64424404483883,6,simulated
simulated,0,super,yes,85.72008131033832,6,simulated
simulated,0,super,yes,85.63268496948996,6,simulated
simulated,0,super,yes,85.65926240262876,6,simulated
simulated,0,super,yes,85.68884614760823,6,simulated
simulated,0,super,yes,85.67715238138972,6,simulated
simulated,0,super,yes,85.67339270230013,6,simulated
simulated,0,super,yes,85.59891316716825,6,simulated
simulated,0,super,yes,85.61835297841297,6,simulated
simulated,0,super,yes,85.60492420004361,6,simulated
simulated,0,super,yes,85.68165839971606,6,simulated
simulated,0,super,yes,85.73373812047429,6,simulated
simulated,0,super,yes,85.64671375033016,6,simulated
simulated,0,super,yes,85.62634404621915,6,simulated
simulated,0,super,yes,85.68339357347477,6,simulated
simulated,0,super,yes,85.6614194155587,6,simulated
simulated,0,super,yes,85.67486182052527,6,simulated
simulated,0,super,yes,85.61031540078153,6,simulated
simulated,0,super,yes,85.66671609574303,6,simulated
simulated,0,super,yes,85.66797931273526,6,simulated
simulated,0,super,yes,85.70474586333762,6,simulated
simulated,0,super,yes,85.64763197902909,6,simulated
simulated,0,super,yes,85.62578498476661,6,simulated
simulated,0,super,yes,85.6634836514823,6,simulated
simulated,0,super,yes,85.72271019335548,6,simulated
simulated,0,super,yes,85.68919034439108,6,simulated
simulated,0,super,yes,85.63104058140985,6,simulated
simulated,0,super,yes,85.66854926817241,6,simulated
simulated,0,super,yes,85.64763046561494,6,simulated
simulated,0,super,yes,85.66013519731065,6,simulated
simulated,0,super,yes,85.69852366260733,6,simulated
simulated,0,super,yes,85.7229172558019,6,simulated
simulated,0,super,yes,85.6443316723859,6,simulated
simulated,0,super,yes,85.65810567482498,6,simulated
simulated,0,super,yes,85.69764593383262,6,simulated
simulated,0,super,yes,85.66843651966339,6,simulated
simulated,0,super,yes,85.76744879768523,6,simulated
simulated,0,super,yes,85.66987669679287,6,simulated
simulated,0,super,yes,85.65153158289371,6,simulated
simulated,0,super,yes,85.67572903127642,6,simulated
simulated,0,super,yes,85.63976856409379,6,simulated
simulated,0,super,yes,85.57144521055794,6,simulated
simulated,0,super,yes,85.71473344165287,6,simulated
simulated,0,super,yes,85.68718191423122,6,simulated
simulated,0,super,yes,85.71678740992428,6,simulated
simulated,0,super,yes,85.6495980806034,6,simulated
simulated,0,super,yes,85.70320501808645,6,simulated
simulated,0,super,yes,85.674201899664,6,simulated
simulated,0,super,yes,85.6880902369006,6,simulated
simulated,0,super,yes,85.67947677708894,6,simulated
simulated,0,super,yes,85.73365943280324,6,simulated
simulated,0,super,yes,85.65528824816684,6,simulated
simulated,0,super,yes,85.73398494397489,6,simulated
simulated,0,super,yes,85.63415077228481,6,simulated
simulated,0,super,yes,85.77127907643826,6,simulated
simulated,0,super,yes,85.70672365214186,6,simulated
simulated,0,super,yes,85.6246940597451,6,simulated
simulated,0,super,yes,85.57109389140435,6,simulated
simulated,0,super,yes,85.64746823293258,6,simulated
simulated,0,super,yes,85.74079929546264,6,simulated
simulated,0,super,yes,85.65032166610754,6,simulated
simulated,0,super,yes,85.60192957319819,6,simulated
simulated,0,super,yes,85.71907438893172,6,simulated
simulated,0,super,yes,85.6741265955984,6,simulated
simulated,0,super,yes,85.69196077023572,6,simulated
simulated,0,super,yes,85.60991235911165,6,simulated
simulated,0,super,yes,85.69786943578829,6,simulated
simulated,0,super,yes,85.69173182778292,6,simulated
simulated,0,super,yes,85.63385759312368,6,simulated
simulated,0,super,yes,85.72662428291731,6,simulated
simulated,0,super,yes,85.5979823420499,6,simulated
simulated,0,super,yes,85.6790733890956,6,simulated
simulated,0,super,yes,85.63721150930536,6,simulated
simulated,0,super,yes,85.58826546410853,6,simulated
simulated,0,super,yes,85.5971137423704,6,simulated
simulated,0,super,yes,85.6856211536329,6,simulated
simulated,0,super,yes,85.72316511016588,6,simulated
simulated,0,super,yes,85.69534542517334,6,simulated
simulated,0,super,yes,85.68295803803744,6,simulated
simulated,0,super,yes,85.65473004951478,6,simulated
simulated,0,super,yes,85.67347191800667,6,simulated
simulated,0,super,yes,85.66725474216702,6,simulated
simulated,0,super,yes,85.57988468841617,6,simulated
simulated,0,super,yes,85.62797759226267,6,simulated
simulated,0,super,yes,85.62681378143283,6,simulated
simulated,0,super,yes,85.60516606498612,6,simulated
simulated,0,super,yes,85.65762278206087,6,simulated
simulated,0,super,yes,85.61688342576734,6,simulated
simulated,0,super,yes,85.682129115841,6,simulated
simulated,0,super,yes,85.68581818995769,6,simulated
simulated,0,super,yes,85.61471974568052,6,simulated
simulated,0,super,yes,85.64815441089068,6,simulated
simulated,0,super,yes,85.64085817487612,6,simulated
simulated,0,super,yes,85.58047484302074,6,simulated
simulated,0,super,yes,85.67544105507315,6,simulated
simulated,0,super,yes,85.67857037792339,6,simulated
simulated,0,super,yes,85.6245441956624,6,simulated
simulated,0,super,yes,85.6305817196186,6,simulated
simulated,0,super,yes,85.68460394086073,6,simulated
simulated,0,super,yes,85.61581830089625,6,simulated
simulated,0,super,yes,85.66876818820398,6,simulated
simulated,0,super,yes,85.64105690440424,6,simulated
simulated,0,super,yes,85.64016670565937,6,simulated
simulated,0,super,yes,85.64260638570353,6,simulated
simulated,0,super,yes,85.58424211746545,6,simulated
simulated,0,super,yes,85.63094834489532,6,simulated
simulated,0,super,yes,85.64973884501205,6,simulated
simulated,0,super,yes,85.6618766960075,6,simulated
simulated,0,super,yes,85.68795960180223,6,simulated
simulated,0,super,yes,85.62445968526268,6,simulated
simulated,0,super,yes,85.73160942821649,6,simulated
simulated,0,super,yes,85.63740988545271,6,simulated
simulated,0,super,yes,85.74633602747824,6,simulated
simulated,0,super,yes,85.62671178005206,6,simulated
simulated,0,super,yes,85.69335061132185,6,simulated
simulated,0,super,yes,85.62521175886044,6,simulated
simulated,0,super,yes,85.61288886171408,6,simulated
simulated,0,super,yes,85.66505066751857,6,simulated
simulated,0,super,yes,85.63825128888908,6,simulated
simulated,0,super,yes,85.6913288016743,6,simulated
simulated,0,super,yes,85.64855535286942,6,simulated
simulated,0,super,yes,85.63193128322021,6,simulated
simulated,0,super,yes,85.65821922573093,6,simulated
simulated,0,super,yes,85.63577992846747,6,simulated
simulated,0,super,yes,85.60728249048498,6,simulated
simulated,0,super,yes,85.65400653389986,6,simulated
simulated,0,super,yes,85.71786725985484,6,simulated
simulated,0,super,yes,85.69543968632692,6,simulated
simulated,0,super,yes,85.71571994318195,6,simulated
simulated,0,super,yes,85.63703193052987,6,simulated
simulated,0,super,yes,85.66846616018405,6,simulated
simulated,0,super,yes,85.58222263818256,6,simulated
simulated,0,super,yes,85.60792466758043,6,simulated
simulated,0,super,yes,85.71340383764624,6,simulated
simulated,0,super,yes,85.68357707410077,6,simulated
simulated,0,super,yes,85.62198023694182,6,simulated
simulated,0,super,yes,85.6250709266598,6,simulated
simulated,0,super,yes,85.66349197922547,6,simulated
simulated,0,super,yes,85.67175169170707,6,simulated
simulated,0,super,yes,85.69136633762888,6,simulated
simulated,0,super,yes,85.67583242544708,6,simulated
simulated,0,super,yes,85.66048372751168,6,simulated
simulated,0,super,yes,85.62101945606656,6,simulated
simulated,0,super,yes,85.7049950366937,6,simulated
simulated,0,super,yes,85.59469269171001,6,simulated
simulated,0,super,yes,85.69606081092783,6,simulated
simulated,0,super,yes,85.67101707633964,6,simulated
simulated,0,super,yes,85.69190720694304,6,simulated
simulated,0,super,yes,85.64530274568205,6,simulated
simulated,0,super,yes,85.6139250702871,6,simulated
simulated,0,super,yes,85.6009873151836,6,simulated
simulated,0,super,yes,85.60919869498326,6,simulated
simulated,0,super,yes,85.64496716965768,6,simulated
simulated,0,super,yes,85.66491420060203,6,simulated
simulated,0,super,yes,85.75740498448823,6,simulated
simulated,0,super,yes,85.63149254494027,6,simulated
simulated,0,super,yes,85.66860547057456,6,simulated
simulated,0,super,yes,85.63437950300926,6,simulated
simulated,1,super,yes,85.67232686461334,6,simulated
simulated,1,super,yes,85.66379562282236,6,simulated
simulated,1,super,yes,85.67088656106101,6,simulated
simulated,1,super,yes,85.62360396848882,6,simulated
simulated,1,super,yes,85.63963290888967,6,simulated
simulated,1,super,yes,85.66282140254161,6,simulated
simulated,1,super,yes,85.62271020686669,6,simulated
simulated,1,super,yes,85.64661054772114,6,simulated
simulated,1,super,yes,85.6760617165068,6,simulated
simulated,1,super,yes,85.65420228345273,6,simulated
simulated,1,super,yes,85.65434739264663,6,simulated
simulated,1,super,yes,85.64996729436503,6,simulated
simulated,1,super,yes,85.71059169986334,6,simulated
simulated,1,super,yes,85.63274113463764,6,simulated
simulated,1,super,yes,85.68291716261105,6,simulated
simulated,1,super,yes,85.62459181704294,6,simulated
simulated,1,super,yes,85.6479178902572,6,simulated
simulated,1,super,yes,85.60053763408195,6,simulated
simulated,1,super,yes,85.69965110693333,6,simulated
simulated,1,super,yes,85.70433845094725,6,simulated
simulated,1,super,yes,85.63983905473492,6,simulated
simulated,1,super,yes,85.76353038772172,6,simulated
simulated,1,super,yes,85.62022698279772,6,simulated
simulated,1,super,yes,85.6672559976886,6,simulated
simulated,1,super,yes,85.6982573812459,6,simulated
simulated,1,super,yes,85.61803798962463,6,simulated
simulated,1,super,yes,85.65482942615787,6,simulated
simulated,1,super,yes,85.6477422275822,6,simulated
simulated,1,super,yes,85.66949825469905,6,simulated
simulated,1,super,yes,85.67255977268817,6,simulated
simulated,1,super,yes,85.6685939896262,6,simulated
simulated,1,super,yes,85.64445756440156,6,simulated
simulated,1,super,yes,85.70756876246574,6,simulated
simulated,1,super,yes,85.65387809897089,6,simulated
simulated,1,super,yes,85.72216767997973,6,simulated
simulated,1,super,yes,85.6399826472774,6,simulated
simulated,1,super,yes,85.69210527308395,6,simulated
simulated,1,super,yes,85.69408668390511,6,simulated
simulated,1,super,yes,85.62803740450661,6,simulated
simulated,1,super,yes,85.68523846155315,6,simulated
simulated,1,super,yes,85.63915764656205,6,simulated
simulated,1,super,yes,85.63436548398128,6,simulated
simulated,1,super,yes,85.63546488049526,6,simulated
simulated,1,super,yes,85.70999297215842,6,simulated
simulated,1,super,yes,85.70869322695414,6,simulated
simulated,1,super,yes,85.65367032596573,6,simulated
simulated,1,super,yes,85.66554721867831,6,simulated
simulated,1,super,yes,85.60656885174951,6,simulated
simulated,1,super,yes,85.64601795497897,6,simulated
simulated,1,super,yes,85.70953096206588,6,simulated
simulated,1,super,yes,85.56996858781973,6,simulated
simulated,1,super,yes,85.70822439035801,6,simulated
simulated,1,super,yes,85.6265496467699,6,simulated
simulated,1,super,yes,85.70893630486879,6,simulated
simulated,1,super,yes,85.67471474895542,6,simulated
simulated,1,super,yes,85.71169413018836,6,simulated
simulated,1,super,yes,85.6420252322547,6,simulated
simulated,1,super,yes,85.68929563364112,6,simulated
simulated,1,super,yes,85.69522034341716,6,simulated
simulated,1,super,yes,85.72103525485068,6,simulated
simulated,1,super,yes,85.67558954045792,6,simulated
simulated,1,super,yes,85.70878631954167,6,simulated
simulated,1,super,yes,85.65072840257098,6,simulated
simulated,1,super,yes,85.7438654506561,6,simulated
simulated,1,super,yes,85.6414051481084,6,simulated
simulated,1,super,yes,85.63407369734112,6,simulated
simulated,1,super,yes,85.58237821502267,6,simulated
simulated,1,super,yes,85.6583849661537,6,simulated
simulated,1,super,yes,85.6455498891832,6,simulated
simulated,1,super,yes,85.75020131371039,6,simulated
simulated,1,super,yes,85.62822303147777,6,simulated
simulated,1,super,yes,85.71425957419507,6,simulated
simulated,1,super,yes,85.69763461038114,6,simulated
simulated,1,super,yes,85.66102471362426,6,simulated
simulated,1,super,yes,85.66983491550621,6,simulated
simulated,1,super,yes,85.65196588813389,6,simulated
simulated,1,super,yes,85.74355765959218,6,simulated
simulated,1,super,yes,85.64606623167755,6,simulated
simulated,1,super,yes,85.67152070646782,6,simulated
simulated,1,super,yes,85.75518084050728,6,simulated
simulated,1,super,yes,85.7093229068097,6,simulated
simulated,1,super,yes,85.66222382682334,6,simulated
simulated,1,super,yes,85.65658740770269,6,simulated
simulated,1,super,yes,85.68487037619413,6,simulated
simulated,1,super,yes,85.66722080299344,6,simulated
simulated,1,super,yes,85.69000509612944,6,simulated
simulated,1,super,yes,85.69281126208607,6,simulated
simulated,1,super,yes,85.66511622194916,6,simulated
simulated,1,super,yes,85.6908210716532,6,simulated
simulated,1,super,yes,85.70653322792671,6,simulated
simulated,1,super,yes,85.65394711511492,6,simulated
simulated,1,super,yes,85.72822776125604,6,simulated
simulated,1,super,yes,85.68659146228194,6,simulated
simulated,1,super,yes,85.66044744161321,6,simulated
simulated,1,super,yes,85.72121892043539,6,simulated
simulated,1,super,yes,85.62040408832148,6,simulated
simulated,1,super,yes,85.65628223071414,6,simulated
simulated,1,super,yes,85.67901871951773,6,simulated
simulated,1,super,yes,85.65244537053822,6,simulated
simulated,1,super,yes,85.65045966132827,6,simulated
simulated,1,super,yes,85.65689060265716,6,simulated
simulated,1,super,yes,85.64730949565127,6,simulated
simulated,1,super,yes,85.64991529756998,6,simulated
simulated,1,super,yes,85.60569618002019,6,simulated
simulated,1,super,yes,85.564624403326,6,simulated
simulated,1,super,yes,85.64250740520787,6,simulated
simulated,1,super,yes,85.68304360129754,6,simulated
simulated,1,super,yes,85.66954623729625,6,simulated
simulated,1,super,yes,85.60760789311895,6,simulated
simulated,1,super,yes,85.58951008953642,6,simulated
simulated,1,super,yes,85.64315080921666,6,simulated
simulated,1,super,yes,85.68492339311787,6,simulated
simulated,1,super,yes,85.67336308476584,6,simulated
simulated,1,super,yes,85.65525782101172,6,simulated
simulated,1,super,yes,85.68461271964226,6,simulated
simulated,1,super,yes,85.64157913400251,6,simulated
simulated,1,super,yes,85.6567213429903,6,simulated
simulated,1,super,yes,85.68183701823997,6,simulated
simulated,1,super,yes,85.65191459992091,6,simulated
simulated,1,super,yes,85.67811586569385,6,simulated
simulated,1,super,yes,85.72528116351411,6,simulated
simulated,1,super,yes,85.66447289334079,6,simulated
simulated,1,super,yes,85.59078625657375,6,simulated
simulated,1,super,yes,85.70211024681437,6,simulated
simulated,1,super,yes,85.62524274930026,6,simulated
simulated,1,super,yes,85.73551438357237,6,simulated
simulated,1,super,yes,85.66196653361094,6,simulated
simulated,1,super,yes,85.62684156862335,6,simulated
simulated,1,super,yes,85.62223589467885,6,simulated
simulated,1,super,yes,85.64555046733929,6,simulated
simulated,1,super,yes,85.71485484491721,6,simulated
simulated,1,super,yes,85.70447015023818,6,simulated
simulated,1,super,yes,85.71519238707229,6,simulated
simulated,1,super,yes,85.6569098742876,6,simulated
simulated,1,super,yes,85.65184825335136,6,simulated
simulated,1,super,yes,85.59888332597048,6,simulated
simulated,1,super,yes,85.72414263702098,6,simulated
simulated,1,super,yes,85.76787473278587,6,simulated
simulated,1,super,yes,85.62600622685757,6,simulated
simulated,1,super,yes,85.61503996206885,6,simulated
simulated,1,super,yes,85.69757942081137,6,simulated
simulated,1,super,yes,85.71910159198572,6,simulated
simulated,1,super,yes,85.64587912711195,6,simulated
simulated,1,super,yes,85.62623226968766,6,simulated
simulated,1,super,yes,85.68201647051761,6,simulated
simulated,1,super,yes,85.67073276894536,6,simulated
simulated,1,super,yes,85.64556727519958,6,simulated
simulated,1,super,yes,85.71780749274404,6,simulated
simulated,1,super,yes,85.65607749142262,6,simulated
simulated,1,super,yes,85.65254141814319,6,simulated
simulated,1,super,yes,85.69437440988418,6,simulated
simulated,1,super,yes,85.68409879934045,6,simulated
simulated,1,super,yes,85.68780841082344,6,simulated
simulated,1,super,yes,85.75217751196526,6,simulated
simulated,1,super,yes,85.74783377270609,6,simulated
simulated,1,super,yes,85.61988308169288,6,simulated
simulated,1,super,yes,85.64129943237361,6,simulated
simulated,1,super,yes,85.56413466234575,6,simulated
simulated,1,super,yes,85.66428954365038,6,simulated
simulated,1,super,yes,85.65565016919201,6,simulated
simulated,1,super,yes,85.72100777783608,6,simulated
simulated,1,super,yes,85.68029468602116,6,simulated
simulated,1,super,yes,85.70659363317597,6,simulated
simulated,1,super,yes,85.66217013946412,6,simulated
simulated,1,super,yes,85.67123515196795,6,simulated
simulated,1,super,yes,85.65612855354804,6,simulated
simulated,1,super,yes,85.69774141042764,6,simulated
simulated,1,super,yes,85.64683586189643,6,simulated
simulated,1,super,yes,85.65248719761097,6,simulated
simulated,1,super,yes,85.64697882106725,6,simulated
simulated,1,super,yes,85.66335198843433,6,simulated
simulated,1,super,yes,85.65546335782349,6,simulated
simulated,1,super,yes,85.74403302608967,6,simulated
simulated,1,super,yes,85.6326077132263,6,simulated
simulated,1,super,yes,85.65559990246624,6,simulated
simulated,1,super,yes,85.59677774358164,6,simulated
simulated,1,super,yes,85.69998511416159,6,simulated
simulated,1,super,yes,85.66755659994637,6,simulated
simulated,1,super,yes,85.64416625194288,6,simulated
simulated,1,super,yes,85.68493883975404,6,simulated
simulated,1,super,yes,85.59040641652237,6,simulated
simulated,1,super,yes,85.6467303760871,6,simulated
simulated,1,super,yes,85.7227291061414,6,simulated
simulated,1,super,yes,85.66092336380045,6,simulated
simulated,1,super,yes,85.63836818463135,6,simulated
simulated,1,super,yes,85.61549462855285,6,simulated
simulated,1,super,yes,85.71436117536376,6,simulated
simulated,1,super,yes,85.61141303586646,6,simulated
simulated,1,super,yes,85.64560671055204,6,simulated
simulated,1,super,yes,85.66798094737959,6,simulated
simulated,1,super,yes,85.74060553640697,6,simulated
simulated,1,super,yes,85.63543559808933,6,simulated
simulated,1,super,yes,85.61105863539088,6,simulated
simulated,1,super,yes,85.65543655698649,6,simulated
simulated,1,super,yes,85.67956016537997,6,simulated
simulated,1,super,yes,85.72659468902258,6,simulated
simulated,1,super,yes,85.73568611651147,6,simulated
simulated,1,super,yes,85.64466361797788,6,simulated
simulated,1,super,yes,85.68338252816191,6,simulated
simulated,1,super,yes,85.60839781051794,6,simulated
simulated,0,basic,yes,253.22367610562273,6,simulated
simulated,0,basic,yes,253.241109683601,6,simulated
simulated,0,basic,yes,253.2298349906155,6,simulated
simulated,0,basic,yes,253.17643370643407,6,simulated
simulated,0,basic,yes,253.16886423597575,6,simulated
simulated,0,basic,yes,253.22834836300837,6,simulated
simulated,0,basic,yes,253.15268470006825,6,simulated
simulated,0,basic,yes,253.23649463025427,6,simulated
simulated,0,basic,yes,253.18255997066632,6,simulated
simulated,0,basic,yes,253.19727757769994,6,simulated
simulated,0,basic,yes,253.2257897425399,6,simulated
simulated,0,basic,yes,253.21756576396834,6,simulated
simulated,0,basic,yes,253.2496679352317,6,simulated
simulated,0,basic,yes,253.2445406027499,6,simulated
simulated,0,basic,yes,253.25676952180518,6,simulated
simulated,0,basic,yes,253.24859196718282,6,simulated
simulated,0,basic,yes,253.1430420516267,6,simulated
simulated,0,basic,yes,253.1860110974041,6,simulated
simulated,0,basic,yes,253.18076475993016,6,simulated
simulated,0,basic,yes,253.26147967020557,6,simulated
simulated,0,basic,yes,253.23677451071015,6,simulated
simulated,0,basic,yes,253.24435786811054,6,simulated
simulated,0,basic,yes,253.16253532592725,6,simulated
simulated,0,basic,yes,253.1305235393756,6,simulated
simulated,0,basic,yes,253.27263745925575,6,simulated
simulated,0,basic,yes,253.26083796211643,6,simulated
simulated,0,basic,yes,253.22282464954324,6,simulated
simulated,0,basic,yes,253.18196885204037,6,simulated
simulated,0,basic,yes,253.25263521479013,6,simulated
simulated,0,basic,yes,253.14313643501262,6,simulated
simulated,0,basic,yes,253.1792009799262,6,simulated
simulated,0,basic,yes,253.14405190458723,6,simulated
simulated,0,basic,yes,253.25006620684587,6,simulated
simulated,0,basic,yes,253.15208203168623,6,simulated
simulated,0,basic,yes,253.13637918948893,6,simulated
simulated,0,basic,yes,253.23067506747512,6,simulated
simulated,0,basic,yes,253.20241546020844,6,simulated
simulated,0,basic,yes,253.195461173723,6,simulated
simulated,0,basic,yes,253.1908369175039,6,simulated
simulated,0,basic,yes,253.1829342268177,6,simulated
simulated,0,basic,yes,253.24749668051953,6,simulated
simulated,0,basic,yes,253.21876900844904,6,simulated
simulated,0,basic,yes,253.2578383150985,6,simulated
simulated,0,basic,yes,253.18651902808674,6,simulated
simulated,0,basic,yes,253.2143671560302,6,simulated
simulated,0,basic,yes,253.22681918251254,6,simulated
simulated,0,basic,yes,253.23646673126174,6,simulated
simulated,0,basic,yes,253.22486248381753,6,simulated
simulated,0,basic,yes,253.21763835121544,6,simulated
simulated,0,basic,yes,253.19325125024235,6,simulated
simulated,0,basic,yes,253.21759811405295,6,simulated
simulated,0,basic,yes,253.11567663908096,6,simulated
simulated,0,basic,yes,253.2866491253041,6,simulated
simulated,0,basic,yes,253.1292333860711,6,simulated
simulated,0,basic,yes,253.24793688353245,6,simulated
simulated,0,basic,yes,253.08004209987553,6,simulated
simulated,0,basic,yes,253.13976536680323,6,simulated
simulated,0,basic,yes,253.1155508988573,6,simulated
simulated,0,basic,yes,253.12116410985618,6,simulated
simulated,0,basic,yes,253.18108608038568,6,simulated
simulated,0,basic,yes,253.23215809498987,6,simulated
simulated,0,basic,yes,253.1837548721737,6,simulated
simulated,0,basic,yes,253.19920924869072,6,simulated
simulated,0,basic,yes,253.1975410692735,6,simulated
simulated,0,basic,yes,253.19969322631093,6,simulated
simulated,0,basic,yes,253.15532179535367,6,simulated
simulated,0,basic,yes,253.22757214327612,6,simulated
simulated,0,basic,yes,253.2096736087406,6,simulated
simulated,0,basic,yes,253.2284533576426,6,simulated
simulated,0,basic,yes,253.2006646687326,6,simulated
simulated,0,basic,yes,253.21813931134744,6,simulated
simulated,0,basic,yes,253.1485875873417,6,simulated
simulated,0,basic,yes,253.18793273492113,6,simulated
simulated,0,basic,yes,253.20119411003236,6,simulated
simulated,0,basic,yes,253.15924214453395,6,simulated
simulated,0,basic,yes,253.18552537903636,6,simulated
simulated,0,basic,yes,253.20183525138643,6,simulated
simulated,0,basic,yes,253.1090838971561,6,simulated
simulated,0,basic,yes,253.26960427121887,6,simulated
simulated,0,basic,yes,253.22635984300118,6,simulated
simulated,0,basic,yes,253.2220242573638,6,simulated
simulated,0,basic,yes,253.20947991876986,6,simulated
simulated,0,basic,yes,253.10700664780185,6,simulated
simulated,0,basic,yes,253.1663316176036,6,simulated
simulated,0,basic,yes,253.13397908535947,6,simulated
simulated,0,basic,yes,253.22260525944603,6,simulated
simulated,0,basic,yes,253.24030857400274,6,simulated
simulated,0,basic,yes,253.18137175738892,6,simulated
simulated,0,basic,yes,253.21979574749056,6,simulated
simulated,0,basic,yes,253.24255217196728,6,simulated
simulated,0,basic,yes,253.21723493918344,6,simulated
simulated,0,basic,yes,253.2098184646871,6,simulated
simulated,0,basic,yes,253.26278620746484,6,simulated
simulated,0,basic,yes,253.1515169867931,6,simulated
simulated,0,basic,yes,253.23743357950832,6,simulated
simulated,0,basic,yes,253.233727800945,6,simulated
simulated,0,basic,yes,253.15816927195095,6,simulated
simulated,0,basic,yes,253.1841335993115,6,simulated
simulated,0,basic,yes,253.1279143397104,6,simulated
simulated,0,basic,yes,253.18320041300552,6,simulated
simulated,1,basic,yes,253.2378548590135,6,simulated
simulated,1,basic,yes,253.28152030966285,6,simulated
simulated,1,basic,yes,253.10917101029176,6,simulated
simulated,1,basic,yes,253.1576718683173,6,simulated
simulated,1,basic,yes,253.19693548926998,6,simulated
simulated,1,basic,yes,253.18521081814194,6,simulated
simulated,1,basic,yes,253.27436425950532,6,simulated
simulated,1,basic,yes,253.18183059805082,6,simulated
simulated,1,basic,yes,253.21294412941657,6,simulated
simulated,1,basic,yes,253.1764084431211,6,simulated
simulated,1,basic,yes,253.31538302395444,6,simulated
simulated,1,basic,yes,253.15174762762337,6,simulated
simulated,1,basic,yes,253.18706449607134,6,simulated
simulated,1,basic,yes,253.21016900230873,6,simulated
simulated,1,basic,yes,253.22467627937243,6,simulated
simulated,1,basic,yes,253.15490427089648,6,simulated
simulated,1,basic,yes,253.19201866505708,6,simulated
simulated,1,basic,yes,253.21541557121498,6,simulated
simulated,1,basic,yes,253.21329561857652,6,simulated
simulated,1,basic,yes,253.16724439794228,6,simulated
simulated,1,basic,yes,253.16273356370917,6,simulated
simulated,1,basic,yes,253.20666871011207,6,simulated
simulated,1,basic,yes,253.22604823783448,6,simulated
simulated,1,basic,yes,253.2105927276762,6,simulated
simulated,1,basic,yes,253.2083121375947,6,simulated
simulated,1,basic,yes,253.2021099115143,6,simulated
simulated,1,basic,yes,253.2137234531453,6,simulated
simulated,1,basic,yes,253.19144876372346,6,simulated
simulated,1,basic,yes,253.17796295242923,6,simulated
simulated,1,basic,yes,253.1928407489824,6,simulated
simulated,1,basic,yes,253.2196482737845,6,simulated
simulated,1,basic,yes,253.14677541030935,6,simulated
simulated,1,basic,yes,253.18616728170528,6,simulated
simulated,1,basic,yes,253.1642571299427,6,simulated
simulated,1,basic,yes,253.20597835783948,6,simulated
simulated,1,basic,yes,253.1511812191515,6,simulated
simulated,1,basic,yes,253.2128319181308,6,simulated
simulated,1,basic,yes,253.26665489179348,6,simulated
simulated,1,basic,yes,253.16927559703655,6,simulated
simulated,1,basic,yes,253.1514691884498,6,simulated
simulated,1,basic,yes,253.21511701516243,6,simulated
simulated,1,basic,yes,253.2082876221552,6,simulated
simulated,1,basic,yes,253.1788504105322,6,simulated
simulated,1,basic,yes,253.1946359263503,6,simulated
simulated,1,basic,yes,253.23503243235692,6,simulated
simulated,1,basic,yes,253.18038088902028,6,simulated
simulated,1,basic,yes,253.1426946150331,6,simulated
simulated,1,basic,yes,253.22350031609707,6,simulated
simulated,1,basic,yes,253.17807912932005,6,simulated
simulated,1,basic,yes,253.2210228458134,6,simulated
simulated,1,basic,yes,253.20172977413054,6,simulated
simulated,1,basic,yes,253.20974040652382,6,simulated
simulated,1,basic,yes,253.1945845552444,6,simulated
simulated,1,basic,yes,253.26788098142657,6,simulated
simulated,1,basic,yes,253.21946359356858,6,simulated
simulated,1,basic,yes,253.1475987762999,6,simulated
simulated,1,basic,yes,253.2146753123259,6,simulated
simulated,1,basic,yes,253.21893039097174,6,simulated
simulated,1,basic,yes,253.20051106363715,6,simulated
simulated,1,basic,yes,253.24489117161008,6,simulated
simulated,1,basic,yes,253.31048592894598,6,simulated
simulated,1,basic,yes,253.25655526752368,6,simulated
simulated,1,basic,yes,253.20374111700403,6,simulated
simulated,1,basic,yes,253.1948970617342,6,simulated
simulated,1,basic,yes,253.15321463304338,6,simulated
simulated,1,basic,yes,253.25038058928922,6,simulated
simulated,1,basic,yes,253.17555197690075,6,simulated
simulated,1,basic,yes,253.22851809351,6,simulated
simulated,1,basic,yes,253.20449214313527,6,simulated
simulated,1,basic,yes,253.1966210501242,6,simulated
simulated,1,basic,yes,253.25447260860918,6,simulated
simulated,1,basic,yes,253.18177673419612,6,simulated
simulated,1,basic,yes,253.20365030997624,6,simulated
simulated,1,basic,yes,253.23912033219662,6,simulated
simulated,1,basic,yes,253.14366578021475,6,simulated
simulated,1,basic,yes,253.2380730008832,6,simulated
simulated,1,basic,yes,253.2341587781461,6,simulated
simulated,1,basic,yes,253.251046846418,6,simulated
simulated,1,basic,yes,253.1651956441048,6,simulated
simulated,1,basic,yes,253.18876890677083,6,simulated
simulated,1,basic,yes,253.28695188049278,6,simulated
simulated,1,basic,yes,253.23891663692018,6,simulated
simulated,1,basic,yes,253.2715662342158,6,simulated
simulated,1,basic,yes,253.22594690988643,6,simulated
simulated,1,basic,yes,253.22124039381512,6,simulated
simulated,1,basic,yes,253.1695494429687,6,simulated
simulated,1,basic,yes,253.2995253888373,6,simulated
simulated,1,basic,yes,253.26067359358737,6,simulated
simulated,1,basic,yes,253.2108102872712,6,simulated
simulated,1,basic,yes,253.19942829605924,6,simulated
simulated,1,basic,yes,253.22905982609805,6,simulated
simulated,1,basic,yes,253.1867444408323,6,simulated
simulated,1,basic,yes,253.21801044342962,6,simulated
simulated,1,basic,yes,253.18876731809544,6,simulated
simulated,1,basic,yes,253.1540889388831,6,simulated
simulated,1,basic,yes,253.19913082312516,6,simulated
simulated,1,basic,yes,253.2460720130788,6,simulated
simulated,1,basic,yes,253.2258907395476,6,simulated
simulated,1,basic,yes,253.18050858341684,6,simulated
simulated,1,basic,yes,253.17946259159726,6,simulated
simulated,2,basic,yes,253.17430569438326,6,simulated
simulated,2,basic,yes,253.1859974068588,6,simulated
simulated,2,basic,yes,253.19430515203703,6,simulated
simulated,2,basic,yes,253.2773917539706,6,simulated
simulated,2,basic,yes,253.14771105694544,6,simulated
simulated,2,basic,yes,253.21893518810984,6,simulated
simulated,2,basic,yes,253.16224436121198,6,simulated
simulated,2,basic,yes,253.22885572110667,6,simulated
simulated,2,basic,yes,253.21551907920426,6,simulated
simulated,2,basic,yes,253.21619503265595,6,simulated
simulated,2,basic,yes,253.24980288432315,6,simulated
simulated,2,basic,yes,253.19271948609028,6,simulated
simulated,2,basic,yes,253.19734820213043,6,simulated
simulated,2,basic,yes,253.14632183706595,6,simulated
simulated,2,basic,yes,253.1800653294038,6,simulated
simulated,2,basic,yes,253.21373500174775,6,simulated
simulated,2,basic,yes,253.1684731438609,6,simulated
simulated,2,basic,yes,253.1950670343316,6,simulated
simulated,2,basic,yes,253.26368471060977,6,simulated
simulated,2,basic,yes,253.14349491823876,6,simulated
simulated,2,basic,yes,253.2340237781151,6,simulated
simulated,2,basic,yes,253.27929647538718,6,simulated
simulated,2,basic,yes,253.21996685968813,6,simulated
simulated,2,basic,yes,253.13877081378007,6,simulated
simulated,2,basic,yes,253.29308254937422,6,simulated
simulated,2,basic,yes,253.27181714141622,6,simulated
simulated,2,basic,yes,253.26842471055068,6,simulated
simulated,2,basic,yes,253.21148178899708,6,simulated
simulated,2,basic,yes,253.2300198113235,6,simulated
simulated,2,basic,yes,253.2615571496329,6,simulated
simulated,2,basic,yes,253.22088517777829,6,simulated
simulated,2,basic,yes,253.19857155703036,6,simulated
simulated,2,basic,yes,253.14766921953006,6,simulated
simulated,2,basic,yes,253.19981499533992,6,simulated
simulated,2,basic,yes,253.24353042953888,6,simulated
simulated,2,basic,yes,253.21878223467044,6,simulated
simulated,2,basic,yes,253.1827630878562,6,simulated
simulated,2,basic,yes,253.21656845264272,6,simulated
simulated,2,basic,yes,253.1825051427276,6,simulated
simulated,2,basic,yes,253.24156567246573,6,simulated
simulated,2,basic,yes,253.23227390368982,6,simulated
simulated,2,basic,yes,253.27664411802314,6,simulated
simulated,2,basic,yes,253.18474773005224,6,simulated
simulated,2,basic,yes,253.23436097391547,6,simulated
simulated,2,basic,yes,253.2020055125562,6,simulated
simulated,2,basic,yes,253.14112708562095,6,simulated
simulated,2,basic,yes,253.18629319549177,6,simulated
simulated,2,basic,yes,253.22311201280723,6,simulated
simulated,2,basic,yes,253.16144627588477,6,simulated
simulated,2,basic,yes,253.22133359686046,6,simulated
simulated,2,basic,yes,253.15255072310035,6,simulated
simulated,2,basic,yes,253.22240881587442,6,simulated
simulated,2,basic,yes,253.1960760782805,6,simulated
simulated,2,basic,yes,253.13723852626487,6,simulated
simulated,2,basic,yes,253.28625738831744,6,simulated
simulated,2,basic,yes,253.25784818989976,6,simulated
simulated,2,basic,yes,253.21059126832984,6,simulated
simulated,2,basic,yes,253.16775065256476,6,simulated
simulated,2,basic,yes,253.20260315012288,6,simulated
simulated,2,basic,yes,253.15806931964627,6,simulated
simulated,2,basic,yes,253.21977689532073,6,simulated
simulated,2,basic,yes,253.20221084676308,6,simulated
simulated,2,basic,yes,253.20031215168817,6,simulated
simulated,2,basic,yes,253.23166244870924,6,simulated
simulated,2,basic,yes,253.19552106048235,6,simulated
simulated,2,basic,yes,253.20500028622195,6,simulated
simulated,2,basic,yes,253.2067678454458,6,simulated
simulated,2,basic,yes,253.29336978884498,6,simulated
simulated,2,basic,yes,253.23739487436896,6,simulated
simulated,2,basic,yes,253.24341114089583,6,simulated
simulated,2,basic,yes,253.14562057123587,6,simulated
simulated,2,basic,yes,253.19597251667608,6,simulated
simulated,2,basic,yes,253.22973757661612,6,simulated
simulated,2,basic,yes,253.22996362431957,6,simulated
simulated,2,basic,yes,253.24830719287993,6,simulated
simulated,2,basic,yes,253.2331005872015,6,simulated
simulated,2,basic,yes,253.16909572090017,6,simulated
simulated,2,basic,yes,253.2128626714329,6,simulated
simulated,2,basic,yes,253.2409916324878,6,simulated
simulated,2,basic,yes,253.29155566276125,6,simulated
simulated,2,basic,yes,253.2646786673038,6,simulated
simulated,2,basic,yes,253.24324863623465,6,simulated
simulated,2,basic,yes,253.2509993068024,6,simulated
simulated,2,basic,yes,253.17952693080892,6,simulated
simulated,2,basic,yes,253.1905008930739,6,simulated
simulated,2,basic,yes,253.236746845088,6,simulated
simulated,2,basic,yes,253.17714030663444,6,simulated
simulated,2,basic,yes,253.2869440557471,6,simulated
simulated,2,basic,yes,253.17075705227495,6,simulated
simulated,2,basic,yes,253.18926543370878,6,simulated
simulated,2,basic,yes,253.26438224185577,6,simulated
simulated,2,basic,yes,253.25501324373934,6,simulated
simulated,2,basic,yes,253.2482504733197,6,simulated
simulated,2,basic,yes,253.22966222098677,6,simulated
simulated,2,basic,yes,253.22886753209912,6,simulated
simulated,2,basic,yes,253.2393860849954,6,simulated
simulated,2,basic,yes,253.18586233948164,6,simulated
simulated,2,basic,yes,253.12811657254886,6,simulated
simulated,2,basic,yes,253.23040801433038,6,simulated
simulated,2,basic,yes,253.1990465768129,6,simulated
simulated,3,basic,yes,253.29956097997305,6,simulated
simulated,3,basic,yes,253.23663655485976,6,simulated
simulated,3,basic,yes,253.11956706456854,6,simulated
simulated,3,basic,yes,253.26612570317263,6,simulated
simulated,3,basic,yes,253.19562024171177,6,simulated
simulated,3,basic,yes,253.22954216033105,6,simulated
simulated,3,basic,yes,253.1596535702507,6,simulated
simulated,3,basic,yes,253.17393308599523,6,simulated
simulated,3,basic,yes,253.21857962508608,6,simulated
simulated,3,basic,yes,253.24746891865266,6,simulated
simulated,3,basic,yes,253.205738134872,6,simulated
simulated,3,basic,yes,253.23706113925505,6,simulated
simulated,3,basic,yes,253.14805517981574,6,simulated
simulated,3,basic,yes,253.23950486896607,6,simulated
simulated,3,basic,yes,253.1916871367833,6,simulated
simulated,3,basic,yes,253.2080382475998,6,simulated
simulated,3,basic,yes,253.20768895605372,6,simulated
simulated,3,basic,yes,253.21347037696725,6,simulated
simulated,3,basic,yes,253.215606976804,6,simulated
simulated,3,basic,yes,253.22562173550995,6,simulated
simulated,3,basic,yes,253.1981121030631,6,simulated
simulated,3,basic,yes,253.28438047309453,6,simulated
simulated,3,basic,yes,253.19058981091004,6,simulated
simulated,3,basic,yes,253.20655394645917,6,simulated
simulated,3,basic,yes,253.16729060750808,6,simulated
simulated,3,basic,yes,253.178682143515,6,simulated
simulated,3,basic,yes,253.17462798111526,6,simulated
simulated,3,basic,yes,253.27221603623892,6,simulated
simulated,3,basic,yes,253.18221270536534,6,simulated
simulated,3,basic,yes,253.24963854278036,6,simulated
simulated,3,basic,yes,253.1226095267294,6,simulated
simulated,3,basic,yes,253.23336265286892,6,simulated
simulated,3,basic,yes,253.1691400349306,6,simulated
simulated,3,basic,yes,253.20895983414206,6,simulated
simulated,3,basic,yes,253.23681118367273,6,simulated
simulated,3,basic,yes,253.2567219575421,6,simulated
simulated,3,basic,yes,253.23159207806953,6,simulated
simulated,3,basic,yes,253.18671922927754,6,simulated
simulated,3,basic,yes,253.2067883780077,6,simulated
simulated,3,basic,yes,253.21481682911573,6,simulated
simulated,3,basic,yes,253.22747059031963,6,simulated
simulated,3,basic,yes,253.2315557325398,6,simulated
simulated,3,basic,yes,253.20207881344504,6,simulated
simulated,3,basic,yes,253.22399052648794,6,simulated
simulated,3,basic,yes,253.19379009379594,6,simulated
simulated,3,basic,yes,253.23911937117708,6,simulated
simulated,3,basic,yes,253.18672213398446,6,simulated
simulated,3,basic,yes,253.24449598565002,6,simulated
simulated,3,basic,yes,253.20584267033087,6,simulated
simulated,3,basic,yes,253.18828698829927,6,simulated
simulated,3,basic,yes,253.23962356172277,6,simulated
simulated,3,basic,yes,253.1654514113906,6,simulated
simulated,3,basic,yes,253.19607480999457,6,simulated
simulated,3,basic,yes,253.21426532251255,6,simulated
simulated,3,basic,yes,253.19249299157408,6,simulated
simulated,3,basic,yes,253.21792886271712,6,simulated
simulated,3,basic,yes,253.27201749465476,6,simulated
simulated,3,basic,yes,253.1855621154533,6,simulated
simulated,3,basic,yes,253.21312248165924,6,simulated
simulated,3,basic,yes,253.24392801436753,6,simulated
simulated,3,basic,yes,253.17656774848047,6,simulated
simulated,3,basic,yes,253.2468959404685,6,simulated
simulated,3,basic,yes,253.20712363977103,6,simulated
simulated,3,basic,yes,253.24601436742887,6,simulated
simulated,3,basic,yes,253.1846918014145,6,simulated
simulated,3,basic,yes,253.22515359297338,6,simulated
simulated,3,basic,yes,253.2630679408362,6,simulated
simulated,3,basic,yes,253.180600618278,6,simulated
simulated,3,basic,yes,253.26460981001262,6,simulated
simulated,3,basic,yes,253.21241334257854,6,simulated
simulated,3,basic,yes,253.26119241725962,6,simulated
simulated,3,basic,yes,253.23696109353295,6,simulated
simulated,3,basic,yes,253.2615913396181,6,simulated
simulated,3,basic,yes,253.2371713069496,6,simulated
simulated,3,basic,yes,253.10362501750532,6,simulated
simulated,3,basic,yes,253.1707814646215,6,simulated
simulated,3,basic,yes,253.2205917696404,6,simulated
simulated,3,basic,yes,253.1891103228765,6,simulated
simulated,3,basic,yes,253.22566868930517,6,simulated
simulated,3,basic,yes,253.2407589868703,6,simulated
simulated,3,basic,yes,253.23609918475566,6,simulated
simulated,3,basic,yes,253.2106958193385,6,simulated
simulated,3,basic,yes,253.18326095854474,6,simulated
simulated,3,basic,yes,253.1733794790261,6,simulated
simulated,3,basic,yes,253.17226481125712,6,simulated
simulated,3,basic,yes,253.2137204043662,6,simulated
simulated,3,basic,yes,253.24097557193352,6,simulated
simulated,3,basic,yes,253.2230131941173,6,simulated
simulated,3,basic,yes,253.26993435347592,6,simulated
simulated,3,basic,yes,253.16926418870693,6,simulated
simulated,3,basic,yes,253.27257593723985,6,simulated
simulated,3,basic,yes,253.241898338775,6,simulated
simulated,3,basic,yes,253.2273688211977,6,simulated
simulated,3,basic,yes,253.16980243137493,6,simulated
simulated,3,basic,yes,253.22868591802813,6,simulated
simulated,3,basic,yes,253.20475963782044,6,simulated
simulated,3,basic,yes,253.27987001689075,6,simulated
simulated,3,basic,yes,253.24205443892606,6,simulated
simulated,3,basic,yes,253.2023569094789,6,simulated
simulated,3,basic,yes,253.1355818679724,6,simulated
simulated,0,sub,yes,817.1046468401372,6,simulated
simulated,0,sub,yes,816.949420335732,6,simulated
simulated,0,sub,yes,817.027744373778,6,simulated
simulated,0,sub,yes,816.9735297794194,6,simulated
simulated,0,sub,yes,816.9450135274934,6,simulated
simulated,0,sub,yes,816.9447760680476,6,simulated
simulated,0,sub,yes,816.8852807217485,6,simulated
simulated,0,sub,yes,816.9801241606103,6,simulated
simulated,0,sub,yes,817.0064137733616,6,simulated
simulated,0,sub,yes,816.9064213863481,6,simulated
simulated,0,sub,yes,816.9190159229478,6,simulated
simulated,0,sub,yes,817.1013517550983,6,simulated
simulated,0,sub,yes,816.9548167489379,6,simulated
simulated,0,sub,yes,816.9384495084067,6,simulated
simulated,0,sub,yes,817.0867333705579,6,simulated
simulated,0,sub,yes,816.9918894066449,6,simulated
simulated,0,sub,yes,816.7808661718833,6,simulated
simulated,0,sub,yes,817.0087753951462,6,simulated
simulated,0,sub,yes,816.8755525076194,6,simulated
simulated,0,sub,yes,817.0984850531056,6,simulated
simulated,0,sub,yes,817.0921010646935,6,simulated
simulated,0,sub,yes,816.9893568875887,6,simulated
simulated,0,sub,yes,816.9077646720283,6,simulated
simulated,0,sub,yes,816.9860108549191,6,simulated
simulated,0,sub,yes,817.0229042557745,6,simulated
simulated,0,sub,yes,817.1467066348753,6,simulated
simulated,0,sub,yes,817.0080431023315,6,simulated
simulated,0,sub,yes,816.8354348160897,6,simulated
simulated,0,sub,yes,816.9515811764841,6,simulated
simulated,0,sub,yes,816.8830157777448,6,simulated
simulated,0,sub,yes,816.967679909643,6,simulated
simulated,0,sub,yes,816.9183681032259,6,simulated
simulated,0,sub,yes,817.0724762399203,6,simulated
simulated,0,sub,yes,816.98731736952,6,simulated
simulated,0,sub,yes,816.8722878769779,6,simulated
simulated,0,sub,yes,816.918232682097,6,simulated
simulated,0,sub,yes,816.9593935966595,6,simulated
simulated,0,sub,yes,816.9981405788866,6,simulated
simulated,0,sub,yes,816.9435603321594,6,simulated
simulated,0,sub,yes,817.0426525789319,6,simulated
simulated,0,sub,yes,817.0109037549355,6,simulated
simulated,0,sub,yes,817.0639406500917,6,simulated
simulated,0,sub,yes,817.1939181142471,6,simulated
simulated,0,sub,yes,816.9754882468218,6,simulated
simulated,0,sub,yes,817.0025750935787,6,simulated
simulated,0,sub,yes,816.8609897586235,6,simulated
simulated,0,sub,yes,816.9643894197546,6,simulated
simulated,0,sub,yes,817.031312438498,6,simulated
simulated,0,sub,yes,817.0839795010569,6,simulated
simulated,0,sub,yes,816.9708091392517,6,simulated
simulated,1,sub,yes,817.0119350114447,6,simulated
simulated,1,sub,yes,816.7183217909633,6,simulated
simulated,1,sub,yes,816.9331466746579,6,simulated
simulated,1,sub,yes,816.760005022573,6,simulated
simulated,1,sub,yes,817.1532710336771,6,simulated
simulated,1,sub,yes,816.919086935212,6,simulated
simulated,1,sub,yes,817.0642762825227,6,simulated
simulated,1,sub,yes,816.8615066387829,6,simulated
simulated,1,sub,yes,816.8097130124643,6,simulated
simulated,1,sub,yes,817.0159528630004,6,simulated
simulated,1,sub,yes,817.0500801248022,6,simulated
simulated,1,sub,yes,816.818885178393,6,simulated
simulated,1,sub,yes,816.9556922627456,6,simulated
simulated,1,sub,yes,817.0498537021139,6,simulated
simulated,1,sub,yes,817.0004032879776,6,simulated
simulated,1,sub,yes,816.8891990254375,6,simulated
simulated,1,sub,yes,816.8939094966822,6,simulated
simulated,1,sub,yes,816.9909404079293,6,simulated
simulated,1,sub,yes,817.0366008376204,6,simulated
simulated,1,sub,yes,816.8158518901032,6,simulated
simulated,1,sub,yes,817.0217255997676,6,simulated
simulated,1,sub,no,816.8731331877112,6,simulated
simulated,1,sub,yes,816.8824831203257,6,simulated
simulated,1,sub,yes,816.9044242702294,6,simulated
simulated,1,sub,yes,817.0353598406385,6,simulated
simulated,1,sub,yes,816.9026129498327,6,simulated
simulated,1,sub,yes,816.9773943968254,6,simulated
simulated,1,sub,yes,816.8595439029395,6,simulated
simulated,1,sub,yes,817.0444596128444,6,simulated
simulated,1,sub,yes,816.9785263445776,6,simulated
simulated,1,sub,yes,816.9492047118243,6,simulated
simulated,1,sub,yes,816.9895363775578,6,simulated
simulated,1,sub,yes,816.8866632085437,6,simulated
simulated,1,sub,yes,817.0221005965409,6,simulated
simulated,1,sub,yes,816.9792193401124,6,simulated
simulated,1,sub,yes,816.873315191256,6,simulated
simulated,1,sub,yes,816.9992036496265,6,simulated
simulated,1,sub,yes,816.9499153240955,6,simulated
simulated,1,sub,yes,817.049395370617,6,simulated
simulated,1,sub,yes,816.988472133989,6,simulated
simulated,1,sub,yes,816.9876732356851,6,simulated
simulated,1,sub,yes,816.9078515031521,6,simulated
simulated,1,sub,yes,816.9757217800601,6,simulated
simulated,1,sub,yes,816.8771520508479,6,simulated
simulated,1,sub,yes,817.0064044093032,6,simulated
simulated,1,sub,yes,816.9611133921478,6,simulated
simulated,1,sub,yes,816.9145517176069,6,simulated
simulated,1,sub,yes,816.8336859737454,6,simulated
simulated,1,sub,yes,816.9820870723357,6,simulated
simulated,1,sub,yes,816.8949603122999,6,simulated
simulated,2,sub,yes,817.0008133786617,6,simulated
simulated,2,sub,yes,817.0240667798372,6,simulated
simulated,2,sub,yes,816.9987948541049,6,simulated
simulated,2,sub,yes,816.8915552565102,6,simulated
simulated,2,sub,yes,816.9855395055678,6,simulated
simulated,2,sub,yes,817.0140277613085,6,simulated
simulated,2,sub,no,817.0753525523613,6,simulated
simulated,2,sub,no,816.8945212359988,6,simulated
simulated,2,sub,yes,817.1063168161759,6,simulated
simulated,2,sub,yes,816.898672934372,6,simulated
simulated,2,sub,yes,816.9903607594864,6,simulated
simulated,2,sub,yes,816.9892860786557,6,simulated
simulated,2,sub,yes,817.035172858731,6,simulated
simulated,2,sub,yes,816.8506687703018,6,simulated
simulated,2,sub,yes,817.0669578937702,6,simulated
simulated,2,sub,yes,816.9399521571886,6,simulated
simulated,2,sub,yes,816.9658275992551,6,simulated
simulated,2,sub,yes,817.090841879215,6,simulated
simulated,2,sub,yes,816.9304185745982,6,simulated
simulated,2,sub,yes,816.9063172455064,6,simulated
simulated,2,sub,yes,816.9871514530121,6,simulated
simulated,2,sub,yes,816.9228059647025,6,simulated
simulated,2,sub,yes,817.0471887597075,6,simulated
simulated,2,sub,yes,816.8903273512391,6,simulated
simulated,2,sub,yes,816.9504488939722,6,simulated
simulated,2,sub,yes,817.1060809186424,6,simulated
simulated,2,sub,yes,816.8370546231608,6,simulated
simulated,2,sub,yes,817.0988430651465,6,simulated
simulated,2,sub,yes,816.8510864889382,6,simulated
simulated,2,sub,yes,816.9357338351462,6,simulated
simulated,2,sub,yes,817.0585481378538,6,simulated
simulated,2,sub,yes,816.8122559130676,6,simulated
simulated,2,sub,yes,817.0935755331462,6,simulated
simulated,2,sub,yes,816.8861292346863,6,simulated
simulated,2,sub,yes,817.0450509176105,6,simulated
simulated,2,sub,yes,816.8566375879237,6,simulated
simulated,2,sub,yes,817.0123863233994,6,simulated
simulated,2,sub,yes,817.0324592134922,6,simulated
simulated,2,sub,yes,817.0182408120677,6,simulated
simulated,2,sub,yes,816.8228907910393,6,simulated
simulated,2,sub,yes,816.923822438546,6,simulated
simulated,2,sub,yes,816.8497176134275,6,simulated
simulated,2,sub,yes,817.0185611298297,6,simulated
simulated,2,sub,yes,817.0951093355287,6,simulated
simulated,2,sub,yes,816.9884200312242,6,simulated
simulated,2,sub,yes,816.7165618605499,6,simulated
simulated,2,sub,yes,816.9010016431782,6,simulated
simulated,2,sub,yes,817.0081238481384,6,simulated
simulated,2,sub,yes,816.9220778609663,6,simulated
simulated,2,sub,yes,817.0579847108729,6,simulated
simulated,3,sub,yes,816.978960383651,6,simulated
simulated,3,sub,yes,817.0008911733921,6,simulated
simulated,3,sub,yes,816.8556069227786,6,simulated
simulated,3,sub,yes,816.9513853406771,6,simulated
simulated,3,sub,no,817.1681569450881,6,simulated
simulated,3,sub,yes,817.0508898541733,6,simulated
simulated,3,sub,yes,817.1965751181788,6,simulated
simulated,3,sub,yes,816.9846468798644,6,simulated
simulated,3,sub,yes,816.9400020621965,6,simulated
simulated,3,sub,yes,817.0598438335531,6,simulated
simulated,3,sub,yes,817.1635233431168,6,simulated
simulated,3,sub,yes,817.0250535319748,6,simulated
simulated,3,sub,yes,816.9869693951937,6,simulated
simulated,3,sub,yes,816.9139735862117,6,simulated
simulated,3,sub,yes,816.8534708754613,6,simulated
simulated,3,sub,yes,817.1356939412206,6,simulated
simulated,3,sub,yes,816.9854490673098,6,simulated
simulated,3,sub,yes,816.8830664260145,6,simulated
simulated,3,sub,yes,816.8974656970023,6,simulated
simulated,3,sub,yes,817.0247786525731,6,simulated
simulated,3,sub,yes,816.960642305304,6,simulated
simulated,3,sub,yes,816.90186815377,6,simulated
simulated,3,sub,yes,817.0485293111738,6,simulated
simulated,3,sub,yes,817.167267797348,6,simulated
simulated,3,sub,yes,816.8574005179406,6,simulated
simulated,3,sub,yes,817.1427481406596,6,simulated
simulated,3,sub,yes,816.9774450527236,6,simulated
simulated,3,sub,yes,817.2009802257893,6,simulated
simulated,3,sub,yes,816.8994838135976,6,simulated
simulated,3,sub,yes,816.9415597361764,6,simulated
simulated,3,sub,yes,817.0802374125442,6,simulated
simulated,3,sub,yes,816.9385973799655,6,simulated
simulated,3,sub,yes,817.0577101572027,6,simulated
simulated,3,sub,yes,817.0651951831644,6,simulated
simulated,3,sub,yes,817.312034129833,6,simulated
simulated,3,sub,yes,816.882827571457,6,simulated
simulated,3,sub,yes,817.1713704601157,6,simulated
simulated,3,sub,yes,816.9878703245357,6,simulated
simulated,3,sub,yes,816.9952020296439,6,simulated
simulated,3,sub,yes,816.982575520477,6,simulated
simulated,3,sub,yes,817.1672241772661,6,simulated
simulated,3,sub,yes,817.0343011324364,6,simulated
simulated,3,sub,yes,817.0373184835179,6,simulated
simulated,3,sub,yes,816.9135604315633,6,simulated
simulated,3,sub,yes,816.9968509023486,6,simulated
simulated,3,sub,yes,816.8681417627623,6,simulated
simulated,3,sub,yes,816.9215423182175,6,simulated
simulated,3,sub,yes,816.9074067971126,6,simulated
simulated,3,sub,no,816.9453012915369,6,simulated
simulated,3,sub,yes,817.0115909815988,6,simulated
simulated,4,sub,yes,816.929370624513,6,simulated
simulated,4,sub,yes,816.9342665488043,6,simulated
simulated,4,sub,yes,816.8997293761406,6,simulated
simulated,4,sub,yes,816.8892488011583,6,simulated
simulated,4,sub,yes,816.8506730587275,6,simulated
simulated,4,sub,yes,816.801944043994,6,simulated
simulated,4,sub,yes,816.815118184157,6,simulated
simulated,4,sub,yes,816.9950116534912,6,simulated
simulated,4,sub,yes,816.8490679620708,6,simulated
simulated,4,sub,yes,816.9584687711226,6,simulated
simulated,4,sub,yes,816.993326385716,6,simulated
simulated,4,sub,yes,816.9306357818049,6,simulated
simulated,4,sub,yes,816.9714739433583,6,simulated
simulated,4,sub,yes,816.970304584508,6,simulated
simulated,4,sub,yes,816.8626394161673,6,simulated
simulated,4,sub,yes,816.7860335876927,6,simulated
simulated,4,sub,yes,816.8582060735511,6,simulated
simulated,4,sub,yes,817.0351951554643,6,simulated
simulated,4,sub,yes,816.9356864197973,6,simulated
simulated,4,sub,yes,816.7350427838952,6,simulated
simulated,4,sub,yes,816.9330484354074,6,simulated
simulated,4,sub,yes,816.9733137899285,6,simulated
simulated,4,sub,yes,816.9938344685775,6,simulated
simulated,4,sub,yes,816.9710068498696,6,simulated
simulated,4,sub,yes,817.0554436658606,6,simulated
simulated,4,sub,yes,817.0225807305922,6,simulated
simulated,4,sub,yes,817.1003632395731,6,simulated
simulated,4,sub,yes,816.8708566874196,6,simulated
simulated,4,sub,yes,816.9703533144555,6,simulated
simulated,4,sub,yes,816.9951178525313,6,simulated
simulated,4,sub,no,816.9837826205166,6,simulated
simulated,4,sub,yes,817.017043657066,6,simulated
simulated,4,sub,yes,816.8885407128049,6,simulated
simulated,4,sub,yes,816.9425494948637,6,simulated
simulated,4,sub,yes,817.1319993351359,6,simulated
simulated,4,sub,yes,817.093664381824,6,simulated
simulated,4,sub,yes,816.8701237852313,6,simulated
simulated,4,sub,yes,817.0256600891008,6,simulated
simulated,4,sub,no,816.954194585812,6,simulated
simulated,4,sub,yes,817.0540989157712,6,simulated
simulated,4,sub,yes,817.1828330257636,6,simulated
simulated,4,sub,yes,817.2377906223486,6,simulated
simulated,4,sub,yes,816.9775414533276,6,simulated
simulated,4,sub,yes,816.9593388163926,6,simulated
simulated,4,sub,yes,816.9739478104754,6,simulated
simulated,4,sub,yes,817.0566732824838,6,simulated
simulated,4,sub,yes,817.0105579828561,6,simulated
simulated,4,sub,yes,816.9865346373074,6,simulated
simulated,4,sub,yes,816.8935168457193,6,simulated
simulated,4,sub,yes,817.1036637843229,6,simulated
simulated,5,sub,yes,816.8925492557794,6,simulated
simulated,5,sub,yes,816.9989860566704,6,simulated
simulated,5,sub,yes,816.9264303545897,6,simulated
simulated,5,sub,yes,816.8886749978698,6,simulated
simulated,5,sub,yes,816.8830611639314,6,simulated
simulated,5,sub,yes,816.9315771579088,6,simulated
simulated,5,sub,yes,817.0301457565201,6,simulated
simulated,5,sub,yes,816.9509917700423,6,simulated
simulated,5,sub,yes,816.8266653718251,6,simulated
simulated,5,sub,yes,816.9836521002318,6,simulated
simulated,5,sub,yes,816.9603343773387,6,simulated
simulated,5,sub,yes,816.9248556211438,6,simulated
simulated,5,sub,yes,816.8851929887032,6,simulated
simulated,5,sub,yes,817.1618734271896,6,simulated
simulated,5,sub,yes,816.9271523178819,6,simulated
simulated,5,sub,yes,817.046024529451,6,simulated
simulated,5,sub,yes,816.8674536854892,6,simulated
simulated,5,sub,yes,816.9490537726945,6,simulated
simulated,5,sub,yes,816.942141430894,6,simulated
simulated,5,sub,yes,816.9163339018917,6,simulated
simulated,5,sub,yes,816.8580340947185,6,simulated
simulated,5,sub,yes,817.1743426078252,6,simulated
simulated,5,sub,yes,816.8478559655321,6,simulated
simulated,5,sub,yes,816.958582416865,6,simulated
simulated,5,sub,yes,817.0564082541053,6,simulated
simulated,5,sub,yes,817.2024554985431,6,simulated
simulated,5,sub,yes,816.8392270535915,6,simulated
simulated,5,sub,yes,817.0864079218028,6,simulated
simulated,5,sub,yes,817.1452959465081,6,simulated
simulated,5,sub,yes,817.1009609960694,6,simulated
simulated,5,sub,yes,817.0753285954687,6,simulated
simulated,5,sub,yes,817.0251736774524,6,simulated
simulated,5,sub,yes,817.1244450647698,6,simulated
simulated,5,sub,yes,816.9477526945745,6,simulated
simulated,5,sub,yes,816.9641125061596,6,simulated
simulated,5,sub,yes,817.069479767722,6,simulated
simulated,5,sub,yes,816.966046872571,6,simulated
simulated,5,sub,yes,816.9809895093655,6,simulated
simulated,5,sub,yes,817.1022178216613,6,simulated
simulated,5,sub,yes,816.7234974168313,6,simulated
simulated,5,sub,yes,816.976968302531,6,simulated
simulated,5,sub,yes,817.2534381372767,6,simulated
simulated,5,sub,yes,817.1202376725405,6,simulated
simulated,5,sub,yes,816.9014681752157,6,simulated
simulated,5,sub,yes,817.0203994660267,6,simulated
simulated,5,sub,yes,817.0987794734531,6,simulated
simulated,5,sub,yes,816.9922154169758,6,simulated
simulated,5,sub,yes,816.9009337149687,6,simulated
simulated,5,sub,yes,816.9988162093615,6,simulated
simulated,5,sub,yes,816.9113722292857,6,simulated
simulated,6,sub,yes,817.0571026403417,6,simulated
simulated,6,sub,yes,817.0850723088062,6,simulated
simulated,6,sub,yes,816.9967657593693,6,simulated
simulated,6,sub,yes,816.8104602672814,6,simulated
simulated,6,sub,yes,817.0806367063411,6,simulated
simulated,6,sub,yes,817.0568199362816,6,simulated
simulated,6,sub,yes,817.06246136034,6,simulated
simulated,6,sub,yes,816.9248344998974,6,simulated
simulated,6,sub,yes,817.0344663871825,6,simulated
simulated,6,sub,yes,816.9515964693556,6,simulated
simulated,6,sub,yes,816.8893261267145,6,simulated
simulated,6,sub,yes,817.072866367219,6,simulated
simulated,6,sub,yes,816.9561386591266,6,simulated
simulated,6,sub,yes,817.0367971202822,6,simulated
simulated,6,sub,yes,816.8489859138124,6,simulated
simulated,6,sub,yes,816.9276520538227,6,simulated
simulated,6,sub,yes,816.9553274074984,6,simulated
simulated,6,sub,yes,816.9954862113497,6,simulated
simulated,6,sub,yes,816.9503197785781,6,simulated
simulated,6,sub,yes,817.039771800041,6,simulated
simulated,6,sub,yes,816.8308094759633,6,simulated
simulated,6,sub,yes,816.9868649023975,6,simulated
simulated,6,sub,yes,816.9596367130143,6,simulated
simulated,6,sub,yes,816.8478544368995,6,simulated
simulated,6,sub,yes,816.9617207456738,6,simulated
simulated,6,sub,yes,816.8060117247743,6,simulated
simulated,6,sub,yes,816.7152817937596,6,simulated
simulated,6,sub,yes,817.064208480414,6,simulated
simulated,6,sub,yes,817.0783826624136,6,simulated
simulated,6,sub,yes,816.9175611341489,6,simulated
simulated,6,sub,yes,816.8131636397015,6,simulated
simulated,6,sub,yes,816.9411750962158,6,simulated
simulated,6,sub,yes,816.9663761888796,6,simulated
simulated,6,sub,yes,817.0251292903156,6,simulated
simulated,6,sub,yes,817.043064709794,6,simulated
simulated,6,sub,yes,816.9605149462286,6,simulated
simulated,6,sub,yes,817.1991387525198,6,simulated
simulated,6,sub,yes,817.0627110499152,6,simulated
simulated,6,sub,yes,816.973518416334,6,simulated
simulated,6,sub,yes,816.9273271199071,6,simulated
simulated,6,sub,yes,817.1405158725155,6,simulated
simulated,6,sub,yes,816.9957025070081,6,simulated
simulated,6,sub,yes,816.9420022108633,6,simulated
simulated,6,sub,yes,817.0653193853744,6,simulated
simulated,6,sub,yes,816.9730672948651,6,simulated
simulated,6,sub,yes,817.0609795786006,6,simulated
simulated,6,sub,yes,816.9911876868152,6,simulated
simulated,6,sub,yes,817.0408071116016,6,simulated
simulated,6,sub,yes,817.1176931951987,6,simulated
simulated,6,sub,yes,816.9837933057165,6,simulated
simulated,7,sub,yes,816.8316097359234,6,simulated
simulated,7,sub,yes,816.9259082421316,6,simulated
simulated,7,sub,yes,816.9131497093574,6,simulated
simulated,7,sub,yes,816.9575135883475,6,simulated
simulated,7,sub,yes,816.8901240578562,6,simulated
simulated,7,sub,yes,816.9090838550613,6,simulated
simulated,7,sub,yes,817.1211910165085,6,simulated
simulated,7,sub,yes,816.8294355470617,6,simulated
simulated,7,sub,yes,816.9766589969954,6,simulated
simulated,7,sub,yes,817.097181739756,6,simulated
simulated,7,sub,yes,816.939039327907,6,simulated
simulated,7,sub,yes,817.0150008322889,6,simulated
simulated,7,sub,yes,817.0025706986066,6,simulated
simulated,7,sub,yes,817.1174919037082,6,simulated
simulated,7,sub,yes,816.8699444977303,6,simulated
simulated,7,sub,yes,817.0238602660248,6,simulated
simulated,7,sub,yes,817.0745700848335,6,simulated
simulated,7,sub,yes,816.836524540426,6,simulated
simulated,7,sub,yes,817.0218575058142,6,simulated
simulated,7,sub,yes,817.0062185031632,6,simulated
simulated,7,sub,yes,817.0704434035543,6,simulated
simulated,7,sub,yes,816.8751482152837,6,simulated
simulated,7,sub,yes,816.9943136028248,6,simulated
simulated,7,sub,yes,817.0318571483621,6,simulated
simulated,7,sub,yes,816.9962199899638,6,simulated
simulated,7,sub,yes,816.8725069422294,6,simulated
simulated,7,sub,yes,816.8277921072051,6,simulated
simulated,7,sub,yes,816.8436080173369,6,simulated
simulated,7,sub,yes,816.9143390461215,6,simulated
simulated,7,sub,yes,817.0012797679075,6,simulated
simulated,7,sub,yes,817.1110382509381,6,simulated
simulated,7,sub,yes,816.977087353036,6,simulated
simulated,7,sub,yes,816.9900906488168,6,simulated
simulated,7,sub,yes,816.9087559164955,6,simulated
simulated,7,sub,yes,816.9830382045989,6,simulated
simulated,7,sub,yes,816.8556976196162,6,simulated
simulated,7,sub,yes,816.9757955719895,6,simulated
simulated,7,sub,yes,816.9323688678884,6,simulated
simulated,7,sub,yes,817.0118219917266,6,simulated
simulated,7,sub,yes,816.9286347123699,6,simulated
simulated,7,sub,yes,817.0720045700082,6,simulated
simulated,7,sub,yes,817.1463947630402,6,simulated
simulated,7,sub,yes,816.953072323352,6,simulated
simulated,7,sub,yes,816.9673840426884,6,simulated
simulated,7,sub,yes,817.1443636388485,6,simulated
simulated,7,sub,yes,816.8950292099175,6,simulated
simulated,7,sub,yes,816.9714625166913,6,simulated
simulated,7,sub,yes,816.9904306260705,6,simulated
simulated,7,sub,yes,817.0126228579275,6,simulated
simulated,7,sub,yes,816.9716140281963,6,simulated
simulated,0,super,yes,85.62412229932612,7,simulated
simulated,0,super,yes,85.64057840352969,7,simulated
simulated,0,super,yes,85.70997249908926,7,simulated
simulated,0,super,yes,85.64702012764799,7,simulated
simulated,0,super,yes,85.6204730974305,7,simulated
simulated,0,super,yes,85.654697153451,7,simulated
simulated,0,super,yes,85.69183021680357,7,simulated
simulated,0,super,yes,85.7011347957675,7,simulated
simulated,0,super,yes,85.59721355902204,7,simulated
simulated,0,super,yes,85.6529914484275,7,simulated
simulated,0,super,yes,85.69128119527277,7,simulated
simulated,0,super,yes,85.72318896796227,7,simulated
simulated,0,super,yes,85.68462006308421,7,simulated
simulated,0,super,yes,85.70698400011022,7,simulated
simulated,0,super,yes,85.67314624621075,7,simulated
simulated,0,super,yes,85.6220937126471,7,simulated
simulated,0,super,yes,85.66475732115057,7,simulated
simulated,0,super,yes,85.63408593698668,7,simulated
simulated,0,super,yes,85.69189080922385,7,simulated
simulated,0,super,yes,85.67627120834945,7,simulated
simulated,0,super,yes,85.64504206499325,7,simulated
simulated,0,super,yes,85.71987066374635,7,simulated
simulated,0,super,yes,85.6042390047198,7,simulated
simulated,0,super,yes,85.69260798656579,7,simulated
simulated,0,super,yes,85.6371425656729,7,simulated
simulated,0,super,yes,85.59300746113952,7,simulated
simulated,0,super,yes,85.67074661036449,7,simulated
simulated,0,super,yes,85.66194914182371,7,simulated
simulated,0,super,yes,85.65651100429042,7,simulated
simulated,0,super,yes,85.70833570589558,7,simulated
simulated,0,super,yes,85.61143540324377,7,simulated
simulated,0,super,yes,85.71108839254256,7,simulated
simulated,0,super,yes,85.6724311392892,7,simulated
simulated,0,super,yes,85.63088352492396,7,simulated
simulated,0,super,yes,85.6719569130163,7,simulated
simulated,0,super,yes,85.63410273450756,7,simulated
simulated,0,super,yes,85.67804907630156,7,simulated
simulated,0,super,yes,85.7131781707339,7,simulated
simulated,0,super,yes,85.65866682049605,7,simulated
simulated,0,super,yes,85.6093242840644,7,simulated
simulated,0,super,yes,85.61768485722214,7,simulated
simulated,0,super,yes,85.67455841370187,7,simulated
simulated,0,super,yes,85.64424404483883,7,simulated
simulated,0,super,yes,85.72008131033832,7,simulated
simulated,0,super,yes,85.63268496948996,7,simulated
simulated,0,super,yes,85.65926240262876,7,simulated
simulated,0,super,yes,85.68884614760823,7,simulated
simulated,0,super,yes,85.67715238138972,7,simulated
simulated,0,super,yes,85.67339270230013,7,simulated
simulated,0,super,yes,85.59891316716825,7,simulated
simulated,0,super,yes,85.61835297841297,7,simulated
simulated,0,super,yes,85.60492420004361,7,simulated
simulated,0,super,yes,85.68165839971606,7,simulated
simulated,0,super,yes,85.73373812047429,7,simulated
simulated,0,super,yes,85.64671375033016,7,simulated
simulated,0,super,yes,85.62634404621915,7,simulated
simulated,0,super,yes,85.68339357347477,7,simulated
simulated,0,super,yes,85.6614194155587,7,simulated
simulated,0,super,yes,85.67486182052527,7,simulated
simulated,0,super,yes,85.61031540078153,7,simulated
simulated,0,super,yes,85.66671609574303,7,simulated
simulated,0,super,yes,85.66797931273526,7,simulated
simulated,0,super,yes,85.70474586333762,7,simulated
simulated,0,super,yes,85.64763197902909,7,simulated
simulated,0,super,yes,85.62578498476661,7,simulated
simulated,0,super,yes,85.6634836514823,7,simulated
simulated,0,super,yes,85.72271019335548,7,simulated
simulated,0,super,yes,85.68919034439108,7,simulated
simulated,0,super,yes,85.63104058140985,7,simulated
simulated,0,super,yes,85.66854926817241,7,simulated
simulated,0,super,yes,85.64763046561494,7,simulated
simulated,0,super,yes,85.66013519731065,7,simulated
simulated,0,super,yes,85.69852366260733,7,simulated
simulated,0,super,yes,85.7229172558019,7,simulated
simulated,0,super,yes,85.6443316723859,7,simulated
simulated,0,super,yes,85.65810567482498,7,simulated
simulated,0,super,yes,85.69764593383262,7,simulated
simulated,0,super,yes,85.66843651966339,7,simulated
simulated,0,super,yes,85.76744879768523,7,simulated
simulated,0,super,yes,85.66987669679287,7,simulated
simulated,0,super,yes,85.65153158289371,7,simulated
simulated,0,super,yes,85.67572903127642,7,simulated
simulated,0,super,yes,85.63976856409379,7,simulated
simulated,0,super,yes,85.57144521055794,7,simulated
simulated,0,super,yes,85.71473344165287,7,simulated
simulated,0,super,yes,85.68718191423122,7,simulated
simulated,0,super,yes,85.71678740992428,7,simulated
simulated,0,super,yes,85.6495980806034,7,simulated
simulated,0,super,yes,85.70320501808645,7,simulated
simulated,0,super,yes,85.674201899664,7,simulated
simulated,0,super,yes,85.6880902369006,7,simulated
simulated,0,super,yes,85.67947677708894,7,simulated
simulated,0,super,yes,85.73365943280324,7,simulated
simulated,0,super,yes,85.65528824816684,7,simulated
simulated,0,super,yes,85.73398494397489,7,simulated
simulated,0,super,yes,85.63415077228481,7,simulated
simulated,0,super,yes,85.77127907643826,7,simulated
simulated,0,super,yes,85.70672365214186,7,simulated
simulated,0,super,yes,85.6246940597451,7,simulated
simulated,0,super,yes,85.57109389140435,7,simulated
simulated,0,super,yes,85.64746823293258,7,simulated
simulated,0,super,yes,85.74079929546264,7,simulated
simulated,0,super,yes,85.65032166610754,7,simulated
simulated,0,super,yes,85.60192957319819,7,simulated
simulated,0,super,yes,85.71907438893172,7,simulated
simulated,0,super,yes,85.6741265955984,7,simulated
simulated,0,super,yes,85.69196077023572,7,simulated
simulated,0,super,yes,85.60991235911165,7,simulated
simulated,0,super,yes,85.69786943578829,7,simulated
simulated,0,super,yes,85.69173182778292,7,simulated
simulated,0,super,yes,85.63385759312368,7,simulated
simulated,0,super,yes,85.72662428291731,7,simulated
simulated,0,super,yes,85.5979823420499,7,simulated
simulated,0,super,yes,85.6790733890956,7,simulated
simulated,0,super,yes,85.63721150930536,7,simulated
simulated,0,super,yes,85.58826546410853,7,simulated
simulated,0,super,yes,85.5971137423704,7,simulated
simulated,0,super,yes,85.6856211536329,7,simulated
simulated,0,super,yes,85.72316511016588,7,simulated
simulated,0,super,yes,85.69534542517334,7,simulated
simulated,0,super,yes,85.68295803803744,7,simulated
simulated,0,super,yes,85.65473004951478,7,simulated
simulated,0,super,yes,85.67347191800667,7,simulated
simulated,0,super,yes,85.66725474216702,7,simulated
simulated,0,super,yes,85.57988468841617,7,simulated
simulated,0,super,yes,85.62797759226267,7,simulated
simulated,0,super,yes,85.62681378143283,7,simulated
simulated,0,super,yes,85.60516606498612,7,simulated
simulated,0,super,yes,85.65762278206087,7,simulated
simulated,0,super,yes,85.61688342576734,7,simulated
simulated,0,super,yes,85.682129115841,7,simulated
simulated,0,super,yes,85.68581818995769,7,simulated
simulated,0,super,yes,85.61471974568052,7,simulated
simulated,0,super,yes,85.64815441089068,7,simulated
simulated,0,super,yes,85.64085817487612,7,simulated
simulated,0,super,yes,85.58047484302074,7,simulated
simulated,0,super,yes,85.67544105507315,7,simulated
simulated,0,super,yes,85.67857037792339,7,simulated
simulated,0,super,yes,85.6245441956624,7,simulated
simulated,0,super,yes,85.6305817196186,7,simulated
simulated,0,super,yes,85.68460394086073,7,simulated
simulated,0,super,yes,85.61581830089625,7,simulated
simulated,0,super,yes,85.66876818820398,7,simulated
simulated,0,super,yes,85.64105690440424,7,simulated
simulated,0,super,yes,85.64016670565937,7,simulated
simulated,0,super,yes,85.64260638570353,7,simulated
simulated,0,super,yes,85.58424211746545,7,simulated
simulated,0,super,yes,85.63094834489532,7,simulated
simulated,0,super,yes,85.64973884501205,7,simulated
simulated,0,super,yes,85.6618766960075,7,simulated
simulated,0,super,yes,85.68795960180223,7,simulated
simulated,0,super,yes,85.62445968526268,7,simulated
simulated,0,super,yes,85.73160942821649,7,simulated
simulated,0,super,yes,85.63740988545271,7,simulated
simulated,0,super,yes,85.74633602747824,7,simulated
simulated,0,super,yes,85.62671178005206,7,simulated
simulated,0,super,yes,85.69335061132185,7,simulated
simulated,0,super,yes,85.62521175886044,7,simulated
simulated,0,super,yes,85.61288886171408,7,simulated
simulated,0,super,yes,85.66505066751857,7,simulated
simulated,0,super,yes,85.63825128888908,7,simulated
simulated,0,super,yes,85.6913288016743,7,simulated
simulated,0,super,yes,85.64855535286942,7,simulated
simulated,0,super,yes,85.63193128322021,7,simulated
simulated,0,super,yes,85.65821922573093,7,simulated
simulated,0,super,yes,85.63577992846747,7,simulated
simulated,0,super,yes,85.60728249048498,7,simulated
simulated,0,super,yes,85.65400653389986,7,simulated
simulated,0,super,yes,85.71786725985484,7,simulated
simulated,0,super,yes,85.69543968632692,7,simulated
simulated,0,super,yes,85.71571994318195,7,simulated
simulated,0,super,yes,85.63703193052987,7,simulated
simulated,0,super,yes,85.66846616018405,7,simulated
simulated,0,super,yes,85.58222263818256,7,simulated
simulated,0,super,yes,85.60792466758043,7,simulated
simulated,0,super,yes,85.71340383764624,7,simulated
simulated,0,super,yes,85.68357707410077,7,simulated
simulated,0,super,yes,85.62198023694182,7,simulated
simulated,0,super,yes,85.6250709266598,7,simulated
simulated,0,super,yes,85.66349197922547,7,simulated
simulated,0,super,yes,85.67175169170707,7,simulated
simulated,0,super,yes,85.69136633762888,7,simulated
simulated,0,super,yes,85.67583242544708,7,simulated
simulated,0,super,yes,85.66048372751168,7,simulated
simulated,0,super,yes,85.62101945606656,7,simulated
simulated,0,super,yes,85.7049950366937,7,simulated
simulated,0,super,yes,85.59469269171001,7,simulated
simulated,0,super,yes,85.69606081092783,7,simulated
simulated,0,super,yes,85.67101707633964,7,simulated
simulated,0,super,yes,85.69190720694304,7,simulated
simulated,0,super,yes,85.64530274568205,7,simulated
simulated,0,super,yes,85.6139250702871,7,simulated
simulated,0,super,yes,85.6009873151836,7,simulated
simulated,0,super,yes,85.60919869498326,7,simulated
simulated,0,super,yes,85.64496716965768,7,simulated
simulated,0,super,yes,85.66491420060203,7,simulated
simulated,0,super,yes,85.75740498448823,7,simulated
simulated,0,super,yes,85.63149254494027,7,simulated
simulated,0,super,yes,85.66860547057456,7,simulated
simulated,0,super,yes,85.63437950300926,7,simulated
simulated,1,super,yes,85.67232686461334,7,simulated
simulated,1,super,yes,85.66379562282236,7,simulated
simulated,1,super,yes,85.67088656106101,7,simulated
simulated,1,super,yes,85.62360396848882,7,simulated
simulated,1,super,yes,85.63963290888967,7,simulated
simulated,1,super,yes,85.66282140254161,7,simulated
simulated,1,super,yes,85.62271020686669,7,simulated
simulated,1,super,yes,85.64661054772114,7,simulated
simulated,1,super,yes,85.6760617165068,7,simulated
simulated,1,super,yes,85.65420228345273,7,simulated
simulated,1,super,yes,85.65434739264663,7,simulated
simulated,1,super,yes,85.64996729436503,7,simulated
simulated,1,super,yes,85.71059169986334,7,simulated
simulated,1,super,yes,85.63274113463764,7,simulated
simulated,1,super,yes,85.68291716261105,7,simulated
simulated,1,super,yes,85.62459181704294,7,simulated
simulated,1,super,yes,85.6479178902572,7,simulated
simulated,1,super,yes,85.60053763408195,7,simulated
simulated,1,super,yes,85.69965110693333,7,simulated
simulated,1,super,yes,85.70433845094725,7,simulated
simulated,1,super,yes,85.63983905473492,7,simulated
simulated,1,super,yes,85.76353038772172,7,simulated
simulated,1,super,yes,85.62022698279772,7,simulated
simulated,1,super,yes,85.6672559976886,7,simulated
simulated,1,super,yes,85.6982573812459,7,simulated
simulated,1,super,yes,85.61803798962463,7,simulated
simulated,1,super,yes,85.65482942615787,7,simulated
simulated,1,super,yes,85.6477422275822,7,simulated
simulated,1,super,yes,85.66949825469905,7,simulated
simulated,1,super,yes,85.67255977268817,7,simulated
simulated,1,super,yes,85.6685939896262,7,simulated
simulated,1,super,yes,85.64445756440156,7,simulated
simulated,1,super,yes,85.70756876246574,7,simulated
simulated,1,super,yes,85.65387809897089,7,simulated
simulated,1,super,yes,85.72216767997973,7,simulated
simulated,1,super,yes,85.6399826472774,7,simulated
simulated,1,super,yes,85.69210527308395,7,simulated
simulated,1,super,yes,85.69408668390511,7,simulated
simulated,1,super,yes,85.62803740450661,7,simulated
simulated,1,super,yes,85.68523846155315,7,simulated
simulated,1,super,yes,85.63915764656205,7,simulated
simulated,1,super,yes,85.63436548398128,7,simulated
simulated,1,super,yes,85.63546488049526,7,simulated
simulated,1,super,yes,85.70999297215842,7,simulated
simulated,1,super,yes,85.70869322695414,7,simulated
simulated,1,super,yes,85.65367032596573,7,simulated
simulated,1,super,yes,85.66554721867831,7,simulated
simulated,1,super,yes,85.60656885174951,7,simulated
simulated,1,super,yes,85.64601795497897,7,simulated
simulated,1,super,yes,85.70953096206588,7,simulated
simulated,1,super,yes,85.56996858781973,7,simulated
simulated,1,super,yes,85.70822439035801,7,simulated
simulated,1,super,yes,85.6265496467699,7,simulated
simulated,1,super,yes,85.70893630486879,7,simulated
simulated,1,super,yes,85.67471474895542,7,simulated
simulated,1,super,yes,85.71169413018836,7,simulated
simulated,1,super,yes,85.6420252322547,7,simulated
simulated,1,super,yes,85.68929563364112,7,simulated
simulated,1,super,yes,85.69522034341716,7,simulated
simulated,1,super,yes,85.72103525485068,7,simulated
simulated,1,super,yes,85.67558954045792,7,simulated
simulated,1,super,yes,85.70878631954167,7,simulated
simulated,1,super,yes,85.65072840257098,7,simulated
simulated,1,super,yes,85.7438654506561,7,simulated
simulated,1,super,yes,85.6414051481084,7,simulated
simulated,1,super,yes,85.63407369734112,7,simulated
simulated,1,super,yes,85.58237821502267,7,simulated
simulated,1,super,yes,85.6583849661537,7,simulated
simulated,1,super,yes,85.6455498891832,7,simulated
simulated,1,super,yes,85.75020131371039,7,simulated
simulated,1,super,yes,85.62822303147777,7,simulated
simulated,1,super,yes,85.71425957419507,7,simulated
simulated,1,super,yes,85.69763461038114,7,simulated
simulated,1,super,yes,85.66102471362426,7,simulated
simulated,1,super,yes,85.66983491550621,7,simulated
simulated,1,super,yes,85.65196588813389,7,simulated
simulated,1,super,yes,85.74355765959218,7,simulated
simulated,1,super,yes,85.64606623167755,7,simulated
simulated,1,super,yes,85.67152070646782,7,simulated
simulated,1,super,yes,85.75518084050728,7,simulated
simulated,1,super,yes,85.7093229068097,7,simulated
simulated,1,super,yes,85.66222382682334,7,simulated
simulated,1,super,yes,85.65658740770269,7,simulated
simulated,1,super,yes,85.68487037619413,7,simulated
simulated,1,super,yes,85.66722080299344,7,simulated
simulated,1,super,yes,85.69000509612944,7,simulated
simulated,1,super,yes,85.69281126208607,7,simulated
simulated,1,super,yes,85.66511622194916,7,simulated
simulated,1,super,yes,85.6908210716532,7,simulated
simulated,1,super,yes,85.70653322792671,7,simulated
simulated,1,super,yes,85.65394711511492,7,simulated
simulated,1,super,yes,85.72822776125604,7,simulated
simulated,1,super,yes,85.68659146228194,7,simulated
simulated,1,super,yes,85.66044744161321,7,simulated
simulated,1,super,yes,85.72121892043539,7,simulated
simulated,1,super,yes,85.62040408832148,7,simulated
simulated,1,super,yes,85.65628223071414,7,simulated
simulated,1,super,yes,85.67901871951773,7,simulated
simulated,1,super,yes,85.65244537053822,7,simulated
simulated,1,super,yes,85.65045966132827,7,simulated
simulated,1,super,yes,85.65689060265716,7,simulated
simulated,1,super,yes,85.64730949565127,7,simulated
simulated,1,super,yes,85.64991529756998,7,simulated
simulated,1,super,yes,85.60569618002019,7,simulated
simulated,1,super,yes,85.564624403326,7,simulated
simulated,1,super,yes,85.64250740520787,7,simulated
simulated,1,super,yes,85.68304360129754,7,simulated
simulated,1,super,yes,85.66954623729625,7,simulated
simulated,1,super,yes,85.60760789311895,7,simulated
simulated,1,super,yes,85.58951008953642,7,simulated
simulated,1,super,yes,85.64315080921666,7,simulated
simulated,1,super,yes,85.68492339311787,7,simulated
simulated,1,super,yes,85.67336308476584,7,simulated
simulated,1,super,yes,85.65525782101172,7,simulated
simulated,1,super,yes,85.68461271964226,7,simulated
simulated,1,super,yes,85.64157913400251,7,simulated
simulated,1,super,yes,85.6567213429903,7,simulated
simulated,1,super,yes,85.68183701823997,7,simulated
simulated,1,super,yes,85.65191459992091,7,simulated
simulated,1,super,yes,85.67811586569385,7,simulated
simulated,1,super,yes,85.72528116351411,7,simulated
simulated,1,super,yes,85.66447289334079,7,simulated
simulated,1,super,yes,85.59078625657375,7,simulated
simulated,1,super,yes,85.70211024681437,7,simulated
simulated,1,super,yes,85.62524274930026,7,simulated
simulated,1,super,yes,85.73551438357237,7,simulated
simulated,1,super,yes,85.66196653361094,7,simulated
simulated,1,super,yes,85.62684156862335,7,simulated
simulated,1,super,yes,85.62223589467885,7,simulated
simulated,1,super,yes,85.64555046733929,7,simulated
simulated,1,super,yes,85.71485484491721,7,simulated
simulated,1,super,yes,85.70447015023818,7,simulated
simulated,1,super,yes,85.71519238707229,7,simulated
simulated,1,super,yes,85.6569098742876,7,simulated
simulated,1,super,yes,85.65184825335136,7,simulated
simulated,1,super,yes,85.59888332597048,7,simulated
simulated,1,super,yes,85.72414263702098,7,simulated
simulated,1,super,yes,85.76787473278587,7,simulated
simulated,1,super,yes,85.62600622685757,7,simulated
simulated,1,super,yes,85.61503996206885,7,simulated
simulated,1,super,yes,85.69757942081137,7,simulated
simulated,1,super,yes,85.71910159198572,7,simulated
simulated,1,super,yes,85.64587912711195,7,simulated
simulated,1,super,yes,85.62623226968766,7,simulated
simulated,1,super,yes,85.68201647051761,7,simulated
simulated,1,super,yes,85.67073276894536,7,simulated
simulated,1,super,yes,85.64556727519958,7,simulated
simulated,1,super,yes,85.71780749274404,7,simulated
simulated,1,super,yes,85.65607749142262,7,simulated
simulated,1,super,yes,85.65254141814319,7,simulated
simulated,1,super,yes,85.69437440988418,7,simulated
simulated,1,super,yes,85.68409879934045,7,simulated
simulated,1,super,yes,85.68780841082344,7,simulated
simulated,1,super,yes,85.75217751196526,7,simulated
simulated,1,super,yes,85.74783377270609,7,simulated
simulated,1,super,yes,85.61988308169288,7,simulated
simulated,1,super,yes,85.64129943237361,7,simulated
simulated,1,super,yes,85.56413466234575,7,simulated
simulated,1,super,yes,85.66428954365038,7,simulated
simulated,1,super,yes,85.65565016919201,7,simulated
simulated,1,super,yes,85.72100777783608,7,simulated
simulated,1,super,yes,85.68029468602116,7,simulated
simulated,1,super,yes,85.70659363317597,7,simulated
simulated,1,super,yes,85.66217013946412,7,simulated
simulated,1,super,yes,85.67123515196795,7,simulated
simulated,1,super,yes,85.65612855354804,7,simulated
simulated,1,super,yes,85.69774141042764,7,simulated
simulated,1,super,yes,85.64683586189643,7,simulated
simulated,1,super,yes,85.65248719761097,7,simulated
simulated,1,super,yes,85.64697882106725,7,simulated
simulated,1,super,yes,85.66335198843433,7,simulated
simulated,1,super,yes,85.65546335782349,7,simulated
simulated,1,super,yes,85.74403302608967,7,simulated
simulated,1,super,yes,85.6326077132263,7,simulated
simulated,1,super,yes,85.65559990246624,7,simulated
simulated,1,super,yes,85.59677774358164,7,simulated
simulated,1,super,yes,85.69998511416159,7,simulated
simulated,1,super,yes,85.66755659994637,7,simulated
simulated,1,super,yes,85.64416625194288,7,simulated
simulated,1,super,yes,85.68493883975404,7,simulated
simulated,1,super,yes,85.59040641652237,7,simulated
simulated,1,super,yes,85.6467303760871,7,simulated
simulated,1,super,yes,85.7227291061414,7,simulated
simulated,1,super,yes,85.66092336380045,7,simulated
simulated,1,super,yes,85.63836818463135,7,simulated
simulated,1,super,yes,85.61549462855285,7,simulated
simulated,1,super,yes,85.71436117536376,7,simulated
simulated,1,super,yes,85.61141303586646,7,simulated
simulated,1,super,yes,85.64560671055204,7,simulated
simulated,1,super,yes,85.66798094737959,7,simulated
simulated,1,super,yes,85.74060553640697,7,simulated
simulated,1,super,yes,85.63543559808933,7,simulated
simulated,1,super,yes,85.61105863539088,7,simulated
simulated,1,super,yes,85.65543655698649,7,simulated
simulated,1,super,yes,85.67956016537997,7,simulated
simulated,1,super,yes,85.72659468902258,7,simulated
simulated,1,super,yes,85.73568611651147,7,simulated
simulated,1,super,yes,85.64466361797788,7,simulated
simulated,1,super,yes,85.68338252816191,7,simulated
simulated,1,super,yes,85.60839781051794,7,simulated
simulated,0,basic,yes,253.22367610562273,7,simulated
simulated,0,basic,yes,253.241109683601,7,simulated
simulated,0,basic,yes,253.2298349906155,7,simulated
simulated,0,basic,yes,253.17643370643407,7,simulated
simulated,0,basic,yes,253.16886423597575,7,simulated
simulated,0,basic,yes,253.22834836300837,7,simulated
simulated,0,basic,yes,253.15268470006825,7,simulated
simulated,0,basic,yes,253.23649463025427,7,simulated
simulated,0,basic,yes,253.18255997066632,7,simulated
simulated,0,basic,yes,253.19727757769994,7,simulated
simulated,0,basic,yes,253.2257897425399,7,simulated
simulated,0,basic,yes,253.21756576396834,7,simulated
simulated,0,basic,yes,253.2496679352317,7,simulated
simulated,0,basic,yes,253.2445406027499,7,simulated
simulated,0,basic,yes,253.25676952180518,7,simulated
simulated,0,basic,yes,253.24859196718282,7,simulated
simulated,0,basic,yes,253.1430420516267,7,simulated
simulated,0,basic,yes,253.1860110974041,7,simulated
simulated,0,basic,yes,253.18076475993016,7,simulated
simulated,0,basic,yes,253.26147967020557,7,simulated
simulated,0,basic,yes,253.23677451071015,7,simulated
simulated,0,basic,yes,253.24435786811054,7,simulated
simulated,0,basic,yes,253.16253532592725,7,simulated
simulated,0,basic,yes,253.1305235393756,7,simulated
simulated,0,basic,yes,253.27263745925575,7,simulated
simulated,0,basic,yes,253.26083796211643,7,simulated
simulated,0,basic,yes,253.22282464954324,7,simulated
simulated,0,basic,yes,253.18196885204037,7,simulated
simulated,0,basic,yes,253.25263521479013,7,simulated
simulated,0,basic,yes,253.14313643501262,7,simulated
simulated,0,basic,yes,253.1792009799262,7,simulated
simulated,0,basic,yes,253.14405190458723,7,simulated
simulated,0,basic,yes,253.25006620684587,7,simulated
simulated,0,basic,yes,253.15208203168623,7,simulated
simulated,0,basic,yes,253.13637918948893,7,simulated
simulated,0,basic,yes,253.23067506747512,7,simulated
simulated,0,basic,yes,253.20241546020844,7,simulated
simulated,0,basic,yes,253.195461173723,7,simulated
simulated,0,basic,yes,253.1908369175039,7,simulated
simulated,0,basic,yes,253.1829342268177,7,simulated
simulated,0,basic,yes,253.24749668051953,7,simulated
simulated,0,basic,yes,253.21876900844904,7,simulated
simulated,0,basic,yes,253.2578383150985,7,simulated
simulated,0,basic,yes,253.18651902808674,7,simulated
simulated,0,basic,yes,253.2143671560302,7,simulated
simulated,0,basic,yes,253.22681918251254,7,simulated
simulated,0,basic,yes,253.23646673126174,7,simulated
simulated,0,basic,yes,253.22486248381753,7,simulated
simulated,0,basic,yes,253.21763835121544,7,simulated
simulated,0,basic,yes,253.19325125024235,7,simulated
simulated,0,basic,yes,253.21759811405295,7,simulated
simulated,0,basic,yes,253.11567663908096,7,simulated
simulated,0,basic,yes,253.2866491253041,7,simulated
simulated,0,basic,yes,253.1292333860711,7,simulated
simulated,0,basic,yes,253.24793688353245,7,simulated
simulated,0,basic,yes,253.08004209987553,7,simulated
simulated,0,basic,yes,253.13976536680323,7,simulated
simulated,0,basic,yes,253.1155508988573,7,simulated
simulated,0,basic,yes,253.12116410985618,7,simulated
simulated,0,basic,yes,253.18108608038568,7,simulated
simulated,0,basic,yes,253.23215809498987,7,simulated
simulated,0,basic,yes,253.1837548721737,7,simulated
simulated,0,basic,yes,253.19920924869072,7,simulated
simulated,0,basic,yes,253.1975410692735,7,simulated
simulated,0,basic,yes,253.19969322631093,7,simulated
simulated,0,basic,yes,253.15532179535367,7,simulated
simulated,0,basic,yes,253.22757214327612,7,simulated
simulated,0,basic,yes,253.2096736087406,7,simulated
simulated,0,basic,yes,253.2284533576426,7,simulated
simulated,0,basic,yes,253.2006646687326,7,simulated
simulated,0,basic,yes,253.21813931134744,7,simulated
simulated,0,basic,yes,253.1485875873417,7,simulated
simulated,0,basic,yes,253.18793273492113,7,simulated
simulated,0,basic,yes,253.20119411003236,7,simulated
simulated,0,basic,yes,253.15924214453395,7,simulated
simulated,0,basic,yes,253.18552537903636,7,simulated
simulated,0,basic,yes,253.20183525138643,7,simulated
simulated,0,basic,yes,253.1090838971561,7,simulated
simulated,0,basic,yes,253.26960427121887,7,simulated
simulated,0,basic,yes,253.22635984300118,7,simulated
simulated,0,basic,yes,253.2220242573638,7,simulated
simulated,0,basic,yes,253.20947991876986,7,simulated
simulated,0,basic,yes,253.10700664780185,7,simulated
simulated,0,basic,no,253.1663316176036,7,simulated
simulated,0,basic,yes,253.13397908535947,7,simulated
simulated,0,basic,yes,253.22260525944603,7,simulated
simulated,0,basic,yes,253.24030857400274,7,simulated
simulated,0,basic,yes,253.18137175738892,7,simulated
simulated,0,basic,yes,253.21979574749056,7,simulated
simulated,0,basic,yes,253.24255217196728,7,simulated
simulated,0,basic,yes,253.21723493918344,7,simulated
simulated,0,basic,yes,253.2098184646871,7,simulated
simulated,0,basic,yes,253.26278620746484,7,simulated
simulated,0,basic,yes,253.1515169867931,7,simulated
simulated,0,basic,yes,253.23743357950832,7,simulated
simulated,0,basic,yes,253.233727800945,7,simulated
simulated,0,basic,yes,253.15816927195095,7,simulated
simulated,0,basic,yes,253.1841335993115,7,simulated
simulated,0,basic,yes,253.1279143397104,7,simulated
simulated,0,basic,yes,253.18320041300552,7,simulated
simulated,1,basic,yes,253.2378548590135,7,simulated
simulated,1,basic,yes,253.28152030966285,7,simulated
simulated,1,basic,yes,253.10917101029176,7,simulated
simulated,1,basic,yes,253.1576718683173,7,simulated
simulated,1,basic,yes,253.19693548926998,7,simulated
simulated,1,basic,yes,253.18521081814194,7,simulated
simulated,1,basic,yes,253.27436425950532,7,simulated
simulated,1,basic,yes,253.18183059805082,7,simulated
simulated,1,basic,yes,253.21294412941657,7,simulated
simulated,1,basic,yes,253.1764084431211,7,simulated
simulated,1,basic,yes,253.31538302395444,7,simulated
simulated,1,basic,yes,253.15174762762337,7,simulated
simulated,1,basic,yes,253.18706449607134,7,simulated
simulated,1,basic,yes,253.21016900230873,7,simulated
simulated,1,basic,yes,253.22467627937243,7,simulated
simulated,1,basic,yes,253.15490427089648,7,simulated
simulated,1,basic,yes,253.19201866505708,7,simulated
simulated,1,basic,yes,253.21541557121498,7,simulated
simulated,1,basic,yes,253.21329561857652,7,simulated
simulated,1,basic,yes,253.16724439794228,7,simulated
simulated,1,basic,yes,253.16273356370917,7,simulated
simulated,1,basic,yes,253.20666871011207,7,simulated
simulated,1,basic,yes,253.22604823783448,7,simulated
simulated,1,basic,yes,253.2105927276762,7,simulated
simulated,1,basic,yes,253.2083121375947,7,simulated
simulated,1,basic,yes,253.2021099115143,7,simulated
simulated,1,basic,yes,253.2137234531453,7,simulated
simulated,1,basic,yes,253.19144876372346,7,simulated
simulated,1,basic,yes,253.17796295242923,7,simulated
simulated,1,basic,yes,253.1928407489824,7,simulated
simulated,1,basic,yes,253.2196482737845,7,simulated
simulated,1,basic,yes,253.14677541030935,7,simulated
simulated,1,basic,yes,253.18616728170528,7,simulated
simulated,1,basic,yes,253.1642571299427,7,simulated
simulated,1,basic,yes,253.20597835783948,7,simulated
simulated,1,basic,yes,253.1511812191515,7,simulated
simulated,1,basic,yes,253.2128319181308,7,simulated
simulated,1,basic,yes,253.26665489179348,7,simulated
simulated,1,basic,yes,253.16927559703655,7,simulated
simulated,1,basic,yes,253.1514691884498,7,simulated
simulated,1,basic,yes,253.21511701516243,7,simulated
simulated,1,basic,yes,253.2082876221552,7,simulated
simulated,1,basic,yes,253.1788504105322,7,simulated
simulated,1,basic,yes,253.1946359263503,7,simulated
simulated,1,basic,yes,253.23503243235692,7,simulated
simulated,1,basic,yes,253.18038088902028,7,simulated
simulated,1,basic,yes,253.1426946150331,7,simulated
simulated,1,basic,yes,253.22350031609707,7,simulated
simulated,1,basic,yes,253.17807912932005,7,simulated
simulated,1,basic,yes,253.2210228458134,7,simulated
simulated,1,basic,yes,253.20172977413054,7,simulated
simulated,1,basic,yes,253.20974040652382,7,simulated
simulated,1,basic,yes,253.1945845552444,7,simulated
simulated,1,basic,yes,253.26788098142657,7,simulated
simulated,1,basic,yes,253.21946359356858,7,simulated
simulated,1,basic,yes,253.1475987762999,7,simulated
simulated,1,basic,yes,253.2146753123259,7,simulated
simulated,1,basic,yes,253.21893039097174,7,simulated
simulated,1,basic,yes,253.20051106363715,7,simulated
simulated,1,basic,yes,253.24489117161008,7,simulated
simulated,1,basic,yes,253.31048592894598,7,simulated
simulated,1,basic,yes,253.25655526752368,7,simulated
simulated,1,basic,yes,253.20374111700403,7,simulated
simulated,1,basic,yes,253.1948970617342,7,simulated
simulated,1,basic,yes,253.15321463304338,7,simulated
simulated,1,basic,yes,253.25038058928922,7,simulated
simulated,1,basic,yes,253.17555197690075,7,simulated
simulated,1,basic,yes,253.22851809351,7,simulated
simulated,1,basic,yes,253.20449214313527,7,simulated
simulated,1,basic,yes,253.1966210501242,7,simulated
simulated,1,basic,yes,253.25447260860918,7,simulated
simulated,1,basic,yes,253.18177673419612,7,simulated
simulated,1,basic,yes,253.20365030997624,7,simulated
simulated,1,basic,yes,253.23912033219662,7,simulated
simulated,1,basic,yes,253.14366578021475,7,simulated
simulated,1,basic,yes,253.2380730008832,7,simulated
simulated,1,basic,yes,253.2341587781461,7,simulated
simulated,1,basic,yes,253.251046846418,7,simulated
simulated,1,basic,yes,253.1651956441048,7,simulated
simulated,1,basic,yes,253.18876890677083,7,simulated
simulated,1,basic,yes,253.28695188049278,7,simulated
simulated,1,basic,yes,253.23891663692018,7,simulated
simulated,1,basic,yes,253.2715662342158,7,simulated
simulated,1,basic,yes,253.22594690988643,7,simulated
simulated,1,basic,yes,253.22124039381512,7,simulated
simulated,1,basic,yes,253.1695494429687,7,simulated
simulated,1,basic,yes,253.2995253888373,7,simulated
simulated,1,basic,yes,253.26067359358737,7,simulated
simulated,1,basic,yes,253.2108102872712,7,simulated
simulated,1,basic,yes,253.19942829605924,7,simulated
simulated,1,basic,yes,253.22905982609805,7,simulated
simulated,1,basic,yes,253.1867444408323,7,simulated
simulated,1,basic,yes,253.21801044342962,7,simulated
simulated,1,basic,yes,253.18876731809544,7,simulated
simulated,1,basic,yes,253.1540889388831,7,simulated
simulated,1,basic,yes,253.19913082312516,7,simulated
simulated,1,basic,yes,253.2460720130788,7,simulated
simulated,1,basic,yes,253.2258907395476,7,simulated
simulated,1,basic,yes,253.18050858341684,7,simulated
simulated,1,basic,yes,253.17946259159726,7,simulated
simulated,2,basic,yes,253.17430569438326,7,simulated
simulated,2,basic,yes,253.1859974068588,7,simulated
simulated,2,basic,yes,253.19430515203703,7,simulated
simulated,2,basic,yes,253.2773917539706,7,simulated
simulated,2,basic,yes,253.14771105694544,7,simulated
simulated,2,basic,yes,253.21893518810984,7,simulated
simulated,2,basic,yes,253.16224436121198,7,simulated
simulated,2,basic,yes,253.22885572110667,7,simulated
simulated,2,basic,yes,253.21551907920426,7,simulated
simulated,2,basic,yes,253.21619503265595,7,simulated
simulated,2,basic,yes,253.24980288432315,7,simulated
simulated,2,basic,yes,253.19271948609028,7,simulated
simulated,2,basic,yes,253.19734820213043,7,simulated
simulated,2,basic,yes,253.14632183706595,7,simulated
simulated,2,basic,yes,253.1800653294038,7,simulated
simulated,2,basic,yes,253.21373500174775,7,simulated
simulated,2,basic,yes,253.1684731438609,7,simulated
simulated,2,basic,yes,253.1950670343316,7,simulated
simulated,2,basic,yes,253.26368471060977,7,simulated
simulated,2,basic,yes,253.14349491823876,7,simulated
simulated,2,basic,yes,253.2340237781151,7,simulated
simulated,2,basic,yes,253.27929647538718,7,simulated
simulated,2,basic,yes,253.21996685968813,7,simulated
simulated,2,basic,yes,253.13877081378007,7,simulated
simulated,2,basic,yes,253.29308254937422,7,simulated
simulated,2,basic,yes,253.27181714141622,7,simulated
simulated,2,basic,yes,253.26842471055068,7,simulated
simulated,2,basic,yes,253.21148178899708,7,simulated
simulated,2,basic,yes,253.2300198113235,7,simulated
simulated,2,basic,yes,253.2615571496329,7,simulated
simulated,2,basic,yes,253.22088517777829,7,simulated
simulated,2,basic,yes,253.19857155703036,7,simulated
simulated,2,basic,yes,253.14766921953006,7,simulated
simulated,2,basic,yes,253.19981499533992,7,simulated
simulated,2,basic,yes,253.24353042953888,7,simulated
simulated,2,basic,yes,253.21878223467044,7,simulated
simulated,2,basic,yes,253.1827630878562,7,simulated
simulated,2,basic,yes,253.21656845264272,7,simulated
simulated,2,basic,yes,253.1825051427276,7,simulated
simulated,2,basic,yes,253.24156567246573,7,simulated
simulated,2,basic,yes,253.23227390368982,7,simulated
simulated,2,basic,yes,253.27664411802314,7,simulated
simulated,2,basic,yes,253.18474773005224,7,simulated
simulated,2,basic,yes,253.23436097391547,7,simulated
simulated,2,basic,yes,253.2020055125562,7,simulated
simulated,2,basic,yes,253.14112708562095,7,simulated
simulated,2,basic,yes,253.18629319549177,7,simulated
simulated,2,basic,yes,253.22311201280723,7,simulated
simulated,2,basic,yes,253.16144627588477,7,simulated
simulated,2,basic,yes,253.22133359686046,7,simulated
simulated,2,basic,yes,253.15255072310035,7,simulated
simulated,2,basic,yes,253.22240881587442,7,simulated
simulated,2,basic,yes,253.1960760782805,7,simulated
simulated,2,basic,yes,253.13723852626487,7,simulated
simulated,2,basic,yes,253.28625738831744,7,simulated
simulated,2,basic,yes,253.25784818989976,7,simulated
simulated,2,basic,yes,253.21059126832984,7,simulated
simulated,2,basic,yes,253.16775065256476,7,simulated
simulated,2,basic,yes,253.20260315012288,7,simulated
simulated,2,basic,yes,253.15806931964627,7,simulated
simulated,2,basic,yes,253.21977689532073,7,simulated
simulated,2,basic,yes,253.20221084676308,7,simulated
simulated,2,basic,yes,253.20031215168817,7,simulated
simulated,2,basic,yes,253.23166244870924,7,simulated
simulated,2,basic,yes,253.19552106048235,7,simulated
simulated,2,basic,yes,253.20500028622195,7,simulated
simulated,2,basic,yes,253.2067678454458,7,simulated
simulated,2,basic,yes,253.29336978884498,7,simulated
simulated,2,basic,yes,253.23739487436896,7,simulated
simulated,2,basic,yes,253.24341114089583,7,simulated
simulated,2,basic,yes,253.14562057123587,7,simulated
simulated,2,basic,yes,253.19597251667608,7,simulated
simulated,2,basic,yes,253.22973757661612,7,simulated
simulated,2,basic,yes,253.22996362431957,7,simulated
simulated,2,basic,yes,253.24830719287993,7,simulated
simulated,2,basic,yes,253.2331005872015,7,simulated
simulated,2,basic,yes,253.16909572090017,7,simulated
simulated,2,basic,yes,253.2128626714329,7,simulated
simulated,2,basic,yes,253.2409916324878,7,simulated
simulated,2,basic,yes,253.29155566276125,7,simulated
simulated,2,basic,yes,253.2646786673038,7,simulated
simulated,2,basic,yes,253.24324863623465,7,simulated
simulated,2,basic,yes,253.2509993068024,7,simulated
simulated,2,basic,yes,253.17952693080892,7,simulated
simulated,2,basic,yes,253.1905008930739,7,simulated
simulated,2,basic,yes,253.236746845088,7,simulated
simulated,2,basic,yes,253.17714030663444,7,simulated
simulated,2,basic,yes,253.2869440557471,7,simulated
simulated,2,basic,yes,253.17075705227495,7,simulated
simulated,2,basic,yes,253.18926543370878,7,simulated
simulated,2,basic,yes,253.26438224185577,7,simulated
simulated,2,basic,yes,253.25501324373934,7,simulated
simulated,2,basic,yes,253.2482504733197,7,simulated
simulated,2,basic,yes,253.22966222098677,7,simulated
simulated,2,basic,yes,253.22886753209912,7,simulated
simulated,2,basic,yes,253.2393860849954,7,simulated
simulated,2,basic,yes,253.18586233948164,7,simulated
simulated,2,basic,yes,253.12811657254886,7,simulated
simulated,2,basic,yes,253.23040801433038,7,simulated
simulated,2,basic,yes,253.1990465768129,7,simulated
simulated,3,basic,yes,253.29956097997305,7,simulated
simulated,3,basic,yes,253.23663655485976,7,simulated
simulated,3,basic,yes,253.11956706456854,7,simulated
simulated,3,basic,yes,253.26612570317263,7,simulated
simulated,3,basic,yes,253.19562024171177,7,simulated
simulated,3,basic,yes,253.22954216033105,7,simulated
simulated,3,basic,yes,253.1596535702507,7,simulated
simulated,3,basic,yes,253.17393308599523,7,simulated
simulated,3,basic,yes,253.21857962508608,7,simulated
simulated,3,basic,yes,253.24746891865266,7,simulated
simulated,3,basic,yes,253.205738134872,7,simulated
simulated,3,basic,yes,253.23706113925505,7,simulated
simulated,3,basic,yes,253.14805517981574,7,simulated
simulated,3,basic,yes,253.23950486896607,7,simulated
simulated,3,basic,yes,253.1916871367833,7,simulated
simulated,3,basic,yes,253.2080382475998,7,simulated
simulated,3,basic,yes,253.20768895605372,7,simulated
simulated,3,basic,yes,253.21347037696725,7,simulated
simulated,3,basic,yes,253.215606976804,7,simulated
simulated,3,basic,yes,253.22562173550995,7,simulated
simulated,3,basic,yes,253.1981121030631,7,simulated
simulated,3,basic,yes,253.28438047309453,7,simulated
simulated,3,basic,yes,253.19058981091004,7,simulated
simulated,3,basic,yes,253.20655394645917,7,simulated
simulated,3,basic,yes,253.16729060750808,7,simulated
simulated,3,basic,yes,253.178682143515,7,simulated
simulated,3,basic,yes,253.17462798111526,7,simulated
simulated,3,basic,yes,253.27221603623892,7,simulated
simulated,3,basic,yes,253.18221270536534,7,simulated
simulated,3,basic,yes,253.24963854278036,7,simulated
simulated,3,basic,yes,253.1226095267294,7,simulated
simulated,3,basic,yes,253.23336265286892,7,simulated
simulated,3,basic,yes,253.1691400349306,7,simulated
simulated,3,basic,yes,253.20895983414206,7,simulated
simulated,3,basic,yes,253.23681118367273,7,simulated
simulated,3,basic,yes,253.2567219575421,7,simulated
simulated,3,basic,yes,253.23159207806953,7,simulated
simulated,3,basic,yes,253.18671922927754,7,simulated
simulated,3,basic,yes,253.2067883780077,7,simulated
simulated,3,basic,yes,253.21481682911573,7,simulated
simulated,3,basic,yes,253.22747059031963,7,simulated
simulated,3,basic,yes,253.2315557325398,7,simulated
simulated,3,basic,yes,253.20207881344504,7,simulated
simulated,3,basic,yes,253.22399052648794,7,simulated
simulated,3,basic,yes,253.19379009379594,7,simulated
simulated,3,basic,yes,253.23911937117708,7,simulated
simulated,3,basic,yes,253.18672213398446,7,simulated
simulated,3,basic,yes,253.24449598565002,7,simulated
simulated,3,basic,yes,253.20584267033087,7,simulated
simulated,3,basic,yes,253.18828698829927,7,simulated
simulated,3,basic,yes,253.23962356172277,7,simulated
simulated,3,basic,yes,253.1654514113906,7,simulated
simulated,3,basic,yes,253.19607480999457,7,simulated
simulated,3,basic,yes,253.21426532251255,7,simulated
simulated,3,basic,yes,253.19249299157408,7,simulated
simulated,3,basic,yes,253.21792886271712,7,simulated
simulated,3,basic,yes,253.27201749465476,7,simulated
simulated,3,basic,yes,253.1855621154533,7,simulated
simulated,3,basic,yes,253.21312248165924,7,simulated
simulated,3,basic,yes,253.24392801436753,7,simulated
simulated,3,basic,yes,253.17656774848047,7,simulated
simulated,3,basic,yes,253.2468959404685,7,simulated
simulated,3,basic,yes,253.20712363977103,7,simulated
simulated,3,basic,yes,253.24601436742887,7,simulated
simulated,3,basic,yes,253.1846918014145,7,simulated
simulated,3,basic,yes,253.22515359297338,7,simulated
simulated,3,basic,yes,253.2630679408362,7,simulated
simulated,3,basic,yes,253.180600618278,7,simulated
simulated,3,basic,yes,253.26460981001262,7,simulated
simulated,3,basic,yes,253.21241334257854,7,simulated
simulated,3,basic,yes,253.26119241725962,7,simulated
simulated,3,basic,yes,253.23696109353295,7,simulated
simulated,3,basic,yes,253.2615913396181,7,simulated
simulated,3,basic,yes,253.2371713069496,7,simulated
simulated,3,basic,yes,253.10362501750532,7,simulated
simulated,3,basic,yes,253.1707814646215,7,simulated
simulated,3,basic,yes,253.2205917696404,7,simulated
simulated,3,basic,yes,253.1891103228765,7,simulated
simulated,3,basic,yes,253.22566868930517,7,simulated
simulated,3,basic,yes,253.2407589868703,7,simulated
simulated,3,basic,yes,253.23609918475566,7,simulated
simulated,3,basic,yes,253.2106958193385,7,simulated
simulated,3,basic,yes,253.18326095854474,7,simulated
simulated,3,basic,yes,253.1733794790261,7,simulated
simulated,3,basic,yes,253.17226481125712,7,simulated
simulated,3,basic,yes,253.2137204043662,7,simulated
simulated,3,basic,yes,253.24097557193352,7,simulated
simulated,3,basic,yes,253.2230131941173,7,simulated
simulated,3,basic,yes,253.26993435347592,7,simulated
simulated,3,basic,yes,253.16926418870693,7,simulated
simulated,3,basic,yes,253.27257593723985,7,simulated
simulated,3,basic,yes,253.241898338775,7,simulated
simulated,3,basic,yes,253.2273688211977,7,simulated
simulated,3,basic,yes,253.16980243137493,7,simulated
simulated,3,basic,yes,253.22868591802813,7,simulated
simulated,3,basic,yes,253.20475963782044,7,simulated
simulated,3,basic,yes,253.27987001689075,7,simulated
simulated,3,basic,yes,253.24205443892606,7,simulated
simulated,3,basic,yes,253.2023569094789,7,simulated
simulated,3,basic,yes,253.1355818679724,7,simulated
simulated,0,sub,no,817.1046468401371,7,simulated
simulated,0,sub,yes,816.949420335732,7,simulated
simulated,0,sub,yes,817.027744373778,7,simulated
simulated,0,sub,yes,816.9735297794194,7,simulated
simulated,0,sub,yes,816.9450135274934,7,simulated
simulated,0,sub,yes,816.9447760680476,7,simulated
simulated,0,sub,no,816.8852807217488,7,simulated
simulated,0,sub,yes,816.9801241606103,7,simulated
simulated,0,sub,yes,817.0064137733616,7,simulated
simulated,0,sub,yes,816.9064213863481,7,simulated
simulated,0,sub,yes,816.9190159229478,7,simulated
simulated,0,sub,yes,817.1013517550983,7,simulated
simulated,0,sub,yes,816.9548167489379,7,simulated
simulated,0,sub,yes,816.9384495084067,7,simulated
simulated,0,sub,yes,817.0867333705579,7,simulated
simulated,0,sub,yes,816.9918894066449,7,simulated
simulated,0,sub,yes,816.7808661718833,7,simulated
simulated,0,sub,yes,817.0087753951462,7,simulated
simulated,0,sub,yes,816.8755525076194,7,simulated
simulated,0,sub,yes,817.0984850531056,7,simulated
simulated,0,sub,yes,817.0921010646935,7,simulated
simulated,0,sub,yes,816.9893568875887,7,simulated
simulated,0,sub,yes,816.9077646720283,7,simulated
simulated,0,sub,yes,816.9860108549191,7,simulated
simulated,0,sub,yes,817.0229042557745,7,simulated
simulated,0,sub,yes,817.1467066348753,7,simulated
simulated,0,sub,yes,817.0080431023315,7,simulated
simulated,0,sub,yes,816.8354348160897,7,simulated
simulated,0,sub,yes,816.9515811764841,7,simulated
simulated,0,sub,yes,816.8830157777448,7,simulated
simulated,0,sub,yes,816.967679909643,7,simulated
simulated,0,sub,yes,816.9183681032259,7,simulated
simulated,0,sub,yes,817.0724762399203,7,simulated
simulated,0,sub,yes,816.98731736952,7,simulated
simulated,0,sub,yes,816.8722878769779,7,simulated
simulated,0,sub,yes,816.918232682097,7,simulated
simulated,0,sub,yes,816.9593935966595,7,simulated
simulated,0,sub,yes,816.9981405788866,7,simulated
simulated,0,sub,yes,816.9435603321594,7,simulated
simulated,0,sub,yes,817.0426525789319,7,simulated
simulated,0,sub,yes,817.0109037549355,7,simulated
simulated,0,sub,yes,817.0639406500917,7,simulated
simulated,0,sub,yes,817.1939181142471,7,simulated
simulated,0,sub,yes,816.9754882468218,7,simulated
simulated,0,sub,yes,817.0025750935787,7,simulated
simulated,0,sub,yes,816.8609897586235,7,simulated
simulated,0,sub,yes,816.9643894197546,7,simulated
simulated,0,sub,yes,817.031312438498,7,simulated
simulated,0,sub,yes,817.0839795010569,7,simulated
simulated,0,sub,yes,816.9708091392517,7,simulated
simulated,1,sub,yes,817.0119350114447,7,simulated
simulated,1,sub,yes,816.7183217909633,7,simulated
simulated,1,sub,yes,816.9331466746579,7,simulated
simulated,1,sub,yes,816.760005022573,7,simulated
simulated,1,sub,no,817.1532710336771,7,simulated
simulated,1,sub,yes,816.919086935212,7,simulated
simulated,1,sub,yes,817.0642762825227,7,simulated
simulated,1,sub,no,816.8615066387829,7,simulated
simulated,1,sub,yes,816.8097130124643,7,simulated
simulated,1,sub,yes,817.0159528630004,7,simulated
simulated,1,sub,yes,817.0500801248022,7,simulated
simulated,1,sub,yes,816.818885178393,7,simulated
simulated,1,sub,yes,816.9556922627456,7,simulated
simulated,1,sub,yes,817.0498537021139,7,simulated
simulated,1,sub,yes,817.0004032879776,7,simulated
simulated,1,sub,yes,816.8891990254375,7,simulated
simulated,1,sub,yes,816.8939094966822,7,simulated
simulated,1,sub,yes,816.9909404079293,7,simulated
simulated,1,sub,yes,817.0366008376204,7,simulated
simulated,1,sub,yes,816.8158518901032,7,simulated
simulated,1,sub,yes,817.0217255997676,7,simulated
simulated,1,sub,yes,816.8731331877118,7,simulated
simulated,1,sub,yes,816.8824831203257,7,simulated
simulated,1,sub,yes,816.9044242702294,7,simulated
simulated,1,sub,yes,817.0353598406385,7,simulated
simulated,1,sub,yes,816.9026129498327,7,simulated
simulated,1,sub,yes,816.9773943968254,7,simulated
simulated,1,sub,yes,816.8595439029395,7,simulated
simulated,1,sub,yes,817.0444596128444,7,simulated
simulated,1,sub,yes,816.9785263445776,7,simulated
simulated,1,sub,yes,816.9492047118243,7,simulated
simulated,1,sub,yes,816.9895363775578,7,simulated
simulated,1,sub,yes,816.8866632085437,7,simulated
simulated,1,sub,yes,817.0221005965409,7,simulated
simulated,1,sub,yes,816.9792193401124,7,simulated
simulated,1,sub,yes,816.873315191256,7,simulated
simulated,1,sub,yes,816.9992036496265,7,simulated
simulated,1,sub,yes,816.9499153240955,7,simulated
simulated,1,sub,yes,817.049395370617,7,simulated
simulated,1,sub,yes,816.988472133989,7,simulated
simulated,1,sub,yes,816.9876732356851,7,simulated
simulated,1,sub,yes,816.9078515031521,7,simulated
simulated,1,sub,yes,816.9757217800601,7,simulated
simulated,1,sub,yes,816.8771520508479,7,simulated
simulated,1,sub,yes,817.0064044093032,7,simulated
simulated,1,sub,yes,816.9611133921478,7,simulated
simulated,1,sub,yes,816.9145517176069,7,simulated
simulated,1,sub,yes,816.8336859737454,7,simulated
simulated,1,sub,yes,816.9820870723357,7,simulated
simulated,1,sub,yes,816.8949603122999,7,simulated
simulated,2,sub,yes,817.0008133786617,7,simulated
simulated,2,sub,yes,817.0240667798372,7,simulated
simulated,2,sub,yes,816.9987948541049,7,simulated
simulated,2,sub,yes,816.8915552565102,7,simulated
simulated,2,sub,yes,816.9855395055678,7,simulated
simulated,2,sub,yes,817.0140277613085,7,simulated
simulated,2,sub,yes,817.0753525523613,7,simulated
simulated,2,sub,yes,816.8945212359982,7,simulated
simulated,2,sub,yes,817.1063168161759,7,simulated
simulated,2,sub,yes,816.898672934372,7,simulated
simulated,2,sub,yes,816.9903607594864,7,simulated
simulated,2,sub,yes,816.9892860786557,7,simulated
simulated,2,sub,yes,817.035172858731,7,simulated
simulated,2,sub,yes,816.8506687703018,7,simulated
simulated,2,sub,yes,817.0669578937702,7,simulated
simulated,2,sub,yes,816.9399521571886,7,simulated
simulated,2,sub,yes,816.9658275992551,7,simulated
simulated,2,sub,yes,817.090841879215,7,simulated
simulated,2,sub,yes,816.9304185745982,7,simulated
simulated,2,sub,yes,816.9063172455064,7,simulated
simulated,2,sub,yes,816.9871514530121,7,simulated
simulated,2,sub,yes,816.9228059647025,7,simulated
simulated,2,sub,yes,817.0471887597075,7,simulated
simulated,2,sub,yes,816.8903273512391,7,simulated
simulated,2,sub,yes,816.9504488939722,7,simulated
simulated,2,sub,yes,817.1060809186424,7,simulated
simulated,2,sub,yes,816.8370546231608,7,simulated
simulated,2,sub,yes,817.0988430651465,7,simulated
simulated,2,sub,yes,816.8510864889382,7,simulated
simulated,2,sub,yes,816.9357338351462,7,simulated
simulated,2,sub,yes,817.0585481378538,7,simulated
simulated,2,sub,yes,816.8122559130676,7,simulated
simulated,2,sub,yes,817.0935755331462,7,simulated
simulated,2,sub,yes,816.8861292346863,7,simulated
simulated,2,sub,yes,817.0450509176105,7,simulated
simulated,2,sub,yes,816.8566375879237,7,simulated
simulated,2,sub,no,817.0123863233994,7,simulated
simulated,2,sub,yes,817.0324592134922,7,simulated
simulated,2,sub,yes,817.0182408120677,7,simulated
simulated,2,sub,yes,816.8228907910393,7,simulated
simulated,2,sub,yes,816.923822438546,7,simulated
simulated,2,sub,yes,816.8497176134275,7,simulated
simulated,2,sub,yes,817.0185611298297,7,simulated
simulated,2,sub,yes,817.0951093355287,7,simulated
simulated,2,sub,yes,816.9884200312242,7,simulated
simulated,2,sub,yes,816.7165618605499,7,simulated
simulated,2,sub,yes,816.9010016431782,7,simulated
simulated,2,sub,yes,817.0081238481384,7,simulated
simulated,2,sub,yes,816.9220778609663,7,simulated
simulated,2,sub,yes,817.0579847108729,7,simulated
simulated,3,sub,yes,816.978960383651,7,simulated
simulated,3,sub,yes,817.0008911733921,7,simulated
simulated,3,sub,yes,816.8556069227786,7,simulated
simulated,3,sub,yes,816.9513853406771,7,simulated
simulated,3,sub,yes,817.1681569450877,7,simulated
simulated,3,sub,yes,817.0508898541733,7,simulated
simulated,3,sub,yes,817.1965751181788,7,simulated
simulated,3,sub,yes,816.9846468798644,7,simulated
simulated,3,sub,yes,816.9400020621965,7,simulated
simulated,3,sub,yes,817.0598438335531,7,simulated
simulated,3,sub,yes,817.1635233431168,7,simulated
simulated,3,sub,yes,817.0250535319748,7,simulated
simulated,3,sub,yes,816.9869693951937,7,simulated
simulated,3,sub,yes,816.9139735862117,7,simulated
simulated,3,sub,yes,816.8534708754613,7,simulated
simulated,3,sub,yes,817.1356939412206,7,simulated
simulated,3,sub,yes,816.9854490673098,7,simulated
simulated,3,sub,yes,816.8830664260145,7,simulated
simulated,3,sub,yes,816.8974656970023,7,simulated
simulated,3,sub,yes,817.0247786525731,7,simulated
simulated,3,sub,yes,816.960642305304,7,simulated
simulated,3,sub,yes,816.90186815377,7,simulated
simulated,3,sub,yes,817.0485293111738,7,simulated
simulated,3,sub,yes,817.167267797348,7,simulated
simulated,3,sub,yes,816.8574005179406,7,simulated
simulated,3,sub,yes,817.1427481406596,7,simulated
simulated,3,sub,yes,816.9774450527236,7,simulated
simulated,3,sub,yes,817.2009802257893,7,simulated
simulated,3,sub,yes,816.8994838135976,7,simulated
simulated,3,sub,yes,816.9415597361764,7,simulated
simulated,3,sub,yes,817.0802374125442,7,simulated
simulated,3,sub,yes,816.9385973799655,7,simulated
simulated,3,sub,yes,817.0577101572027,7,simulated
simulated,3,sub,yes,817.0651951831644,7,simulated
simulated,3,sub,yes,817.312034129833,7,simulated
simulated,3,sub,yes,816.882827571457,7,simulated
simulated,3,sub,yes,817.1713704601157,7,simulated
simulated,3,sub,yes,816.9878703245357,7,simulated
simulated,3,sub,yes,816.9952020296439,7,simulated
simulated,3,sub,yes,816.982575520477,7,simulated
simulated,3,sub,yes,817.1672241772661,7,simulated
simulated,3,sub,yes,817.0343011324364,7,simulated
simulated,3,sub,yes,817.0373184835179,7,simulated
simulated,3,sub,yes,816.9135604315633,7,simulated
simulated,3,sub,yes,816.9968509023486,7,simulated
simulated,3,sub,yes,816.8681417627623,7,simulated
simulated,3,sub,yes,816.9215423182175,7,simulated
simulated,3,sub,yes,816.9074067971126,7,simulated
simulated,3,sub,yes,816.9453012915367,7,simulated
simulated,3,sub,yes,817.0115909815988,7,simulated
simulated,4,sub,yes,816.929370624513,7,simulated
simulated,4,sub,yes,816.9342665488043,7,simulated
simulated,4,sub,yes,816.8997293761406,7,simulated
simulated,4,sub,yes,816.8892488011583,7,simulated
simulated,4,sub,yes,816.8506730587275,7,simulated
simulated,4,sub,yes,816.801944043994,7,simulated
simulated,4,sub,yes,816.815118184157,7,simulated
simulated,4,sub,yes,816.9950116534912,7,simulated
simulated,4,sub,yes,816.8490679620708,7,simulated
simulated,4,sub,yes,816.9584687711226,7,simulated
simulated,4,sub,yes,816.993326385716,7,simulated
simulated,4,sub,yes,816.9306357818049,7,simulated
simulated,4,sub,yes,816.9714739433583,7,simulated
simulated,4,sub,yes,816.970304584508,7,simulated
simulated,4,sub,yes,816.8626394161673,7,simulated
simulated,4,sub,yes,816.7860335876927,7,simulated
simulated,4,sub,yes,816.8582060735511,7,simulated
simulated,4,sub,yes,817.0351951554643,7,simulated
simulated,4,sub,yes,816.9356864197973,7,simulated
simulated,4,sub,yes,816.7350427838952,7,simulated
simulated,4,sub,yes,816.9330484354074,7,simulated
simulated,4,sub,yes,816.9733137899285,7,simulated
simulated,4,sub,yes,816.9938344685775,7,simulated
simulated,4,sub,yes,816.9710068498696,7,simulated
simulated,4,sub,yes,817.0554436658606,7,simulated
simulated,4,sub,yes,817.0225807305922,7,simulated
simulated,4,sub,yes,817.1003632395731,7,simulated
simulated,4,sub,yes,816.8708566874196,7,simulated
simulated,4,sub,yes,816.9703533144555,7,simulated
simulated,4,sub,yes,816.9951178525313,7,simulated
simulated,4,sub,yes,816.9837826205168,7,simulated
simulated,4,sub,yes,817.017043657066,7,simulated
simulated,4,sub,yes,816.8885407128049,7,simulated
simulated,4,sub,yes,816.9425494948637,7,simulated
simulated,4,sub,yes,817.1319993351359,7,simulated
simulated,4,sub,no,817.0936643818242,7,simulated
simulated,4,sub,yes,816.8701237852313,7,simulated
simulated,4,sub,yes,817.0256600891008,7,simulated
simulated,4,sub,yes,816.9541945858122,7,simulated
simulated,4,sub,yes,817.0540989157712,7,simulated
simulated,4,sub,yes,817.1828330257636,7,simulated
simulated,4,sub,yes,817.2377906223486,7,simulated
simulated,4,sub,yes,816.9775414533276,7,simulated
simulated,4,sub,yes,816.9593388163926,7,simulated
simulated,4,sub,yes,816.9739478104754,7,simulated
simulated,4,sub,yes,817.0566732824838,7,simulated
simulated,4,sub,yes,817.0105579828561,7,simulated
simulated,4,sub,yes,816.9865346373074,7,simulated
simulated,4,sub,yes,816.8935168457193,7,simulated
simulated,4,sub,yes,817.1036637843229,7,simulated
simulated,5,sub,yes,816.8925492557794,7,simulated
simulated,5,sub,yes,816.9989860566704,7,simulated
simulated,5,sub,yes,816.9264303545897,7,simulated
simulated,5,sub,yes,816.8886749978698,7,simulated
simulated,5,sub,yes,816.8830611639314,7,simulated
simulated,5,sub,yes,816.9315771579088,7,simulated
simulated,5,sub,yes,817.0301457565201,7,simulated
simulated,5,sub,yes,816.9509917700423,7,simulated
simulated,5,sub,yes,816.8266653718251,7,simulated
simulated,5,sub,yes,816.9836521002318,7,simulated
simulated,5,sub,yes,816.9603343773387,7,simulated
simulated,5,sub,yes,816.9248556211438,7,simulated
simulated,5,sub,no,816.8851929887032,7,simulated
simulated,5,sub,yes,817.1618734271896,7,simulated
simulated,5,sub,yes,816.9271523178819,7,simulated
simulated,5,sub,yes,817.046024529451,7,simulated
simulated,5,sub,yes,816.8674536854892,7,simulated
simulated,5,sub,yes,816.9490537726945,7,simulated
simulated,5,sub,yes,816.942141430894,7,simulated
simulated,5,sub,yes,816.9163339018917,7,simulated
simulated,5,sub,yes,816.8580340947185,7,simulated
simulated,5,sub,yes,817.1743426078252,7,simulated
simulated,5,sub,yes,816.8478559655321,7,simulated
simulated,5,sub,yes,816.958582416865,7,simulated
simulated,5,sub,yes,817.0564082541053,7,simulated
simulated,5,sub,yes,817.2024554985431,7,simulated
simulated,5,sub,yes,816.8392270535915,7,simulated
simulated,5,sub,yes,817.0864079218028,7,simulated
simulated,5,sub,yes,817.1452959465081,7,simulated
simulated,5,sub,yes,817.1009609960694,7,simulated
simulated,5,sub,yes,817.0753285954687,7,simulated
simulated,5,sub,yes,817.0251736774524,7,simulated
simulated,5,sub,no,817.1244450647699,7,simulated
simulated,5,sub,yes,816.9477526945745,7,simulated
simulated,5,sub,yes,816.9641125061596,7,simulated
simulated,5,sub,yes,817.069479767722,7,simulated
simulated,5,sub,yes,816.966046872571,7,simulated
simulated,5,sub,yes,816.9809895093655,7,simulated
simulated,5,sub,yes,817.1022178216613,7,simulated
simulated,5,sub,yes,816.7234974168313,7,simulated
simulated,5,sub,yes,816.976968302531,7,simulated
simulated,5,sub,yes,817.2534381372767,7,simulated
simulated,5,sub,yes,817.1202376725405,7,simulated
simulated,5,sub,yes,816.9014681752157,7,simulated
simulated,5,sub,yes,817.0203994660267,7,simulated
simulated,5,sub,yes,817.0987794734531,7,simulated
simulated,5,sub,yes,816.9922154169758,7,simulated
simulated,5,sub,yes,816.9009337149687,7,simulated
simulated,5,sub,yes,816.9988162093615,7,simulated
simulated,5,sub,yes,816.9113722292857,7,simulated
simulated,6,sub,yes,817.0571026403417,7,simulated
simulated,6,sub,yes,817.0850723088062,7,simulated
simulated,6,sub,yes,816.9967657593693,7,simulated
simulated,6,sub,yes,816.8104602672814,7,simulated
simulated,6,sub,yes,817.0806367063411,7,simulated
simulated,6,sub,yes,817.0568199362816,7,simulated
simulated,6,sub,yes,817.06246136034,7,simulated
simulated,6,sub,yes,816.9248344998974,7,simulated
simulated,6,sub,yes,817.0344663871825,7,simulated
simulated,6,sub,yes,816.9515964693556,7,simulated
simulated,6,sub,yes,816.8893261267145,7,simulated
simulated,6,sub,yes,817.072866367219,7,simulated
simulated,6,sub,yes,816.9561386591266,7,simulated
simulated,6,sub,yes,817.0367971202822,7,simulated
simulated,6,sub,yes,816.8489859138124,7,simulated
simulated,6,sub,yes,816.9276520538227,7,simulated
simulated,6,sub,yes,816.9553274074984,7,simulated
simulated,6,sub,yes,816.9954862113497,7,simulated
simulated,6,sub,no,816.9503197785781,7,simulated
simulated,6,sub,yes,817.039771800041,7,simulated
simulated,6,sub,yes,816.8308094759633,7,simulated
simulated,6,sub,yes,816.9868649023975,7,simulated
simulated,6,sub,yes,816.9596367130143,7,simulated
simulated,6,sub,yes,816.8478544368995,7,simulated
simulated,6,sub,yes,816.9617207456738,7,simulated
simulated,6,sub,yes,816.8060117247743,7,simulated
simulated,6,sub,yes,816.7152817937596,7,simulated
simulated,6,sub,yes,817.064208480414,7,simulated
simulated,6,sub,yes,817.0783826624136,7,simulated
simulated,6,sub,yes,816.9175611341489,7,simulated
simulated,6,sub,yes,816.8131636397015,7,simulated
simulated,6,sub,yes,816.9411750962158,7,simulated
simulated,6,sub,yes,816.9663761888796,7,simulated
simulated,6,sub,yes,817.0251292903156,7,simulated
simulated,6,sub,yes,817.043064709794,7,simulated
simulated,6,sub,yes,816.9605149462286,7,simulated
simulated,6,sub,yes,817.1991387525198,7,simulated
simulated,6,sub,yes,817.0627110499152,7,simulated
simulated,6,sub,yes,816.973518416334,7,simulated
simulated,6,sub,yes,816.9273271199071,7,simulated
simulated,6,sub,yes,817.1405158725155,7,simulated
simulated,6,sub,yes,816.9957025070081,7,simulated
simulated,6,sub,yes,816.9420022108633,7,simulated
simulated,6,sub,yes,817.0653193853744,7,simulated
simulated,6,sub,yes,816.9730672948651,7,simulated
simulated,6,sub,yes,817.0609795786006,7,simulated
simulated,6,sub,yes,816.9911876868152,7,simulated
simulated,6,sub,yes,817.0408071116016,7,simulated
simulated,6,sub,yes,817.1176931951987,7,simulated
simulated,6,sub,yes,816.9837933057165,7,simulated
simulated,7,sub,yes,816.8316097359234,7,simulated
simulated,7,sub,yes,816.9259082421316,7,simulated
simulated,7,sub,yes,816.9131497093574,7,simulated
simulated,7,sub,yes,816.9575135883475,7,simulated
simulated,7,sub,yes,816.8901240578562,7,simulated
simulated,7,sub,yes,816.9090838550613,7,simulated
simulated,7,sub,yes,817.1211910165085,7,simulated
simulated,7,sub,yes,816.8294355470617,7,simulated
simulated,7,sub,yes,816.9766589969954,7,simulated
simulated,7,sub,yes,817.097181739756,7,simulated
simulated,7,sub,yes,816.939039327907,7,simulated
simulated,7,sub,yes,817.0150008322889,7,simulated
simulated,7,sub,yes,817.0025706986066,7,simulated
simulated,7,sub,yes,817.1174919037082,7,simulated
simulated,7,sub,yes,816.8699444977303,7,simulated
simulated,7,sub,yes,817.0238602660248,7,simulated
simulated,7,sub,yes,817.0745700848335,7,simulated
simulated,7,sub,yes,816.836524540426,7,simulated
simulated,7,sub,yes,817.0218575058142,7,simulated
simulated,7,sub,yes,817.0062185031632,7,simulated
simulated,7,sub,yes,817.0704434035543,7,simulated
simulated,7,sub,yes,816.8751482152837,7,simulated
simulated,7,sub,yes,816.9943136028248,7,simulated
simulated,7,sub,yes,817.0318571483621,7,simulated
simulated,7,sub,yes,816.9962199899638,7,simulated
simulated,7,sub,yes,816.8725069422294,7,simulated
simulated,7,sub,yes,816.8277921072051,7,simulated
simulated,7,sub,yes,816.8436080173369,7,simulated
simulated,7,sub,yes,816.9143390461215,7,simulated
simulated,7,sub,yes,817.0012797679075,7,simulated
simulated,7,sub,yes,817.1110382509381,7,simulated
simulated,7,sub,yes,816.977087353036,7,simulated
simulated,7,sub,yes,816.9900906488168,7,simulated
simulated,7,sub,yes,816.9087559164955,7,simulated
simulated,7,sub,yes,816.9830382045989,7,simulated
simulated,7,sub,yes,816.8556976196162,7,simulated
simulated,7,sub,yes,816.9757955719895,7,simulated
simulated,7,sub,yes,816.9323688678884,7,simulated
simulated,7,sub,yes,817.0118219917266,7,simulated
simulated,7,sub,no,816.9286347123699,7,simulated
simulated,7,sub,yes,817.0720045700082,7,simulated
simulated,7,sub,yes,817.1463947630402,7,simulated
simulated,7,sub,yes,816.953072323352,7,simulated
simulated,7,sub,yes,816.9673840426884,7,simulated
simulated,7,sub,yes,817.1443636388485,7,simulated
simulated,7,sub,yes,816.8950292099175,7,simulated
simulated,7,sub,yes,816.9714625166913,7,simulated
simulated,7,sub,yes,816.9904306260705,7,simulated
simulated,7,sub,yes,817.0126228579275,7,simulated
simulated,7,sub,yes,816.9716140281963,7,simulated
simulated,0,super,yes,85.62412229932612,8,simulated
simulated,0,super,yes,85.64057840352969,8,simulated
simulated,0,super,yes,85.70997249908926,8,simulated
simulated,0,super,yes,85.64702012764799,8,simulated
simulated,0,super,yes,85.6204730974305,8,simulated
simulated,0,super,yes,85.654697153451,8,simulated
simulated,0,super,yes,85.69183021680357,8,simulated
simulated,0,super,yes,85.7011347957675,8,simulated
simulated,0,super,yes,85.59721355902204,8,simulated
simulated,0,super,yes,85.6529914484275,8,simulated
simulated,0,super,yes,85.69128119527277,8,simulated
simulated,0,super,yes,85.72318896796227,8,simulated
simulated,0,super,yes,85.68462006308421,8,simulated
simulated,0,super,yes,85.70698400011022,8,simulated
simulated,0,super,yes,85.67314624621075,8,simulated
simulated,0,super,yes,85.6220937126471,8,simulated
simulated,0,super,yes,85.66475732115057,8,simulated
simulated,0,super,yes,85.63408593698668,8,simulated
simulated,0,super,yes,85.69189080922385,8,simulated
simulated,0,super,yes,85.67627120834945,8,simulated
simulated,0,super,yes,85.64504206499325,8,simulated
simulated,0,super,yes,85.71987066374635,8,simulated
simulated,0,super,yes,85.6042390047198,8,simulated
simulated,0,super,yes,85.69260798656579,8,simulated
simulated,0,super,yes,85.6371425656729,8,simulated
simulated,0,super,yes,85.59300746113952,8,simulated
simulated,0,super,yes,85.67074661036449,8,simulated
simulated,0,super,yes,85.66194914182371,8,simulated
simulated,0,super,yes,85.65651100429042,8,simulated
simulated,0,super,yes,85.70833570589558,8,simulated
simulated,0,super,yes,85.61143540324377,8,simulated
simulated,0,super,yes,85.71108839254256,8,simulated
simulated,0,super,yes,85.6724311392892,8,simulated
simulated,0,super,yes,85.63088352492396,8,simulated
simulated,0,super,yes,85.6719569130163,8,simulated
simulated,0,super,yes,85.63410273450756,8,simulated
simulated,0,super,yes,85.67804907630156,8,simulated
simulated,0,super,yes,85.7131781707339,8,simulated
simulated,0,super,yes,85.65866682049605,8,simulated
simulated,0,super,yes,85.6093242840644,8,simulated
simulated,0,super,yes,85.61768485722214,8,simulated
simulated,0,super,yes,85.67455841370187,8,simulated
simulated,0,super,yes,85.64424404483883,8,simulated
simulated,0,super,yes,85.72008131033832,8,simulated
simulated,0,super,yes,85.63268496948996,8,simulated
simulated,0,super,yes,85.65926240262876,8,simulated
simulated,0,super,yes,85.68884614760823,8,simulated
simulated,0,super,yes,85.67715238138972,8,simulated
simulated,0,super,yes,85.67339270230013,8,simulated
simulated,0,super,yes,85.59891316716825,8,simulated
simulated,0,super,yes,85.61835297841297,8,simulated
simulated,0,super,yes,85.60492420004361,8,simulated
simulated,0,super,yes,85.68165839971606,8,simulated
simulated,0,super,yes,85.73373812047429,8,simulated
simulated,0,super,yes,85.64671375033016,8,simulated
simulated,0,super,yes,85.62634404621915,8,simulated
simulated,0,super,yes,85.68339357347477,8,simulated
simulated,0,super,yes,85.6614194155587,8,simulated
simulated,0,super,yes,85.67486182052527,8,simulated
simulated,0,super,yes,85.61031540078153,8,simulated
simulated,0,super,yes,85.66671609574303,8,simulated
simulated,0,super,yes,85.66797931273526,8,simulated
simulated,0,super,yes,85.70474586333762,8,simulated
simulated,0,super,yes,85.64763197902909,8,simulated
simulated,0,super,yes,85.62578498476661,8,simulated
simulated,0,super,yes,85.6634836514823,8,simulated
simulated,0,super,yes,85.72271019335548,8,simulated
simulated,0,super,yes,85.68919034439108,8,simulated
simulated,0,super,yes,85.63104058140985,8,simulated
simulated,0,super,yes,85.66854926817241,8,simulated
simulated,0,super,yes,85.64763046561494,8,simulated
simulated,0,super,yes,85.66013519731065,8,simulated
simulated,0,super,yes,85.69852366260733,8,simulated
simulated,0,super,yes,85.7229172558019,8,simulated
simulated,0,super,yes,85.6443316723859,8,simulated
simulated,0,super,yes,85.65810567482498,8,simulated
simulated,0,super,yes,85.69764593383262,8,simulated
simulated,0,super,yes,85.66843651966339,8,simulated
simulated,0,super,yes,85.76744879768523,8,simulated
simulated,0,super,yes,85.66987669679287,8,simulated
simulated,0,super,yes,85.65153158289371,8,simulated
simulated,0,super,yes,85.67572903127642,8,simulated
simulated,0,super,yes,85.63976856409379,8,simulated
simulated,0,super,yes,85.57144521055794,8,simulated
simulated,0,super,yes,85.71473344165287,8,simulated
simulated,0,super,yes,85.68718191423122,8,simulated
simulated,0,super,yes,85.71678740992428,8,simulated
simulated,0,super,yes,85.6495980806034,8,simulated
simulated,0,super,yes,85.70320501808645,8,simulated
simulated,0,super,yes,85.674201899664,8,simulated
simulated,0,super,yes,85.6880902369006,8,simulated
simulated,0,super,yes,85.67947677708894,8,simulated
simulated,0,super,yes,85.73365943280324,8,simulated
simulated,0,super,yes,85.65528824816684,8,simulated
simulated,0,super,yes,85.73398494397489,8,simulated
simulated,0,super,yes,85.63415077228481,8,simulated
simulated,0,super,yes,85.77127907643826,8,simulated
simulated,0,super,yes,85.70672365214186,8,simulated
simulated,0,super,yes,85.6246940597451,8,simulated
simulated,0,super,yes,85.57109389140435,8,simulated
simulated,0,super,yes,85.64746823293258,8,simulated
simulated,0,super,yes,85.74079929546264,8,simulated
simulated,0,super,yes,85.65032166610754,8,simulated
simulated,0,super,yes,85.60192957319819,8,simulated
simulated,0,super,yes,85.71907438893172,8,simulated
simulated,0,super,yes,85.6741265955984,8,simulated
simulated,0,super,yes,85.69196077023572,8,simulated
simulated,0,super,yes,85.60991235911165,8,simulated
simulated,0,super,yes,85.69786943578829,8,simulated
simulated,0,super,yes,85.69173182778292,8,simulated
simulated,0,super,yes,85.63385759312368,8,simulated
simulated,0,super,yes,85.72662428291731,8,simulated
simulated,0,super,yes,85.5979823420499,8,simulated
simulated,0,super,yes,85.6790733890956,8,simulated
simulated,0,super,yes,85.63721150930536,8,simulated
simulated,0,super,yes,85.58826546410853,8,simulated
simulated,0,super,yes,85.5971137423704,8,simulated
simulated,0,super,yes,85.6856211536329,8,simulated
simulated,0,super,yes,85.72316511016588,8,simulated
simulated,0,super,yes,85.69534542517334,8,simulated
simulated,0,super,yes,85.68295803803744,8,simulated
simulated,0,super,yes,85.65473004951478,8,simulated
simulated,0,super,yes,85.67347191800667,8,simulated
simulated,0,super,yes,85.66725474216702,8,simulated
simulated,0,super,yes,85.57988468841617,8,simulated
simulated,0,super,yes,85.62797759226267,8,simulated
simulated,0,super,yes,85.62681378143283,8,simulated
simulated,0,super,yes,85.60516606498612,8,simulated
simulated,0,super,yes,85.65762278206087,8,simulated
simulated,0,super,yes,85.61688342576734,8,simulated
simulated,0,super,yes,85.682129115841,8,simulated
simulated,0,super,yes,85.68581818995769,8,simulated
simulated,0,super,yes,85.61471974568052,8,simulated
simulated,0,super,yes,85.64815441089068,8,simulated
simulated,0,super,yes,85.64085817487612,8,simulated
simulated,0,super,yes,85.58047484302074,8,simulated
simulated,0,super,yes,85.67544105507315,8,simulated
simulated,0,super,yes,85.67857037792339,8,simulated
simulated,0,super,yes,85.6245441956624,8,simulated
simulated,0,super,yes,85.6305817196186,8,simulated
simulated,0,super,yes,85.68460394086073,8,simulated
simulated,0,super,yes,85.61581830089625,8,simulated
simulated,0,super,yes,85.66876818820398,8,simulated
simulated,0,super,yes,85.64105690440424,8,simulated
simulated,0,super,yes,85.64016670565937,8,simulated
simulated,0,super,yes,85.64260638570353,8,simulated
simulated,0,super,yes,85.58424211746545,8,simulated
simulated,0,super,yes,85.63094834489532,8,simulated
simulated,0,super,yes,85.64973884501205,8,simulated
simulated,0,super,yes,85.6618766960075,8,simulated
simulated,0,super,yes,85.68795960180223,8,simulated
simulated,0,super,yes,85.62445968526268,8,simulated
simulated,0,super,yes,85.73160942821649,8,simulated
simulated,0,super,yes,85.63740988545271,8,simulated
simulated,0,super,yes,85.74633602747824,8,simulated
simulated,0,super,yes,85.62671178005206,8,simulated
simulated,0,super,yes,85.69335061132185,8,simulated
simulated,0,super,yes,85.62521175886044,8,simulated
simulated,0,super,yes,85.61288886171408,8,simulated
simulated,0,super,yes,85.66505066751857,8,simulated
simulated,0,super,yes,85.63825128888908,8,simulated
simulated,0,super,yes,85.6913288016743,8,simulated
simulated,0,super,yes,85.64855535286942,8,simulated
simulated,0,super,yes,85.63193128322021,8,simulated
simulated,0,super,yes,85.65821922573093,8,simulated
simulated,0,super,yes,85.63577992846747,8,simulated
simulated,0,super,yes,85.60728249048498,8,simulated
simulated,0,super,yes,85.65400653389986,8,simulated
simulated,0,super,yes,85.71786725985484,8,simulated
simulated,0,super,yes,85.69543968632692,8,simulated
simulated,0,super,yes,85.71571994318195,8,simulated
simulated,0,super,yes,85.63703193052987,8,simulated
simulated,0,super,yes,85.66846616018405,8,simulated
simulated,0,super,yes,85.58222263818256,8,simulated
simulated,0,super,yes,85.60792466758043,8,simulated
simulated,0,super,yes,85.71340383764624,8,simulated
simulated,0,super,yes,85.68357707410077,8,simulated
simulated,0,super,yes,85.62198023694182,8,simulated
simulated,0,super,yes,85.6250709266598,8,simulated
simulated,0,super,yes,85.66349197922547,8,simulated
simulated,0,super,yes,85.67175169170707,8,simulated
simulated,0,super,yes,85.69136633762888,8,simulated
simulated,0,super,yes,85.67583242544708,8,simulated
simulated,0,super,yes,85.66048372751168,8,simulated
simulated,0,super,yes,85.62101945606656,8,simulated
simulated,0,super,yes,85.7049950366937,8,simulated
simulated,0,super,yes,85.59469269171001,8,simulated
simulated,0,super,yes,85.69606081092783,8,simulated
simulated,0,super,yes,85.67101707633964,8,simulated
simulated,0,super,yes,85.69190720694304,8,simulated
simulated,0,super,yes,85.64530274568205,8,simulated
simulated,0,super,yes,85.6139250702871,8,simulated
simulated,0,super,yes,85.6009873151836,8,simulated
simulated,0,super,yes,85.60919869498326,8,simulated
simulated,0,super,yes,85.64496716965768,8,simulated
simulated,0,super,yes,85.66491420060203,8,simulated
simulated,0,super,yes,85.75740498448823,8,simulated
simulated,0,super,yes,85.63149254494027,8,simulated
simulated,0,super,yes,85.66860547057456,8,simulated
simulated,0,super,yes,85.63437950300926,8,simulated
simulated,1,super,yes,85.67232686461334,8,simulated
simulated,1,super,yes,85.66379562282236,8,simulated
simulated,1,super,yes,85.67088656106101,8,simulated
simulated,1,super,yes,85.62360396848882,8,simulated
simulated,1,super,yes,85.63963290888967,8,simulated
simulated,1,super,yes,85.66282140254161,8,simulated
simulated,1,super,yes,85.62271020686669,8,simulated
simulated,1,super,yes,85.64661054772114,8,simulated
simulated,1,super,yes,85.6760617165068,8,simulated
simulated,1,super,yes,85.65420228345273,8,simulated
simulated,1,super,yes,85.65434739264663,8,simulated
simulated,1,super,yes,85.64996729436503,8,simulated
simulated,1,super,yes,85.71059169986334,8,simulated
simulated,1,super,yes,85.63274113463764,8,simulated
simulated,1,super,yes,85.68291716261105,8,simulated
simulated,1,super,yes,85.62459181704294,8,simulated
simulated,1,super,yes,85.6479178902572,8,simulated
simulated,1,super,yes,85.60053763408195,8,simulated
simulated,1,super,yes,85.69965110693333,8,simulated
simulated,1,super,yes,85.70433845094725,8,simulated
simulated,1,super,yes,85.63983905473492,8,simulated
simulated,1,super,yes,85.76353038772172,8,simulated
simulated,1,super,yes,85.62022698279772,8,simulated
simulated,1,super,yes,85.6672559976886,8,simulated
simulated,1,super,yes,85.6982573812459,8,simulated
simulated,1,super,yes,85.61803798962463,8,simulated
simulated,1,super,yes,85.65482942615787,8,simulated
simulated,1,super,yes,85.6477422275822,8,simulated
simulated,1,super,yes,85.66949825469905,8,simulated
simulated,1,super,yes,85.67255977268817,8,simulated
simulated,1,super,yes,85.6685939896262,8,simulated
simulated,1,super,yes,85.64445756440156,8,simulated
simulated,1,super,yes,85.70756876246574,8,simulated
simulated,1,super,yes,85.65387809897089,8,simulated
simulated,1,super,yes,85.72216767997973,8,simulated
simulated,1,super,yes,85.6399826472774,8,simulated
simulated,1,super,yes,85.69210527308395,8,simulated
simulated,1,super,yes,85.69408668390511,8,simulated
simulated,1,super,yes,85.62803740450661,8,simulated
simulated,1,super,yes,85.68523846155315,8,simulated
simulated,1,super,yes,85.63915764656205,8,simulated
simulated,1,super,yes,85.63436548398128,8,simulated
simulated,1,super,yes,85.63546488049526,8,simulated
simulated,1,super,yes,85.70999297215842,8,simulated
simulated,1,super,yes,85.70869322695414,8,simulated
simulated,1,super,yes,85.65367032596573,8,simulated
simulated,1,super,yes,85.66554721867831,8,simulated
simulated,1,super,yes,85.60656885174951,8,simulated
simulated,1,super,yes,85.64601795497897,8,simulated
simulated,1,super,yes,85.70953096206588,8,simulated
simulated,1,super,yes,85.56996858781973,8,simulated
simulated,1,super,yes,85.70822439035801,8,simulated
simulated,1,super,yes,85.6265496467699,8,simulated
simulated,1,super,yes,85.70893630486879,8,simulated
simulated,1,super,yes,85.67471474895542,8,simulated
simulated,1,super,yes,85.71169413018836,8,simulated
simulated,1,super,yes,85.6420252322547,8,simulated
simulated,1,super,yes,85.68929563364112,8,simulated
simulated,1,super,yes,85.69522034341716,8,simulated
simulated,1,super,yes,85.72103525485068,8,simulated
simulated,1,super,yes,85.67558954045792,8,simulated
simulated,1,super,yes,85.70878631954167,8,simulated
simulated,1,super,yes,85.65072840257098,8,simulated
simulated,1,super,yes,85.7438654506561,8,simulated
simulated,1,super,yes,85.6414051481084,8,simulated
simulated,1,super,yes,85.63407369734112,8,simulated
simulated,1,super,yes,85.58237821502267,8,simulated
simulated,1,super,yes,85.6583849661537,8,simulated
simulated,1,super,yes,85.6455498891832,8,simulated
simulated,1,super,yes,85.75020131371039,8,simulated
simulated,1,super,yes,85.62822303147777,8,simulated
simulated,1,super,yes,85.71425957419507,8,simulated
simulated,1,super,yes,85.69763461038114,8,simulated
simulated,1,super,yes,85.66102471362426,8,simulated
simulated,1,super,yes,85.66983491550621,8,simulated
simulated,1,super,yes,85.65196588813389,8,simulated
simulated,1,super,yes,85.74355765959218,8,simulated
simulated,1,super,yes,85.64606623167755,8,simulated
simulated,1,super,yes,85.67152070646782,8,simulated
simulated,1,super,yes,85.75518084050728,8,simulated
simulated,1,super,yes,85.7093229068097,8,simulated
simulated,1,super,yes,85.66222382682334,8,simulated
simulated,1,super,yes,85.65658740770269,8,simulated
simulated,1,super,yes,85.68487037619413,8,simulated
simulated,1,super,yes,85.66722080299344,8,simulated
simulated,1,super,yes,85.69000509612944,8,simulated
simulated,1,super,yes,85.69281126208607,8,simulated
simulated,1,super,yes,85.66511622194916,8,simulated
simulated,1,super,yes,85.6908210716532,8,simulated
simulated,1,super,yes,85.70653322792671,8,simulated
simulated,1,super,yes,85.65394711511492,8,simulated
simulated,1,super,yes,85.72822776125604,8,simulated
simulated,1,super,yes,85.68659146228194,8,simulated
simulated,1,super,yes,85.66044744161321,8,simulated
simulated,1,super,yes,85.72121892043539,8,simulated
simulated,1,super,yes,85.62040408832148,8,simulated
simulated,1,super,yes,85.65628223071414,8,simulated
simulated,1,super,yes,85.67901871951773,8,simulated
simulated,1,super,yes,85.65244537053822,8,simulated
simulated,1,super,yes,85.65045966132827,8,simulated
simulated,1,super,yes,85.65689060265716,8,simulated
simulated,1,super,yes,85.64730949565127,8,simulated
simulated,1,super,yes,85.64991529756998,8,simulated
simulated,1,super,yes,85.60569618002019,8,simulated
simulated,1,super,yes,85.564624403326,8,simulated
simulated,1,super,yes,85.64250740520787,8,simulated
simulated,1,super,yes,85.68304360129754,8,simulated
simulated,1,super,yes,85.66954623729625,8,simulated
simulated,1,super,yes,85.60760789311895,8,simulated
simulated,1,super,yes,85.58951008953642,8,simulated
simulated,1,super,yes,85.64315080921666,8,simulated
simulated,1,super,yes,85.68492339311787,8,simulated
simulated,1,super,yes,85.67336308476584,8,simulated
simulated,1,super,yes,85.65525782101172,8,simulated
simulated,1,super,yes,85.68461271964226,8,simulated
simulated,1,super,yes,85.64157913400251,8,simulated
simulated,1,super,yes,85.6567213429903,8,simulated
simulated,1,super,yes,85.68183701823997,8,simulated
simulated,1,super,yes,85.65191459992091,8,simulated
simulated,1,super,yes,85.67811586569385,8,simulated
simulated,1,super,yes,85.72528116351411,8,simulated
simulated,1,super,yes,85.66447289334079,8,simulated
simulated,1,super,yes,85.59078625657375,8,simulated
simulated,1,super,yes,85.70211024681437,8,simulated
simulated,1,super,yes,85.62524274930026,8,simulated
simulated,1,super,yes,85.73551438357237,8,simulated
simulated,1,super,yes,85.66196653361094,8,simulated
simulated,1,super,yes,85.62684156862335,8,simulated
simulated,1,super,yes,85.62223589467885,8,simulated
simulated,1,super,yes,85.64555046733929,8,simulated
simulated,1,super,yes,85.71485484491721,8,simulated
simulated,1,super,yes,85.70447015023818,8,simulated
simulated,1,super,yes,85.71519238707229,8,simulated
simulated,1,super,yes,85.6569098742876,8,simulated
simulated,1,super,yes,85.65184825335136,8,simulated
simulated,1,super,yes,85.59888332597048,8,simulated
simulated,1,super,yes,85.72414263702098,8,simulated
simulated,1,super,yes,85.76787473278587,8,simulated
simulated,1,super,yes,85.62600622685757,8,simulated
simulated,1,super,yes,85.61503996206885,8,simulated
simulated,1,super,yes,85.69757942081137,8,simulated
simulated,1,super,yes,85.71910159198572,8,simulated
simulated,1,super,yes,85.64587912711195,8,simulated
simulated,1,super,yes,85.62623226968766,8,simulated
simulated,1,super,yes,85.68201647051761,8,simulated
simulated,1,super,yes,85.67073276894536,8,simulated
simulated,1,super,yes,85.64556727519958,8,simulated
simulated,1,super,yes,85.71780749274404,8,simulated
simulated,1,super,yes,85.65607749142262,8,simulated
simulated,1,super,yes,85.65254141814319,8,simulated
simulated,1,super,yes,85.69437440988418,8,simulated
simulated,1,super,yes,85.68409879934045,8,simulated
simulated,1,super,yes,85.68780841082344,8,simulated
simulated,1,super,yes,85.75217751196526,8,simulated
simulated,1,super,yes,85.74783377270609,8,simulated
simulated,1,super,yes,85.61988308169288,8,simulated
simulated,1,super,yes,85.64129943237361,8,simulated
simulated,1,super,yes,85.56413466234575,8,simulated
simulated,1,super,yes,85.66428954365038,8,simulated
simulated,1,super,yes,85.65565016919201,8,simulated
simulated,1,super,yes,85.72100777783608,8,simulated
simulated,1,super,yes,85.68029468602116,8,simulated
simulated,1,super,yes,85.70659363317597,8,simulated
simulated,1,super,yes,85.66217013946412,8,simulated
simulated,1,super,yes,85.67123515196795,8,simulated
simulated,1,super,yes,85.65612855354804,8,simulated
simulated,1,super,yes,85.69774141042764,8,simulated
simulated,1,super,yes,85.64683586189643,8,simulated
simulated,1,super,yes,85.65248719761097,8,simulated
simulated,1,super,yes,85.64697882106725,8,simulated
simulated,1,super,yes,85.66335198843433,8,simulated
simulated,1,super,yes,85.65546335782349,8,simulated
simulated,1,super,yes,85.74403302608967,8,simulated
simulated,1,super,yes,85.6326077132263,8,simulated
simulated,1,super,yes,85.65559990246624,8,simulated
simulated,1,super,yes,85.59677774358164,8,simulated
simulated,1,super,yes,85.69998511416159,8,simulated
simulated,1,super,yes,85.66755659994637,8,simulated
simulated,1,super,yes,85.64416625194288,8,simulated
simulated,1,super,yes,85.68493883975404,8,simulated
simulated,1,super,yes,85.59040641652237,8,simulated
simulated,1,super,yes,85.6467303760871,8,simulated
simulated,1,super,yes,85.7227291061414,8,simulated
simulated,1,super,yes,85.66092336380045,8,simulated
simulated,1,super,yes,85.63836818463135,8,simulated
simulated,1,super,yes,85.61549462855285,8,simulated
simulated,1,super,yes,85.71436117536376,8,simulated
simulated,1,super,yes,85.61141303586646,8,simulated
simulated,1,super,yes,85.64560671055204,8,simulated
simulated,1,super,yes,85.66798094737959,8,simulated
simulated,1,super,yes,85.74060553640697,8,simulated
simulated,1,super,yes,85.63543559808933,8,simulated
simulated,1,super,yes,85.61105863539088,8,simulated
simulated,1,super,yes,85.65543655698649,8,simulated
simulated,1,super,yes,85.67956016537997,8,simulated
simulated,1,super,yes,85.72659468902258,8,simulated
simulated,1,super,yes,85.73568611651147,8,simulated
simulated,1,super,yes,85.64466361797788,8,simulated
simulated,1,super,yes,85.68338252816191,8,simulated
simulated,1,super,yes,85.60839781051794,8,simulated
simulated,0,basic,yes,253.22367610562273,8,simulated
simulated,0,basic,yes,253.241109683601,8,simulated
simulated,0,basic,yes,253.2298349906155,8,simulated
simulated,0,basic,yes,253.17643370643407,8,simulated
simulated,0,basic,yes,253.16886423597575,8,simulated
simulated,0,basic,yes,253.22834836300837,8,simulated
simulated,0,basic,yes,253.15268470006825,8,simulated
simulated,0,basic,yes,253.23649463025427,8,simulated
simulated,0,basic,yes,253.18255997066632,8,simulated
simulated,0,basic,yes,253.19727757769994,8,simulated
simulated,0,basic,yes,253.2257897425399,8,simulated
simulated,0,basic,yes,253.21756576396834,8,simulated
simulated,0,basic,yes,253.2496679352317,8,simulated
simulated,0,basic,yes,253.2445406027499,8,simulated
simulated,0,basic,yes,253.25676952180518,8,simulated
simulated,0,basic,yes,253.24859196718282,8,simulated
simulated,0,basic,yes,253.1430420516267,8,simulated
simulated,0,basic,yes,253.1860110974041,8,simulated
simulated,0,basic,yes,253.18076475993016,8,simulated
simulated,0,basic,yes,253.26147967020557,8,simulated
simulated,0,basic,yes,253.23677451071015,8,simulated
simulated,0,basic,yes,253.24435786811054,8,simulated
simulated,0,basic,yes,253.16253532592725,8,simulated
simulated,0,basic,yes,253.1305235393756,8,simulated
simulated,0,basic,yes,253.27263745925575,8,simulated
simulated,0,basic,yes,253.26083796211643,8,simulated
simulated,0,basic,yes,253.22282464954324,8,simulated
simulated,0,basic,yes,253.18196885204037,8,simulated
simulated,0,basic,yes,253.25263521479013,8,simulated
simulated,0,basic,yes,253.14313643501262,8,simulated
simulated,0,basic,yes,253.1792009799262,8,simulated
simulated,0,basic,yes,253.14405190458723,8,simulated
simulated,0,basic,yes,253.25006620684587,8,simulated
simulated,0,basic,yes,253.15208203168623,8,simulated
simulated,0,basic,yes,253.13637918948893,8,simulated
simulated,0,basic,yes,253.23067506747512,8,simulated
simulated,0,basic,yes,253.20241546020844,8,simulated
simulated,0,basic,yes,253.195461173723,8,simulated
simulated,0,basic,yes,253.1908369175039,8,simulated
simulated,0,basic,yes,253.1829342268177,8,simulated
simulated,0,basic,yes,253.24749668051953,8,simulated
simulated,0,basic,yes,253.21876900844904,8,simulated
simulated,0,basic,yes,253.2578383150985,8,simulated
simulated,0,basic,yes,253.18651902808674,8,simulated
simulated,0,basic,yes,253.2143671560302,8,simulated
simulated,0,basic,yes,253.22681918251254,8,simulated
simulated,0,basic,yes,253.23646673126174,8,simulated
simulated,0,basic,yes,253.22486248381753,8,simulated
simulated,0,basic,yes,253.21763835121544,8,simulated
simulated,0,basic,yes,253.19325125024235,8,simulated
simulated,0,basic,yes,253.21759811405295,8,simulated
simulated,0,basic,yes,253.11567663908096,8,simulated
simulated,0,basic,yes,253.2866491253041,8,simulated
simulated,0,basic,yes,253.1292333860711,8,simulated
simulated,0,basic,yes,253.24793688353245,8,simulated
simulated,0,basic,yes,253.08004209987553,8,simulated
simulated,0,basic,yes,253.13976536680323,8,simulated
simulated,0,basic,yes,253.1155508988573,8,simulated
simulated,0,basic,yes,253.12116410985618,8,simulated
simulated,0,basic,yes,253.18108608038568,8,simulated
simulated,0,basic,yes,253.23215809498987,8,simulated
simulated,0,basic,yes,253.1837548721737,8,simulated
simulated,0,basic,yes,253.19920924869072,8,simulated
simulated,0,basic,yes,253.1975410692735,8,simulated
simulated,0,basic,yes,253.19969322631093,8,simulated
simulated,0,basic,yes,253.15532179535367,8,simulated
simulated,0,basic,yes,253.22757214327612,8,simulated
simulated,0,basic,yes,253.2096736087406,8,simulated
simulated,0,basic,yes,253.2284533576426,8,simulated
simulated,0,basic,yes,253.2006646687326,8,simulated
simulated,0,basic,yes,253.21813931134744,8,simulated
simulated,0,basic,yes,253.1485875873417,8,simulated
simulated,0,basic,yes,253.18793273492113,8,simulated
simulated,0,basic,yes,253.20119411003236,8,simulated
simulated,0,basic,yes,253.15924214453395,8,simulated
simulated,0,basic,yes,253.18552537903636,8,simulated
simulated,0,basic,yes,253.20183525138643,8,simulated
simulated,0,basic,yes,253.1090838971561,8,simulated
simulated,0,basic,yes,253.26960427121887,8,simulated
simulated,0,basic,yes,253.22635984300118,8,simulated
simulated,0,basic,yes,253.2220242573638,8,simulated
simulated,0,basic,yes,253.20947991876986,8,simulated
simulated,0,basic,yes,253.10700664780185,8,simulated
simulated,0,basic,yes,253.1663316176036,8,simulated
simulated,0,basic,yes,253.13397908535947,8,simulated
simulated,0,basic,yes,253.22260525944603,8,simulated
simulated,0,basic,yes,253.24030857400274,8,simulated
simulated,0,basic,yes,253.18137175738892,8,simulated
simulated,0,basic,yes,253.21979574749056,8,simulated
simulated,0,basic,yes,253.24255217196728,8,simulated
simulated,0,basic,yes,253.21723493918344,8,simulated
simulated,0,basic,yes,253.2098184646871,8,simulated
simulated,0,basic,yes,253.26278620746484,8,simulated
simulated,0,basic,yes,253.1515169867931,8,simulated
simulated,0,basic,yes,253.23743357950832,8,simulated
simulated,0,basic,yes,253.233727800945,8,simulated
simulated,0,basic,yes,253.15816927195095,8,simulated
simulated,0,basic,yes,253.1841335993115,8,simulated
simulated,0,basic,yes,253.1279143397104,8,simulated
simulated,0,basic,yes,253.18320041300552,8,simulated
simulated,1,basic,yes,253.2378548590135,8,simulated
simulated,1,basic,yes,253.28152030966285,8,simulated
simulated,1,basic,yes,253.10917101029176,8,simulated
simulated,1,basic,yes,253.1576718683173,8,simulated
simulated,1,basic,yes,253.19693548926998,8,simulated
simulated,1,basic,yes,253.18521081814194,8,simulated
simulated,1,basic,yes,253.27436425950532,8,simulated
simulated,1,basic,yes,253.18183059805082,8,simulated
simulated,1,basic,yes,253.21294412941657,8,simulated
simulated,1,basic,yes,253.1764084431211,8,simulated
simulated,1,basic,yes,253.31538302395444,8,simulated
simulated,1,basic,yes,253.15174762762337,8,simulated
simulated,1,basic,yes,253.18706449607134,8,simulated
simulated,1,basic,yes,253.21016900230873,8,simulated
simulated,1,basic,yes,253.22467627937243,8,simulated
simulated,1,basic,yes,253.15490427089648,8,simulated
simulated,1,basic,yes,253.19201866505708,8,simulated
simulated,1,basic,yes,253.21541557121498,8,simulated
simulated,1,basic,yes,253.21329561857652,8,simulated
simulated,1,basic,yes,253.16724439794228,8,simulated
simulated,1,basic,yes,253.16273356370917,8,simulated
simulated,1,basic,yes,253.20666871011207,8,simulated
simulated,1,basic,yes,253.22604823783448,8,simulated
simulated,1,basic,yes,253.2105927276762,8,simulated
simulated,1,basic,yes,253.2083121375947,8,simulated
simulated,1,basic,yes,253.2021099115143,8,simulated
simulated,1,basic,yes,253.2137234531453,8,simulated
simulated,1,basic,yes,253.19144876372346,8,simulated
simulated,1,basic,yes,253.17796295242923,8,simulated
simulated,1,basic,yes,253.1928407489824,8,simulated
simulated,1,basic,yes,253.2196482737845,8,simulated
simulated,1,basic,yes,253.14677541030935,8,simulated
simulated,1,basic,yes,253.18616728170528,8,simulated
simulated,1,basic,yes,253.1642571299427,8,simulated
simulated,1,basic,yes,253.20597835783948,8,simulated
simulated,1,basic,yes,253.1511812191515,8,simulated
simulated,1,basic,yes,253.2128319181308,8,simulated
simulated,1,basic,yes,253.26665489179348,8,simulated
simulated,1,basic,yes,253.16927559703655,8,simulated
simulated,1,basic,yes,253.1514691884498,8,simulated
simulated,1,basic,yes,253.21511701516243,8,simulated
simulated,1,basic,yes,253.2082876221552,8,simulated
simulated,1,basic,yes,253.1788504105322,8,simulated
simulated,1,basic,yes,253.1946359263503,8,simulated
simulated,1,basic,yes,253.23503243235692,8,simulated
simulated,1,basic,yes,253.18038088902028,8,simulated
simulated,1,basic,yes,253.1426946150331,8,simulated
simulated,1,basic,yes,253.22350031609707,8,simulated
simulated,1,basic,yes,253.17807912932005,8,simulated
simulated,1,basic,yes,253.2210228458134,8,simulated
simulated,1,basic,yes,253.20172977413054,8,simulated
simulated,1,basic,yes,253.20974040652382,8,simulated
simulated,1,basic,yes,253.1945845552444,8,simulated
simulated,1,basic,yes,253.26788098142657,8,simulated
simulated,1,basic,yes,253.21946359356858,8,simulated
simulated,1,basic,yes,253.1475987762999,8,simulated
simulated,1,basic,yes,253.2146753123259,8,simulated
simulated,1,basic,yes,253.21893039097174,8,simulated
simulated,1,basic,yes,253.20051106363715,8,simulated
simulated,1,basic,yes,253.24489117161008,8,simulated
simulated,1,basic,yes,253.31048592894598,8,simulated
simulated,1,basic,yes,253.25655526752368,8,simulated
simulated,1,basic,yes,253.20374111700403,8,simulated
simulated,1,basic,yes,253.1948970617342,8,simulated
simulated,1,basic,yes,253.15321463304338,8,simulated
simulated,1,basic,yes,253.25038058928922,8,simulated
simulated,1,basic,yes,253.17555197690075,8,simulated
simulated,1,basic,yes,253.22851809351,8,simulated
simulated,1,basic,yes,253.20449214313527,8,simulated
simulated,1,basic,yes,253.1966210501242,8,simulated
simulated,1,basic,yes,253.25447260860918,8,simulated
simulated,1,basic,yes,253.18177673419612,8,simulated
simulated,1,basic,yes,253.20365030997624,8,simulated
simulated,1,basic,yes,253.23912033219662,8,simulated
simulated,1,basic,yes,253.14366578021475,8,simulated
simulated,1,basic,yes,253.2380730008832,8,simulated
simulated,1,basic,yes,253.2341587781461,8,simulated
simulated,1,basic,yes,253.251046846418,8,simulated
simulated,1,basic,yes,253.1651956441048,8,simulated
simulated,1,basic,yes,253.18876890677083,8,simulated
simulated,1,basic,yes,253.28695188049278,8,simulated
simulated,1,basic,yes,253.23891663692018,8,simulated
simulated,1,basic,yes,253.2715662342158,8,simulated
simulated,1,basic,yes,253.22594690988643,8,simulated
simulated,1,basic,yes,253.22124039381512,8,simulated
simulated,1,basic,yes,253.1695494429687,8,simulated
simulated,1,basic,yes,253.2995253888373,8,simulated
simulated,1,basic,yes,253.26067359358737,8,simulated
simulated,1,basic,yes,253.2108102872712,8,simulated
simulated,1,basic,yes,253.19942829605924,8,simulated
simulated,1,basic,yes,253.22905982609805,8,simulated
simulated,1,basic,yes,253.1867444408323,8,simulated
simulated,1,basic,yes,253.21801044342962,8,simulated
simulated,1,basic,yes,253.18876731809544,8,simulated
simulated,1,basic,yes,253.1540889388831,8,simulated
simulated,1,basic,yes,253.19913082312516,8,simulated
simulated,1,basic,yes,253.2460720130788,8,simulated
simulated,1,basic,yes,253.2258907395476,8,simulated
simulated,1,basic,yes,253.18050858341684,8,simulated
simulated,1,basic,yes,253.17946259159726,8,simulated
simulated,2,basic,yes,253.17430569438326,8,simulated
simulated,2,basic,yes,253.1859974068588,8,simulated
simulated,2,basic,yes,253.19430515203703,8,simulated
simulated,2,basic,yes,253.2773917539706,8,simulated
simulated,2,basic,yes,253.14771105694544,8,simulated
simulated,2,basic,yes,253.21893518810984,8,simulated
simulated,2,basic,yes,253.16224436121198,8,simulated
simulated,2,basic,yes,253.22885572110667,8,simulated
simulated,2,basic,yes,253.21551907920426,8,simulated
simulated,2,basic,yes,253.21619503265595,8,simulated
simulated,2,basic,yes,253.24980288432315,8,simulated
simulated,2,basic,yes,253.19271948609028,8,simulated
simulated,2,basic,yes,253.19734820213043,8,simulated
simulated,2,basic,yes,253.14632183706595,8,simulated
simulated,2,basic,yes,253.1800653294038,8,simulated
simulated,2,basic,yes,253.21373500174775,8,simulated
simulated,2,basic,yes,253.1684731438609,8,simulated
simulated,2,basic,yes,253.1950670343316,8,simulated
simulated,2,basic,yes,253.26368471060977,8,simulated
simulated,2,basic,yes,253.14349491823876,8,simulated
simulated,2,basic,yes,253.2340237781151,8,simulated
simulated,2,basic,yes,253.27929647538718,8,simulated
simulated,2,basic,yes,253.21996685968813,8,simulated
simulated,2,basic,yes,253.13877081378007,8,simulated
simulated,2,basic,yes,253.29308254937422,8,simulated
simulated,2,basic,yes,253.27181714141622,8,simulated
simulated,2,basic,yes,253.26842471055068,8,simulated
simulated,2,basic,yes,253.21148178899708,8,simulated
simulated,2,basic,yes,253.2300198113235,8,simulated
simulated,2,basic,yes,253.2615571496329,8,simulated
simulated,2,basic,yes,253.22088517777829,8,simulated
simulated,2,basic,yes,253.19857155703036,8,simulated
simulated,2,basic,yes,253.14766921953006,8,simulated
simulated,2,basic,yes,253.19981499533992,8,simulated
simulated,2,basic,yes,253.24353042953888,8,simulated
simulated,2,basic,yes,253.21878223467044,8,simulated
simulated,2,basic,yes,253.1827630878562,8,simulated
simulated,2,basic,yes,253.21656845264272,8,simulated
simulated,2,basic,yes,253.1825051427276,8,simulated
simulated,2,basic,yes,253.24156567246573,8,simulated
simulated,2,basic,yes,253.23227390368982,8,simulated
simulated,2,basic,yes,253.27664411802314,8,simulated
simulated,2,basic,yes,253.18474773005224,8,simulated
simulated,2,basic,yes,253.23436097391547,8,simulated
simulated,2,basic,yes,253.2020055125562,8,simulated
simulated,2,basic,yes,253.14112708562095,8,simulated
simulated,2,basic,yes,253.18629319549177,8,simulated
simulated,2,basic,yes,253.22311201280723,8,simulated
simulated,2,basic,yes,253.16144627588477,8,simulated
simulated,2,basic,yes,253.22133359686046,8,simulated
simulated,2,basic,yes,253.15255072310035,8,simulated
simulated,2,basic,yes,253.22240881587442,8,simulated
simulated,2,basic,yes,253.1960760782805,8,simulated
simulated,2,basic,yes,253.13723852626487,8,simulated
simulated,2,basic,yes,253.28625738831744,8,simulated
simulated,2,basic,yes,253.25784818989976,8,simulated
simulated,2,basic,yes,253.21059126832984,8,simulated
simulated,2,basic,yes,253.16775065256476,8,simulated
simulated,2,basic,yes,253.20260315012288,8,simulated
simulated,2,basic,yes,253.15806931964627,8,simulated
simulated,2,basic,yes,253.21977689532073,8,simulated
simulated,2,basic,yes,253.20221084676308,8,simulated
simulated,2,basic,yes,253.20031215168817,8,simulated
simulated,2,basic,yes,253.23166244870924,8,simulated
simulated,2,basic,yes,253.19552106048235,8,simulated
simulated,2,basic,yes,253.20500028622195,8,simulated
simulated,2,basic,yes,253.2067678454458,8,simulated
simulated,2,basic,yes,253.29336978884498,8,simulated
simulated,2,basic,yes,253.23739487436896,8,simulated
simulated,2,basic,yes,253.24341114089583,8,simulated
simulated,2,basic,yes,253.14562057123587,8,simulated
simulated,2,basic,yes,253.19597251667608,8,simulated
simulated,2,basic,yes,253.22973757661612,8,simulated
simulated,2,basic,yes,253.22996362431957,8,simulated
simulated,2,basic,yes,253.24830719287993,8,simulated
simulated,2,basic,yes,253.2331005872015,8,simulated
simulated,2,basic,yes,253.16909572090017,8,simulated
simulated,2,basic,yes,253.2128626714329,8,simulated
simulated,2,basic,yes,253.2409916324878,8,simulated
simulated,2,basic,yes,253.29155566276125,8,simulated
simulated,2,basic,yes,253.2646786673038,8,simulated
simulated,2,basic,yes,253.24324863623465,8,simulated
simulated,2,basic,yes,253.2509993068024,8,simulated
simulated,2,basic,yes,253.17952693080892,8,simulated
simulated,2,basic,yes,253.1905008930739,8,simulated
simulated,2,basic,yes,253.236746845088,8,simulated
simulated,2,basic,yes,253.17714030663444,8,simulated
simulated,2,basic,yes,253.2869440557471,8,simulated
simulated,2,basic,yes,253.17075705227495,8,simulated
simulated,2,basic,yes,253.18926543370878,8,simulated
simulated,2,basic,yes,253.26438224185577,8,simulated
simulated,2,basic,yes,253.25501324373934,8,simulated
simulated,2,basic,yes,253.2482504733197,8,simulated
simulated,2,basic,yes,253.22966222098677,8,simulated
simulated,2,basic,yes,253.22886753209912,8,simulated
simulated,2,basic,yes,253.2393860849954,8,simulated
simulated,2,basic,yes,253.18586233948164,8,simulated
simulated,2,basic,yes,253.12811657254886,8,simulated
simulated,2,basic,yes,253.23040801433038,8,simulated
simulated,2,basic,yes,253.1990465768129,8,simulated
simulated,3,basic,yes,253.29956097997305,8,simulated
simulated,3,basic,yes,253.23663655485976,8,simulated
simulated,3,basic,yes,253.11956706456854,8,simulated
simulated,3,basic,yes,253.26612570317263,8,simulated
simulated,3,basic,yes,253.19562024171177,8,simulated
simulated,3,basic,yes,253.22954216033105,8,simulated
simulated,3,basic,yes,253.1596535702507,8,simulated
simulated,3,basic,yes,253.17393308599523,8,simulated
simulated,3,basic,yes,253.21857962508608,8,simulated
simulated,3,basic,yes,253.24746891865266,8,simulated
simulated,3,basic,yes,253.205738134872,8,simulated
simulated,3,basic,yes,253.23706113925505,8,simulated
simulated,3,basic,yes,253.14805517981574,8,simulated
simulated,3,basic,yes,253.23950486896607,8,simulated
simulated,3,basic,yes,253.1916871367833,8,simulated
simulated,3,basic,yes,253.2080382475998,8,simulated
simulated,3,basic,yes,253.20768895605372,8,simulated
simulated,3,basic,yes,253.21347037696725,8,simulated
simulated,3,basic,yes,253.215606976804,8,simulated
simulated,3,basic,yes,253.22562173550995,8,simulated
simulated,3,basic,yes,253.1981121030631,8,simulated
simulated,3,basic,yes,253.28438047309453,8,simulated
simulated,3,basic,yes,253.19058981091004,8,simulated
simulated,3,basic,yes,253.20655394645917,8,simulated
simulated,3,basic,yes,253.16729060750808,8,simulated
simulated,3,basic,yes,253.178682143515,8,simulated
simulated,3,basic,yes,253.17462798111526,8,simulated
simulated,3,basic,yes,253.27221603623892,8,simulated
simulated,3,basic,yes,253.18221270536534,8,simulated
simulated,3,basic,yes,253.24963854278036,8,simulated
simulated,3,basic,yes,253.1226095267294,8,simulated
simulated,3,basic,yes,253.23336265286892,8,simulated
simulated,3,basic,yes,253.1691400349306,8,simulated
simulated,3,basic,yes,253.20895983414206,8,simulated
simulated,3,basic,yes,253.23681118367273,8,simulated
simulated,3,basic,yes,253.2567219575421,8,simulated
simulated,3,basic,yes,253.23159207806953,8,simulated
simulated,3,basic,yes,253.18671922927754,8,simulated
simulated,3,basic,yes,253.2067883780077,8,simulated
simulated,3,basic,yes,253.21481682911573,8,simulated
simulated,3,basic,yes,253.22747059031963,8,simulated
simulated,3,basic,yes,253.2315557325398,8,simulated
simulated,3,basic,yes,253.20207881344504,8,simulated
simulated,3,basic,yes,253.22399052648794,8,simulated
simulated,3,basic,yes,253.19379009379594,8,simulated
simulated,3,basic,yes,253.23911937117708,8,simulated
simulated,3,basic,yes,253.18672213398446,8,simulated
simulated,3,basic,yes,253.24449598565002,8,simulated
simulated,3,basic,yes,253.20584267033087,8,simulated
simulated,3,basic,yes,253.18828698829927,8,simulated
simulated,3,basic,yes,253.23962356172277,8,simulated
simulated,3,basic,yes,253.1654514113906,8,simulated
simulated,3,basic,yes,253.19607480999457,8,simulated
simulated,3,basic,yes,253.21426532251255,8,simulated
simulated,3,basic,yes,253.19249299157408,8,simulated
simulated,3,basic,yes,253.21792886271712,8,simulated
simulated,3,basic,yes,253.27201749465476,8,simulated
simulated,3,basic,yes,253.1855621154533,8,simulated
simulated,3,basic,yes,253.21312248165924,8,simulated
simulated,3,basic,yes,253.24392801436753,8,simulated
simulated,3,basic,yes,253.17656774848047,8,simulated
simulated,3,basic,yes,253.2468959404685,8,simulated
simulated,3,basic,yes,253.20712363977103,8,simulated
simulated,3,basic,yes,253.24601436742887,8,simulated
simulated,3,basic,yes,253.1846918014145,8,simulated
simulated,3,basic,yes,253.22515359297338,8,simulated
simulated,3,basic,yes,253.2630679408362,8,simulated
simulated,3,basic,yes,253.180600618278,8,simulated
simulated,3,basic,yes,253.26460981001262,8,simulated
simulated,3,basic,yes,253.21241334257854,8,simulated
simulated,3,basic,yes,253.26119241725962,8,simulated
simulated,3,basic,yes,253.23696109353295,8,simulated
simulated,3,basic,yes,253.2615913396181,8,simulated
simulated,3,basic,yes,253.2371713069496,8,simulated
simulated,3,basic,yes,253.10362501750532,8,simulated
simulated,3,basic,yes,253.1707814646215,8,simulated
simulated,3,basic,yes,253.2205917696404,8,simulated
simulated,3,basic,yes,253.1891103228765,8,simulated
simulated,3,basic,yes,253.22566868930517,8,simulated
simulated,3,basic,yes,253.2407589868703,8,simulated
simulated,3,basic,yes,253.23609918475566,8,simulated
simulated,3,basic,yes,253.2106958193385,8,simulated
simulated,3,basic,yes,253.18326095854474,8,simulated
simulated,3,basic,yes,253.1733794790261,8,simulated
simulated,3,basic,yes,253.17226481125712,8,simulated
simulated,3,basic,yes,253.2137204043662,8,simulated
simulated,3,basic,yes,253.24097557193352,8,simulated
simulated,3,basic,yes,253.2230131941173,8,simulated
simulated,3,basic,yes,253.26993435347592,8,simulated
simulated,3,basic,yes,253.16926418870693,8,simulated
simulated,3,basic,yes,253.27257593723985,8,simulated
simulated,3,basic,yes,253.241898338775,8,simulated
simulated,3,basic,yes,253.2273688211977,8,simulated
simulated,3,basic,yes,253.16980243137493,8,simulated
simulated,3,basic,yes,253.22868591802813,8,simulated
simulated,3,basic,yes,253.20475963782044,8,simulated
simulated,3,basic,yes,253.27987001689075,8,simulated
simulated,3,basic,yes,253.24205443892606,8,simulated
simulated,3,basic,yes,253.2023569094789,8,simulated
simulated,3,basic,yes,253.1355818679724,8,simulated
simulated,0,sub,yes,817.1046468401372,8,simulated
simulated,0,sub,yes,816.949420335732,8,simulated
simulated,0,sub,yes,817.027744373778,8,simulated
simulated,0,sub,yes,816.9735297794194,8,simulated
simulated,0,sub,yes,816.9450135274934,8,simulated
simulated,0,sub,yes,816.9447760680476,8,simulated
simulated,0,sub,yes,816.8852807217485,8,simulated
simulated,0,sub,yes,816.9801241606103,8,simulated
simulated,0,sub,yes,817.0064137733616,8,simulated
simulated,0,sub,yes,816.9064213863481,8,simulated
simulated,0,sub,yes,816.9190159229478,8,simulated
simulated,0,sub,yes,817.1013517550983,8,simulated
simulated,0,sub,yes,816.9548167489379,8,simulated
simulated,0,sub,yes,816.9384495084067,8,simulated
simulated,0,sub,yes,817.0867333705579,8,simulated
simulated,0,sub,yes,816.9918894066449,8,simulated
simulated,0,sub,yes,816.7808661718833,8,simulated
simulated,0,sub,yes,817.0087753951462,8,simulated
simulated,0,sub,yes,816.8755525076194,8,simulated
simulated,0,sub,yes,817.0984850531056,8,simulated
simulated,0,sub,yes,817.0921010646935,8,simulated
simulated,0,sub,yes,816.9893568875887,8,simulated
simulated,0,sub,yes,816.9077646720283,8,simulated
simulated,0,sub,yes,816.9860108549191,8,simulated
simulated,0,sub,yes,817.0229042557745,8,simulated
simulated,0,sub,yes,817.1467066348753,8,simulated
simulated,0,sub,yes,817.0080431023315,8,simulated
simulated,0,sub,yes,816.8354348160897,8,simulated
simulated,0,sub,yes,816.9515811764841,8,simulated
simulated,0,sub,yes,816.8830157777448,8,simulated
simulated,0,sub,yes,816.967679909643,8,simulated
simulated,0,sub,yes,816.9183681032259,8,simulated
simulated,0,sub,yes,817.0724762399203,8,simulated
simulated,0,sub,yes,816.98731736952,8,simulated
simulated,0,sub,yes,816.8722878769779,8,simulated
simulated,0,sub,yes,816.918232682097,8,simulated
simulated,0,sub,yes,816.9593935966595,8,simulated
simulated,0,sub,yes,816.9981405788866,8,simulated
simulated,0,sub,yes,816.9435603321594,8,simulated
simulated,0,sub,yes,817.0426525789319,8,simulated
simulated,0,sub,yes,817.0109037549355,8,simulated
simulated,0,sub,yes,817.0639406500917,8,simulated
simulated,0,sub,yes,817.1939181142471,8,simulated
simulated,0,sub,yes,816.9754882468218,8,simulated
simulated,0,sub,yes,817.0025750935787,8,simulated
simulated,0,sub,yes,816.8609897586235,8,simulated
simulated,0,sub,yes,816.9643894197546,8,simulated
simulated,0,sub,yes,817.031312438498,8,simulated
simulated,0,sub,yes,817.0839795010569,8,simulated
simulated,0,sub,yes,816.9708091392517,8,simulated
simulated,1,sub,yes,817.0119350114447,8,simulated
simulated,1,sub,yes,816.7183217909633,8,simulated
simulated,1,sub,yes,816.9331466746579,8,simulated
simulated,1,sub,yes,816.760005022573,8,simulated
simulated,1,sub,yes,817.1532710336771,8,simulated
simulated,1,sub,no,816.9190869352124,8,simulated
simulated,1,sub,yes,817.0642762825227,8,simulated
simulated,1,sub,yes,816.8615066387829,8,simulated
simulated,1,sub,yes,816.8097130124643,8,simulated
simulated,1,sub,yes,817.0159528630004,8,simulated
simulated,1,sub,yes,817.0500801248022,8,simulated
simulated,1,sub,yes,816.818885178393,8,simulated
simulated,1,sub,yes,816.9556922627456,8,simulated
simulated,1,sub,yes,817.0498537021139,8,simulated
simulated,1,sub,yes,817.0004032879776,8,simulated
simulated,1,sub,yes,816.8891990254375,8,simulated
simulated,1,sub,yes,816.8939094966822,8,simulated
simulated,1,sub,yes,816.9909404079293,8,simulated
simulated,1,sub,yes,817.0366008376204,8,simulated
simulated,1,sub,yes,816.8158518901032,8,simulated
simulated,1,sub,yes,817.0217255997676,8,simulated
simulated,1,sub,yes,816.8731331877118,8,simulated
simulated,1,sub,yes,816.8824831203257,8,simulated
simulated,1,sub,yes,816.9044242702294,8,simulated
simulated,1,sub,yes,817.0353598406385,8,simulated
simulated,1,sub,yes,816.9026129498327,8,simulated
simulated,1,sub,yes,816.9773943968254,8,simulated
simulated,1,sub,yes,816.8595439029395,8,simulated
simulated,1,sub,yes,817.0444596128444,8,simulated
simulated,1,sub,yes,816.9785263445776,8,simulated
simulated,1,sub,yes,816.9492047118243,8,simulated
simulated,1,sub,yes,816.9895363775578,8,simulated
simulated,1,sub,yes,816.8866632085437,8,simulated
simulated,1,sub,yes,817.0221005965409,8,simulated
simulated,1,sub,yes,816.9792193401124,8,simulated
simulated,1,sub,yes,816.873315191256,8,simulated
simulated,1,sub,yes,816.9992036496265,8,simulated
simulated,1,sub,yes,816.9499153240955,8,simulated
simulated,1,sub,yes,817.049395370617,8,simulated
simulated,1,sub,yes,816.988472133989,8,simulated
simulated,1,sub,yes,816.9876732356851,8,simulated
simulated,1,sub,yes,816.9078515031521,8,simulated
simulated,1,sub,yes,816.9757217800601,8,simulated
simulated,1,sub,yes,816.8771520508479,8,simulated
simulated,1,sub,yes,817.0064044093032,8,simulated
simulated,1,sub,yes,816.9611133921478,8,simulated
simulated,1,sub,yes,816.9145517176069,8,simulated
simulated,1,sub,yes,816.8336859737454,8,simulated
simulated,1,sub,yes,816.9820870723357,8,simulated
simulated,1,sub,yes,816.8949603122999,8,simulated
simulated,2,sub,yes,817.0008133786617,8,simulated
simulated,2,sub,yes,817.0240667798372,8,simulated
simulated,2,sub,yes,816.9987948541049,8,simulated
simulated,2,sub,yes,816.8915552565102,8,simulated
simulated,2,sub,yes,816.9855395055678,8,simulated
simulated,2,sub,yes,817.0140277613085,8,simulated
simulated,2,sub,yes,817.0753525523613,8,simulated
simulated,2,sub,yes,816.8945212359982,8,simulated
simulated,2,sub,yes,817.1063168161759,8,simulated
simulated,2,sub,yes,816.898672934372,8,simulated
simulated,2,sub,yes,816.9903607594864,8,simulated
simulated,2,sub,yes,816.9892860786557,8,simulated
simulated,2,sub,yes,817.035172858731,8,simulated
simulated,2,sub,yes,816.8506687703018,8,simulated
simulated,2,sub,yes,817.0669578937702,8,simulated
simulated,2,sub,yes,816.9399521571886,8,simulated
simulated,2,sub,yes,816.9658275992551,8,simulated
simulated,2,sub,yes,817.090841879215,8,simulated
simulated,2,sub,yes,816.9304185745982,8,simulated
simulated,2,sub,yes,816.9063172455064,8,simulated
simulated,2,sub,yes,816.9871514530121,8,simulated
simulated,2,sub,yes,816.9228059647025,8,simulated
simulated,2,sub,yes,817.0471887597075,8,simulated
simulated,2,sub,yes,816.8903273512391,8,simulated
simulated,2,sub,yes,816.9504488939722,8,simulated
simulated,2,sub,yes,817.1060809186424,8,simulated
simulated,2,sub,yes,816.8370546231608,8,simulated
simulated,2,sub,yes,817.0988430651465,8,simulated
simulated,2,sub,yes,816.8510864889382,8,simulated
simulated,2,sub,yes,816.9357338351462,8,simulated
simulated,2,sub,yes,817.0585481378538,8,simulated
simulated,2,sub,yes,816.8122559130676,8,simulated
simulated,2,sub,yes,817.0935755331462,8,simulated
simulated,2,sub,yes,816.8861292346863,8,simulated
simulated,2,sub,yes,817.0450509176105,8,simulated
simulated,2,sub,yes,816.8566375879237,8,simulated
simulated,2,sub,yes,817.0123863233994,8,simulated
simulated,2,sub,yes,817.0324592134922,8,simulated
simulated,2,sub,yes,817.0182408120677,8,simulated
simulated,2,sub,yes,816.8228907910393,8,simulated
simulated,2,sub,yes,816.923822438546,8,simulated
simulated,2,sub,yes,816.8497176134275,8,simulated
simulated,2,sub,yes,817.0185611298297,8,simulated
simulated,2,sub,yes,817.0951093355287,8,simulated
simulated,2,sub,yes,816.9884200312242,8,simulated
simulated,2,sub,yes,816.7165618605499,8,simulated
simulated,2,sub,yes,816.9010016431782,8,simulated
simulated,2,sub,yes,817.0081238481384,8,simulated
simulated,2,sub,yes,816.9220778609663,8,simulated
simulated,2,sub,yes,817.0579847108729,8,simulated
simulated,3,sub,yes,816.978960383651,8,simulated
simulated,3,sub,yes,817.0008911733921,8,simulated
simulated,3,sub,yes,816.8556069227786,8,simulated
simulated,3,sub,yes,816.9513853406771,8,simulated
simulated,3,sub,yes,817.1681569450877,8,simulated
simulated,3,sub,yes,817.0508898541733,8,simulated
simulated,3,sub,yes,817.1965751181788,8,simulated
simulated,3,sub,yes,816.9846468798644,8,simulated
simulated,3,sub,yes,816.9400020621965,8,simulated
simulated,3,sub,yes,817.0598438335531,8,simulated
simulated,3,sub,yes,817.1635233431168,8,simulated
simulated,3,sub,yes,817.0250535319748,8,simulated
simulated,3,sub,yes,816.9869693951937,8,simulated
simulated,3,sub,yes,816.9139735862117,8,simulated
simulated,3,sub,yes,816.8534708754613,8,simulated
simulated,3,sub,yes,817.1356939412206,8,simulated
simulated,3,sub,yes,816.9854490673098,8,simulated
simulated,3,sub,yes,816.8830664260145,8,simulated
simulated,3,sub,yes,816.8974656970023,8,simulated
simulated,3,sub,yes,817.0247786525731,8,simulated
simulated,3,sub,yes,816.960642305304,8,simulated
simulated,3,sub,yes,816.90186815377,8,simulated
simulated,3,sub,yes,817.0485293111738,8,simulated
simulated,3,sub,yes,817.167267797348,8,simulated
simulated,3,sub,yes,816.8574005179406,8,simulated
simulated,3,sub,yes,817.1427481406596,8,simulated
simulated,3,sub,yes,816.9774450527236,8,simulated
simulated,3,sub,yes,817.2009802257893,8,simulated
simulated,3,sub,yes,816.8994838135976,8,simulated
simulated,3,sub,yes,816.9415597361764,8,simulated
simulated,3,sub,yes,817.0802374125442,8,simulated
simulated,3,sub,yes,816.9385973799655,8,simulated
simulated,3,sub,yes,817.0577101572027,8,simulated
simulated,3,sub,yes,817.0651951831644,8,simulated
simulated,3,sub,yes,817.312034129833,8,simulated
simulated,3,sub,yes,816.882827571457,8,simulated
simulated,3,sub,yes,817.1713704601157,8,simulated
simulated,3,sub,yes,816.9878703245357,8,simulated
simulated,3,sub,yes,816.9952020296439,8,simulated
simulated,3,sub,yes,816.982575520477,8,simulated
simulated,3,sub,yes,817.1672241772661,8,simulated
simulated,3,sub,yes,817.0343011324364,8,simulated
simulated,3,sub,yes,817.0373184835179,8,simulated
simulated,3,sub,yes,816.9135604315633,8,simulated
simulated,3,sub,yes,816.9968509023486,8,simulated
simulated,3,sub,yes,816.8681417627623,8,simulated
simulated,3,sub,yes,816.9215423182175,8,simulated
simulated,3,sub,yes,816.9074067971126,8,simulated
simulated,3,sub,yes,816.9453012915367,8,simulated
simulated,3,sub,yes,817.0115909815988,8,simulated
simulated,4,sub,yes,816.929370624513,8,simulated
simulated,4,sub,yes,816.9342665488043,8,simulated
simulated,4,sub,yes,816.8997293761406,8,simulated
simulated,4,sub,yes,816.8892488011583,8,simulated
simulated,4,sub,yes,816.8506730587275,8,simulated
simulated,4,sub,yes,816.801944043994,8,simulated
simulated,4,sub,yes,816.815118184157,8,simulated
simulated,4,sub,yes,816.9950116534912,8,simulated
simulated,4,sub,yes,816.8490679620708,8,simulated
simulated,4,sub,yes,816.9584687711226,8,simulated
simulated,4,sub,yes,816.993326385716,8,simulated
simulated,4,sub,yes,816.9306357818049,8,simulated
simulated,4,sub,yes,816.9714739433583,8,simulated
simulated,4,sub,yes,816.970304584508,8,simulated
simulated,4,sub,yes,816.8626394161673,8,simulated
simulated,4,sub,yes,816.7860335876927,8,simulated
simulated,4,sub,yes,816.8582060735511,8,simulated
simulated,4,sub,yes,817.0351951554643,8,simulated
simulated,4,sub,yes,816.9356864197973,8,simulated
simulated,4,sub,yes,816.7350427838952,8,simulated
simulated,4,sub,yes,816.9330484354074,8,simulated
simulated,4,sub,yes,816.9733137899285,8,simulated
simulated,4,sub,yes,816.9938344685775,8,simulated
simulated,4,sub,yes,816.9710068498696,8,simulated
simulated,4,sub,yes,817.0554436658606,8,simulated
simulated,4,sub,yes,817.0225807305922,8,simulated
simulated,4,sub,yes,817.1003632395731,8,simulated
simulated,4,sub,yes,816.8708566874196,8,simulated
simulated,4,sub,yes,816.9703533144555,8,simulated
simulated,4,sub,yes,816.9951178525313,8,simulated
simulated,4,sub,yes,816.9837826205168,8,simulated
simulated,4,sub,yes,817.017043657066,8,simulated
simulated,4,sub,yes,816.8885407128049,8,simulated
simulated,4,sub,yes,816.9425494948637,8,simulated
simulated,4,sub,yes,817.1319993351359,8,simulated
simulated,4,sub,yes,817.093664381824,8,simulated
simulated,4,sub,yes,816.8701237852313,8,simulated
simulated,4,sub,yes,817.0256600891008,8,simulated
simulated,4,sub,yes,816.9541945858122,8,simulated
simulated,4,sub,yes,817.0540989157712,8,simulated
simulated,4,sub,yes,817.1828330257636,8,simulated
simulated,4,sub,yes,817.2377906223486,8,simulated
simulated,4,sub,yes,816.9775414533276,8,simulated
simulated,4,sub,yes,816.9593388163926,8,simulated
simulated,4,sub,yes,816.9739478104754,8,simulated
simulated,4,sub,yes,817.0566732824838,8,simulated
simulated,4,sub,yes,817.0105579828561,8,simulated
simulated,4,sub,yes,816.9865346373074,8,simulated
simulated,4,sub,yes,816.8935168457193,8,simulated
simulated,4,sub,yes,817.1036637843229,8,simulated
simulated,5,sub,yes,816.8925492557794,8,simulated
simulated,5,sub,yes,816.9989860566704,8,simulated
simulated,5,sub,yes,816.9264303545897,8,simulated
simulated,5,sub,yes,816.8886749978698,8,simulated
simulated,5,sub,yes,816.8830611639314,8,simulated
simulated,5,sub,yes,816.9315771579088,8,simulated
simulated,5,sub,yes,817.0301457565201,8,simulated
simulated,5,sub,yes,816.9509917700423,8,simulated
simulated,5,sub,yes,816.8266653718251,8,simulated
simulated,5,sub,yes,816.9836521002318,8,simulated
simulated,5,sub,yes,816.9603343773387,8,simulated
simulated,5,sub,yes,816.9248556211438,8,simulated
simulated,5,sub,yes,816.8851929887032,8,simulated
simulated,5,sub,yes,817.1618734271896,8,simulated
simulated,5,sub,yes,816.9271523178819,8,simulated
simulated,5,sub,yes,817.046024529451,8,simulated
simulated,5,sub,yes,816.8674536854892,8,simulated
simulated,5,sub,yes,816.9490537726945,8,simulated
simulated,5,sub,yes,816.942141430894,8,simulated
simulated,5,sub,yes,816.9163339018917,8,simulated
simulated,5,sub,yes,816.8580340947185,8,simulated
simulated,5,sub,yes,817.1743426078252,8,simulated
simulated,5,sub,yes,816.8478559655321,8,simulated
simulated,5,sub,yes,816.958582416865,8,simulated
simulated,5,sub,yes,817.0564082541053,8,simulated
simulated,5,sub,yes,817.2024554985431,8,simulated
simulated,5,sub,yes,816.8392270535915,8,simulated
simulated,5,sub,yes,817.0864079218028,8,simulated
simulated,5,sub,yes,817.1452959465081,8,simulated
simulated,5,sub,yes,817.1009609960694,8,simulated
simulated,5,sub,yes,817.0753285954687,8,simulated
simulated,5,sub,yes,817.0251736774524,8,simulated
simulated,5,sub,yes,817.1244450647698,8,simulated
simulated,5,sub,yes,816.9477526945745,8,simulated
simulated,5,sub,yes,816.9641125061596,8,simulated
simulated,5,sub,yes,817.069479767722,8,simulated
simulated,5,sub,yes,816.966046872571,8,simulated
simulated,5,sub,yes,816.9809895093655,8,simulated
simulated,5,sub,yes,817.1022178216613,8,simulated
simulated,5,sub,yes,816.7234974168313,8,simulated
simulated,5,sub,yes,816.976968302531,8,simulated
simulated,5,sub,yes,817.2534381372767,8,simulated
simulated,5,sub,yes,817.1202376725405,8,simulated
simulated,5,sub,yes,816.9014681752157,8,simulated
simulated,5,sub,yes,817.0203994660267,8,simulated
simulated,5,sub,yes,817.0987794734531,8,simulated
simulated,5,sub,yes,816.9922154169758,8,simulated
simulated,5,sub,yes,816.9009337149687,8,simulated
simulated,5,sub,yes,816.9988162093615,8,simulated
simulated,5,sub,no,816.9113722292857,8,simulated
simulated,6,sub,yes,817.0571026403417,8,simulated
simulated,6,sub,yes,817.0850723088062,8,simulated
simulated,6,sub,yes,816.9967657593693,8,simulated
simulated,6,sub,yes,816.8104602672814,8,simulated
simulated,6,sub,yes,817.0806367063411,8,simulated
simulated,6,sub,yes,817.0568199362816,8,simulated
simulated,6,sub,yes,817.06246136034,8,simulated
simulated,6,sub,yes,816.9248344998974,8,simulated
simulated,6,sub,yes,817.0344663871825,8,simulated
simulated,6,sub,yes,816.9515964693556,8,simulated
simulated,6,sub,yes,816.8893261267145,8,simulated
simulated,6,sub,yes,817.072866367219,8,simulated
simulated,6,sub,yes,816.9561386591266,8,simulated
simulated,6,sub,yes,817.0367971202822,8,simulated
simulated,6,sub,yes,816.8489859138124,8,simulated
simulated,6,sub,yes,816.9276520538227,8,simulated
simulated,6,sub,yes,816.9553274074984,8,simulated
simulated,6,sub,yes,816.9954862113497,8,simulated
simulated,6,sub,yes,816.9503197785781,8,simulated
simulated,6,sub,yes,817.039771800041,8,simulated
simulated,6,sub,yes,816.8308094759633,8,simulated
simulated,6,sub,yes,816.9868649023975,8,simulated
simulated,6,sub,yes,816.9596367130143,8,simulated
simulated,6,sub,yes,816.8478544368995,8,simulated
simulated,6,sub,yes,816.9617207456738,8,simulated
simulated,6,sub,yes,816.8060117247743,8,simulated
simulated,6,sub,yes,816.7152817937596,8,simulated
simulated,6,sub,yes,817.064208480414,8,simulated
simulated,6,sub,yes,817.0783826624136,8,simulated
simulated,6,sub,yes,816.9175611341489,8,simulated
simulated,6,sub,yes,816.8131636397015,8,simulated
simulated,6,sub,yes,816.9411750962158,8,simulated
simulated,6,sub,yes,816.9663761888796,8,simulated
simulated,6,sub,yes,817.0251292903156,8,simulated
simulated,6,sub,yes,817.043064709794,8,simulated
simulated,6,sub,yes,816.9605149462286,8,simulated
simulated,6,sub,yes,817.1991387525198,8,simulated
simulated,6,sub,yes,817.0627110499152,8,simulated
simulated,6,sub,yes,816.973518416334,8,simulated
simulated,6,sub,yes,816.9273271199071,8,simulated
simulated,6,sub,yes,817.1405158725155,8,simulated
simulated,6,sub,yes,816.9957025070081,8,simulated
simulated,6,sub,yes,816.9420022108633,8,simulated
simulated,6,sub,yes,817.0653193853744,8,simulated
simulated,6,sub,yes,816.9730672948651,8,simulated
simulated,6,sub,yes,817.0609795786006,8,simulated
simulated,6,sub,yes,816.9911876868152,8,simulated
simulated,6,sub,yes,817.0408071116016,8,simulated
simulated,6,sub,yes,817.1176931951987,8,simulated
simulated,6,sub,yes,816.9837933057165,8,simulated
simulated,7,sub,yes,816.8316097359234,8,simulated
simulated,7,sub,yes,816.9259082421316,8,simulated
simulated,7,sub,yes,816.9131497093574,8,simulated
simulated,7,sub,yes,816.9575135883475,8,simulated
simulated,7,sub,yes,816.8901240578562,8,simulated
simulated,7,sub,no,816.9090838550613,8,simulated
simulated,7,sub,yes,817.1211910165085,8,simulated
simulated,7,sub,yes,816.8294355470617,8,simulated
simulated,7,sub,yes,816.9766589969954,8,simulated
simulated,7,sub,yes,817.097181739756,8,simulated
simulated,7,sub,yes,816.939039327907,8,simulated
simulated,7,sub,yes,817.0150008322889,8,simulated
simulated,7,sub,yes,817.0025706986066,8,simulated
simulated,7,sub,yes,817.1174919037082,8,simulated
simulated,7,sub,yes,816.8699444977303,8,simulated
simulated,7,sub,yes,817.0238602660248,8,simulated
simulated,7,sub,yes,817.0745700848335,8,simulated
simulated,7,sub,yes,816.836524540426,8,simulated
simulated,7,sub,yes,817.0218575058142,8,simulated
simulated,7,sub,yes,817.0062185031632,8,simulated
simulated,7,sub,yes,817.0704434035543,8,simulated
simulated,7,sub,yes,816.8751482152837,8,simulated
simulated,7,sub,yes,816.9943136028248,8,simulated
simulated,7,sub,yes,817.0318571483621,8,simulated
simulated,7,sub,yes,816.9962199899638,8,simulated
simulated,7,sub,yes,816.8725069422294,8,simulated
simulated,7,sub,yes,816.8277921072051,8,simulated
simulated,7,sub,yes,816.8436080173369,8,simulated
simulated,7,sub,yes,816.9143390461215,8,simulated
simulated,7,sub,yes,817.0012797679075,8,simulated
simulated,7,sub,yes,817.1110382509381,8,simulated
simulated,7,sub,yes,816.977087353036,8,simulated
simulated,7,sub,yes,816.9900906488168,8,simulated
simulated,7,sub,yes,816.9087559164955,8,simulated
simulated,7,sub,yes,816.9830382045989,8,simulated
simulated,7,sub,yes,816.8556976196162,8,simulated
simulated,7,sub,yes,816.9757955719895,8,simulated
simulated,7,sub,yes,816.9323688678884,8,simulated
simulated,7,sub,yes,817.0118219917266,8,simulated
simulated,7,sub,yes,816.9286347123699,8,simulated
simulated,7,sub,yes,817.0720045700082,8,simulated
simulated,7,sub,yes,817.1463947630402,8,simulated
simulated,7,sub,yes,816.953072323352,8,simulated
simulated,7,sub,yes,816.9673840426884,8,simulated
simulated,7,sub,yes,817.1443636388485,8,simulated
simulated,7,sub,yes,816.8950292099175,8,simulated
simulated,7,sub,yes,816.9714625166913,8,simulated
simulated,7,sub,yes,816.9904306260705,8,simulated
simulated,7,sub,yes,817.0126228579275,8,simulated
simulated,7,sub,yes,816.9716140281963,8,simulated
simulated,0,super,yes,85.62412229932612,9,simulated
simulated,0,super,yes,85.64057840352969,9,simulated
simulated,0,super,yes,85.70997249908926,9,simulated
simulated,0,super,yes,85.64702012764799,9,simulated
simulated,0,super,yes,85.6204730974305,9,simulated
simulated,0,super,yes,85.654697153451,9,simulated
simulated,0,super,yes,85.69183021680357,9,simulated
simulated,0,super,yes,85.7011347957675,9,simulated
simulated,0,super,yes,85.59721355902204,9,simulated
simulated,0,super,yes,85.6529914484275,9,simulated
simulated,0,super,yes,85.69128119527277,9,simulated
simulated,0,super,yes,85.72318896796227,9,simulated
simulated,0,super,yes,85.68462006308421,9,simulated
simulated,0,super,yes,85.70698400011022,9,simulated
simulated,0,super,yes,85.67314624621075,9,simulated
simulated,0,super,yes,85.6220937126471,9,simulated
simulated,0,super,yes,85.66475732115057,9,simulated
simulated,0,super,yes,85.63408593698668,9,simulated
simulated,0,super,yes,85.69189080922385,9,simulated
simulated,0,super,yes,85.67627120834945,9,simulated
simulated,0,super,yes,85.64504206499325,9,simulated
simulated,0,super,yes,85.71987066374635,9,simulated
simulated,0,super,yes,85.6042390047198,9,simulated
simulated,0,super,yes,85.69260798656579,9,simulated
simulated,0,super,yes,85.6371425656729,9,simulated
simulated,0,super,yes,85.59300746113952,9,simulated
simulated,0,super,yes,85.67074661036449,9,simulated
simulated,0,super,yes,85.66194914182371,9,simulated
simulated,0,super,yes,85.65651100429042,9,simulated
simulated,0,super,yes,85.70833570589558,9,simulated
simulated,0,super,yes,85.61143540324377,9,simulated
simulated,0,super,yes,85.71108839254256,9,simulated
simulated,0,super,yes,85.6724311392892,9,simulated
simulated,0,super,yes,85.63088352492396,9,simulated
simulated,0,super,yes,85.6719569130163,9,simulated
simulated,0,super,yes,85.63410273450756,9,simulated
simulated,0,super,yes,85.67804907630156,9,simulated
simulated,0,super,yes,85.7131781707339,9,simulated
simulated,0,super,yes,85.65866682049605,9,simulated
simulated,0,super,yes,85.6093242840644,9,simulated
simulated,0,super,yes,85.61768485722214,9,simulated
simulated,0,super,yes,85.67455841370187,9,simulated
simulated,0,super,yes,85.64424404483883,9,simulated
simulated,0,super,yes,85.72008131033832,9,simulated
simulated,0,super,yes,85.63268496948996,9,simulated
simulated,0,super,yes,85.65926240262876,9,simulated
simulated,0,super,yes,85.68884614760823,9,simulated
simulated,0,super,yes,85.67715238138972,9,simulated
simulated,0,super,yes,85.67339270230013,9,simulated
simulated,0,super,yes,85.59891316716825,9,simulated
simulated,0,super,yes,85.61835297841297,9,simulated
simulated,0,super,yes,85.60492420004361,9,simulated
simulated,0,super,yes,85.68165839971606,9,simulated
simulated,0,super,yes,85.73373812047429,9,simulated
simulated,0,super,yes,85.64671375033016,9,simulated
simulated,0,super,yes,85.62634404621915,9,simulated
simulated,0,super,yes,85.68339357347477,9,simulated
simulated,0,super,yes,85.6614194155587,9,simulated
simulated,0,super,yes,85.67486182052527,9,simulated
simulated,0,super,yes,85.61031540078153,9,simulated
simulated,0,super,yes,85.66671609574303,9,simulated
simulated,0,super,yes,85.66797931273526,9,simulated
simulated,0,super,yes,85.70474586333762,9,simulated
simulated,0,super,yes,85.64763197902909,9,simulated
simulated,0,super,yes,85.62578498476661,9,simulated
simulated,0,super,yes,85.6634836514823,9,simulated
simulated,0,super,yes,85.72271019335548,9,simulated
simulated,0,super,yes,85.68919034439108,9,simulated
simulated,0,super,yes,85.63104058140985,9,simulated
simulated,0,super,yes,85.66854926817241,9,simulated
simulated,0,super,yes,85.64763046561494,9,simulated
simulated,0,super,yes,85.66013519731065,9,simulated
simulated,0,super,yes,85.69852366260733,9,simulated
simulated,0,super,yes,85.7229172558019,9,simulated
simulated,0,super,yes,85.6443316723859,9,simulated
simulated,0,super,yes,85.65810567482498,9,simulated
simulated,0,super,yes,85.69764593383262,9,simulated
simulated,0,super,yes,85.66843651966339,9,simulated
simulated,0,super,yes,85.76744879768523,9,simulated
simulated,0,super,yes,85.66987669679287,9,simulated
simulated,0,super,yes,85.65153158289371,9,simulated
simulated,0,super,yes,85.67572903127642,9,simulated
simulated,0,super,yes,85.63976856409379,9,simulated
simulated,0,super,yes,85.57144521055794,9,simulated
simulated,0,super,yes,85.71473344165287,9,simulated
simulated,0,super,yes,85.68718191423122,9,simulated
simulated,0,super,yes,85.71678740992428,9,simulated
simulated,0,super,yes,85.6495980806034,9,simulated
simulated,0,super,yes,85.70320501808645,9,simulated
simulated,0,super,yes,85.674201899664,9,simulated
simulated,0,super,yes,85.6880902369006,9,simulated
simulated,0,super,yes,85.67947677708894,9,simulated
simulated,0,super,yes,85.73365943280324,9,simulated
simulated,0,super,yes,85.65528824816684,9,simulated
simulated,0,super,yes,85.73398494397489,9,simulated
simulated,0,super,yes,85.63415077228481,9,simulated
simulated,0,super,yes,85.77127907643826,9,simulated
simulated,0,super,yes,85.70672365214186,9,simulated
simulated,0,super,yes,85.6246940597451,9,simulated
simulated,0,super,yes,85.57109389140435,9,simulated
simulated,0,super,yes,85.64746823293258,9,simulated
simulated,0,super,yes,85.74079929546264,9,simulated
simulated,0,super,yes,85.65032166610754,9,simulated
simulated,0,super,yes,85.60192957319819,9,simulated
simulated,0,super,yes,85.71907438893172,9,simulated
simulated,0,super,yes,85.6741265955984,9,simulated
simulated,0,super,yes,85.69196077023572,9,simulated
simulated,0,super,yes,85.60991235911165,9,simulated
simulated,0,super,yes,85.69786943578829,9,simulated
simulated,0,super,yes,85.69173182778292,9,simulated
simulated,0,super,yes,85.63385759312368,9,simulated
simulated,0,super,yes,85.72662428291731,9,simulated
simulated,0,super,yes,85.5979823420499,9,simulated
simulated,0,super,yes,85.6790733890956,9,simulated
simulated,0,super,yes,85.63721150930536,9,simulated
simulated,0,super,yes,85.58826546410853,9,simulated
simulated,0,super,yes,85.5971137423704,9,simulated
simulated,0,super,yes,85.6856211536329,9,simulated
simulated,0,super,yes,85.72316511016588,9,simulated
simulated,0,super,yes,85.69534542517334,9,simulated
simulated,0,super,yes,85.68295803803744,9,simulated
simulated,0,super,yes,85.65473004951478,9,simulated
simulated,0,super,yes,85.67347191800667,9,simulated
simulated,0,super,yes,85.66725474216702,9,simulated
simulated,0,super,yes,85.57988468841617,9,simulated
simulated,0,super,yes,85.62797759226267,9,simulated
simulated,0,super,yes,85.62681378143283,9,simulated
simulated,0,super,yes,85.60516606498612,9,simulated
simulated,0,super,yes,85.65762278206087,9,simulated
simulated,0,super,yes,85.61688342576734,9,simulated
simulated,0,super,yes,85.682129115841,9,simulated
simulated,0,super,yes,85.68581818995769,9,simulated
simulated,0,super,yes,85.61471974568052,9,simulated
simulated,0,super,yes,85.64815441089068,9,simulated
simulated,0,super,yes,85.64085817487612,9,simulated
simulated,0,super,yes,85.58047484302074,9,simulated
simulated,0,super,yes,85.67544105507315,9,simulated
simulated,0,super,yes,85.67857037792339,9,simulated
simulated,0,super,yes,85.6245441956624,9,simulated
simulated,0,super,yes,85.6305817196186,9,simulated
simulated,0,super,yes,85.68460394086073,9,simulated
simulated,0,super,yes,85.61581830089625,9,simulated
simulated,0,super,yes,85.66876818820398,9,simulated
simulated,0,super,yes,85.64105690440424,9,simulated
simulated,0,super,yes,85.64016670565937,9,simulated
simulated,0,super,yes,85.64260638570353,9,simulated
simulated,0,super,yes,85.58424211746545,9,simulated
simulated,0,super,yes,85.63094834489532,9,simulated
simulated,0,super,yes,85.64973884501205,9,simulated
simulated,0,super,yes,85.6618766960075,9,simulated
simulated,0,super,yes,85.68795960180223,9,simulated
simulated,0,super,yes,85.62445968526268,9,simulated
simulated,0,super,yes,85.73160942821649,9,simulated
simulated,0,super,yes,85.63740988545271,9,simulated
simulated,0,super,yes,85.74633602747824,9,simulated
simulated,0,super,yes,85.62671178005206,9,simulated
simulated,0,super,yes,85.69335061132185,9,simulated
simulated,0,super,yes,85.62521175886044,9,simulated
simulated,0,super,yes,85.61288886171408,9,simulated
simulated,0,super,yes,85.66505066751857,9,simulated
simulated,0,super,yes,85.63825128888908,9,simulated
simulated,0,super,yes,85.6913288016743,9,simulated
simulated,0,super,yes,85.64855535286942,9,simulated
simulated,0,super,yes,85.63193128322021,9,simulated
simulated,0,super,yes,85.65821922573093,9,simulated
simulated,0,super,yes,85.63577992846747,9,simulated
simulated,0,super,yes,85.60728249048498,9,simulated
simulated,0,super,yes,85.65400653389986,9,simulated
simulated,0,super,yes,85.71786725985484,9,simulated
simulated,0,super,yes,85.69543968632692,9,simulated
simulated,0,super,yes,85.71571994318195,9,simulated
simulated,0,super,yes,85.63703193052987,9,simulated
simulated,0,super,yes,85.66846616018405,9,simulated
simulated,0,super,yes,85.58222263818256,9,simulated
simulated,0,super,yes,85.60792466758043,9,simulated
simulated,0,super,yes,85.71340383764624,9,simulated
simulated,0,super,yes,85.68357707410077,9,simulated
simulated,0,super,yes,85.62198023694182,9,simulated
simulated,0,super,yes,85.6250709266598,9,simulated
simulated,0,super,yes,85.66349197922547,9,simulated
simulated,0,super,yes,85.67175169170707,9,simulated
simulated,0,super,yes,85.69136633762888,9,simulated
simulated,0,super,yes,85.67583242544708,9,simulated
simulated,0,super,yes,85.66048372751168,9,simulated
simulated,0,super,yes,85.62101945606656,9,simulated
simulated,0,super,yes,85.7049950366937,9,simulated
simulated,0,super,yes,85.59469269171001,9,simulated
simulated,0,super,yes,85.69606081092783,9,simulated
simulated,0,super,yes,85.67101707633964,9,simulated
simulated,0,super,yes,85.69190720694304,9,simulated
simulated,0,super,yes,85.64530274568205,9,simulated
simulated,0,super,yes,85.6139250702871,9,simulated
simulated,0,super,yes,85.6009873151836,9,simulated
simulated,0,super,yes,85.60919869498326,9,simulated
simulated,0,super,yes,85.64496716965768,9,simulated
simulated,0,super,yes,85.66491420060203,9,simulated
simulated,0,super,yes,85.75740498448823,9,simulated
simulated,0,super,yes,85.63149254494027,9,simulated
simulated,0,super,yes,85.66860547057456,9,simulated
simulated,0,super,yes,85.63437950300926,9,simulated
simulated,1,super,yes,85.67232686461334,9,simulated
simulated,1,super,yes,85.66379562282236,9,simulated
simulated,1,super,yes,85.67088656106101,9,simulated
simulated,1,super,yes,85.62360396848882,9,simulated
simulated,1,super,yes,85.63963290888967,9,simulated
simulated,1,super,yes,85.66282140254161,9,simulated
simulated,1,super,yes,85.62271020686669,9,simulated
simulated,1,super,yes,85.64661054772114,9,simulated
simulated,1,super,yes,85.6760617165068,9,simulated
simulated,1,super,yes,85.65420228345273,9,simulated
simulated,1,super,yes,85.65434739264663,9,simulated
simulated,1,super,yes,85.64996729436503,9,simulated
simulated,1,super,yes,85.71059169986334,9,simulated
simulated,1,super,yes,85.63274113463764,9,simulated
simulated,1,super,yes,85.68291716261105,9,simulated
simulated,1,super,yes,85.62459181704294,9,simulated
simulated,1,super,yes,85.6479178902572,9,simulated
simulated,1,super,yes,85.60053763408195,9,simulated
simulated,1,super,yes,85.69965110693333,9,simulated
simulated,1,super,yes,85.70433845094725,9,simulated
simulated,1,super,yes,85.63983905473492,9,simulated
simulated,1,super,yes,85.76353038772172,9,simulated
simulated,1,super,yes,85.62022698279772,9,simulated
simulated,1,super,yes,85.6672559976886,9,simulated
simulated,1,super,yes,85.6982573812459,9,simulated
simulated,1,super,yes,85.61803798962463,9,simulated
simulated,1,super,yes,85.65482942615787,9,simulated
simulated,1,super,yes,85.6477422275822,9,simulated
simulated,1,super,yes,85.66949825469905,9,simulated
simulated,1,super,yes,85.67255977268817,9,simulated
simulated,1,super,yes,85.6685939896262,9,simulated
simulated,1,super,yes,85.64445756440156,9,simulated
simulated,1,super,yes,85.70756876246574,9,simulated
simulated,1,super,yes,85.65387809897089,9,simulated
simulated,1,super,yes,85.72216767997973,9,simulated
simulated,1,super,yes,85.6399826472774,9,simulated
simulated,1,super,yes,85.69210527308395,9,simulated
simulated,1,super,yes,85.69408668390511,9,simulated
simulated,1,super,yes,85.62803740450661,9,simulated
simulated,1,super,yes,85.68523846155315,9,simulated
simulated,1,super,yes,85.63915764656205,9,simulated
simulated,1,super,yes,85.63436548398128,9,simulated
simulated,1,super,yes,85.63546488049526,9,simulated
simulated,1,super,yes,85.70999297215842,9,simulated
simulated,1,super,yes,85.70869322695414,9,simulated
simulated,1,super,yes,85.65367032596573,9,simulated
simulated,1,super,yes,85.66554721867831,9,simulated
simulated,1,super,yes,85.60656885174951,9,simulated
simulated,1,super,yes,85.64601795497897,9,simulated
simulated,1,super,yes,85.70953096206588,9,simulated
simulated,1,super,yes,85.56996858781973,9,simulated
simulated,1,super,yes,85.70822439035801,9,simulated
simulated,1,super,yes,85.6265496467699,9,simulated
simulated,1,super,yes,85.70893630486879,9,simulated
simulated,1,super,yes,85.67471474895542,9,simulated
simulated,1,super,yes,85.71169413018836,9,simulated
simulated,1,super,yes,85.6420252322547,9,simulated
simulated,1,super,yes,85.68929563364112,9,simulated
simulated,1,super,yes,85.69522034341716,9,simulated
simulated,1,super,yes,85.72103525485068,9,simulated
simulated,1,super,yes,85.67558954045792,9,simulated
simulated,1,super,yes,85.70878631954167,9,simulated
simulated,1,super,yes,85.65072840257098,9,simulated
simulated,1,super,yes,85.7438654506561,9,simulated
simulated,1,super,yes,85.6414051481084,9,simulated
simulated,1,super,yes,85.63407369734112,9,simulated
simulated,1,super,yes,85.58237821502267,9,simulated
simulated,1,super,yes,85.6583849661537,9,simulated
simulated,1,super,yes,85.6455498891832,9,simulated
simulated,1,super,yes,85.75020131371039,9,simulated
simulated,1,super,yes,85.62822303147777,9,simulated
simulated,1,super,yes,85.71425957419507,9,simulated
simulated,1,super,yes,85.69763461038114,9,simulated
simulated,1,super,yes,85.66102471362426,9,simulated
simulated,1,super,yes,85.66983491550621,9,simulated
simulated,1,super,yes,85.65196588813389,9,simulated
simulated,1,super,yes,85.74355765959218,9,simulated
simulated,1,super,yes,85.64606623167755,9,simulated
simulated,1,super,yes,85.67152070646782,9,simulated
simulated,1,super,yes,85.75518084050728,9,simulated
simulated,1,super,yes,85.7093229068097,9,simulated
simulated,1,super,yes,85.66222382682334,9,simulated
simulated,1,super,yes,85.65658740770269,9,simulated
simulated,1,super,yes,85.68487037619413,9,simulated
simulated,1,super,yes,85.66722080299344,9,simulated
simulated,1,super,yes,85.69000509612944,9,simulated
simulated,1,super,yes,85.69281126208607,9,simulated
simulated,1,super,yes,85.66511622194916,9,simulated
simulated,1,super,yes,85.6908210716532,9,simulated
simulated,1,super,yes,85.70653322792671,9,simulated
simulated,1,super,yes,85.65394711511492,9,simulated
simulated,1,super,yes,85.72822776125604,9,simulated
simulated,1,super,yes,85.68659146228194,9,simulated
simulated,1,super,yes,85.66044744161321,9,simulated
simulated,1,super,yes,85.72121892043539,9,simulated
simulated,1,super,yes,85.62040408832148,9,simulated
simulated,1,super,yes,85.65628223071414,9,simulated
simulated,1,super,yes,85.67901871951773,9,simulated
simulated,1,super,yes,85.65244537053822,9,simulated
simulated,1,super,yes,85.65045966132827,9,simulated
simulated,1,super,yes,85.65689060265716,9,simulated
simulated,1,super,yes,85.64730949565127,9,simulated
simulated,1,super,yes,85.64991529756998,9,simulated
simulated,1,super,yes,85.60569618002019,9,simulated
simulated,1,super,yes,85.564624403326,9,simulated
simulated,1,super,yes,85.64250740520787,9,simulated
simulated,1,super,yes,85.68304360129754,9,simulated
simulated,1,super,yes,85.66954623729625,9,simulated
simulated,1,super,yes,85.60760789311895,9,simulated
simulated,1,super,yes,85.58951008953642,9,simulated
simulated,1,super,yes,85.64315080921666,9,simulated
simulated,1,super,yes,85.68492339311787,9,simulated
simulated,1,super,yes,85.67336308476584,9,simulated
simulated,1,super,yes,85.65525782101172,9,simulated
simulated,1,super,yes,85.68461271964226,9,simulated
simulated,1,super,yes,85.64157913400251,9,simulated
simulated,1,super,yes,85.6567213429903,9,simulated
simulated,1,super,yes,85.68183701823997,9,simulated
simulated,1,super,yes,85.65191459992091,9,simulated
simulated,1,super,yes,85.67811586569385,9,simulated
simulated,1,super,yes,85.72528116351411,9,simulated
simulated,1,super,yes,85.66447289334079,9,simulated
simulated,1,super,yes,85.59078625657375,9,simulated
simulated,1,super,yes,85.70211024681437,9,simulated
simulated,1,super,yes,85.62524274930026,9,simulated
simulated,1,super,yes,85.73551438357237,9,simulated
simulated,1,super,yes,85.66196653361094,9,simulated
simulated,1,super,yes,85.62684156862335,9,simulated
simulated,1,super,yes,85.62223589467885,9,simulated
simulated,1,super,yes,85.64555046733929,9,simulated
simulated,1,super,yes,85.71485484491721,9,simulated
simulated,1,super,yes,85.70447015023818,9,simulated
simulated,1,super,yes,85.71519238707229,9,simulated
simulated,1,super,yes,85.6569098742876,9,simulated
simulated,1,super,yes,85.65184825335136,9,simulated
simulated,1,super,yes,85.59888332597048,9,simulated
simulated,1,super,yes,85.72414263702098,9,simulated
simulated,1,super,yes,85.76787473278587,9,simulated
simulated,1,super,yes,85.62600622685757,9,simulated
simulated,1,super,yes,85.61503996206885,9,simulated
simulated,1,super,yes,85.69757942081137,9,simulated
simulated,1,super,yes,85.71910159198572,9,simulated
simulated,1,super,yes,85.64587912711195,9,simulated
simulated,1,super,yes,85.62623226968766,9,simulated
simulated,1,super,yes,85.68201647051761,9,simulated
simulated,1,super,yes,85.67073276894536,9,simulated
simulated,1,super,yes,85.64556727519958,9,simulated
simulated,1,super,yes,85.71780749274404,9,simulated
simulated,1,super,yes,85.65607749142262,9,simulated
simulated,1,super,yes,85.65254141814319,9,simulated
simulated,1,super,yes,85.69437440988418,9,simulated
simulated,1,super,yes,85.68409879934045,9,simulated
simulated,1,super,yes,85.68780841082344,9,simulated
simulated,1,super,yes,85.75217751196526,9,simulated
simulated,1,super,yes,85.74783377270609,9,simulated
simulated,1,super,yes,85.61988308169288,9,simulated
simulated,1,super,yes,85.64129943237361,9,simulated
simulated,1,super,yes,85.56413466234575,9,simulated
simulated,1,super,yes,85.66428954365038,9,simulated
simulated,1,super,yes,85.65565016919201,9,simulated
simulated,1,super,yes,85.72100777783608,9,simulated
simulated,1,super,yes,85.68029468602116,9,simulated
simulated,1,super,yes,85.70659363317597,9,simulated
simulated,1,super,yes,85.66217013946412,9,simulated
simulated,1,super,yes,85.67123515196795,9,simulated
simulated,1,super,yes,85.65612855354804,9,simulated
simulated,1,super,yes,85.69774141042764,9,simulated
simulated,1,super,yes,85.64683586189643,9,simulated
simulated,1,super,yes,85.65248719761097,9,simulated
simulated,1,super,yes,85.64697882106725,9,simulated
simulated,1,super,yes,85.66335198843433,9,simulated
simulated,1,super,yes,85.65546335782349,9,simulated
simulated,1,super,yes,85.74403302608967,9,simulated
simulated,1,super,yes,85.6326077132263,9,simulated
simulated,1,super,yes,85.65559990246624,9,simulated
simulated,1,super,yes,85.59677774358164,9,simulated
simulated,1,super,yes,85.69998511416159,9,simulated
simulated,1,super,yes,85.66755659994637,9,simulated
simulated,1,super,yes,85.64416625194288,9,simulated
simulated,1,super,yes,85.68493883975404,9,simulated
simulated,1,super,yes,85.59040641652237,9,simulated
simulated,1,super,yes,85.6467303760871,9,simulated
simulated,1,super,yes,85.7227291061414,9,simulated
simulated,1,super,yes,85.66092336380045,9,simulated
simulated,1,super,yes,85.63836818463135,9,simulated
simulated,1,super,yes,85.61549462855285,9,simulated
simulated,1,super,yes,85.71436117536376,9,simulated
simulated,1,super,yes,85.61141303586646,9,simulated
simulated,1,super,yes,85.64560671055204,9,simulated
simulated,1,super,yes,85.66798094737959,9,simulated
simulated,1,super,yes,85.74060553640697,9,simulated
simulated,1,super,yes,85.63543559808933,9,simulated
simulated,1,super,yes,85.61105863539088,9,simulated
simulated,1,super,yes,85.65543655698649,9,simulated
simulated,1,super,yes,85.67956016537997,9,simulated
simulated,1,super,yes,85.72659468902258,9,simulated
simulated,1,super,yes,85.73568611651147,9,simulated
simulated,1,super,yes,85.64466361797788,9,simulated
simulated,1,super,yes,85.68338252816191,9,simulated
simulated,1,super,yes,85.60839781051794,9,simulated
simulated,0,basic,yes,253.22367610562273,9,simulated
simulated,0,basic,yes,253.241109683601,9,simulated
simulated,0,basic,yes,253.2298349906155,9,simulated
simulated,0,basic,yes,253.17643370643407,9,simulated
simulated,0,basic,yes,253.16886423597575,9,simulated
simulated,0,basic,yes,253.22834836300837,9,simulated
simulated,0,basic,yes,253.15268470006825,9,simulated
simulated,0,basic,yes,253.23649463025427,9,simulated
simulated,0,basic,yes,253.18255997066632,9,simulated
simulated,0,basic,yes,253.19727757769994,9,simulated
simulated,0,basic,yes,253.2257897425399,9,simulated
simulated,0,basic,yes,253.21756576396834,9,simulated
simulated,0,basic,yes,253.2496679352317,9,simulated
simulated,0,basic,yes,253.2445406027499,9,simulated
simulated,0,basic,yes,253.25676952180518,9,simulated
simulated,0,basic,yes,253.24859196718282,9,simulated
simulated,0,basic,yes,253.1430420516267,9,simulated
simulated,0,basic,yes,253.1860110974041,9,simulated
simulated,0,basic,yes,253.18076475993016,9,simulated
simulated,0,basic,yes,253.26147967020557,9,simulated
simulated,0,basic,yes,253.23677451071015,9,simulated
simulated,0,basic,yes,253.24435786811054,9,simulated
simulated,0,basic,yes,253.16253532592725,9,simulated
simulated,0,basic,yes,253.1305235393756,9,simulated
simulated,0,basic,yes,253.27263745925575,9,simulated
simulated,0,basic,yes,253.26083796211643,9,simulated
simulated,0,basic,yes,253.22282464954324,9,simulated
simulated,0,basic,yes,253.18196885204037,9,simulated
simulated,0,basic,yes,253.25263521479013,9,simulated
simulated,0,basic,yes,253.14313643501262,9,simulated
simulated,0,basic,yes,253.1792009799262,9,simulated
simulated,0,basic,yes,253.14405190458723,9,simulated
simulated,0,basic,yes,253.25006620684587,9,simulated
simulated,0,basic,yes,253.15208203168623,9,simulated
simulated,0,basic,yes,253.13637918948893,9,simulated
simulated,0,basic,yes,253.23067506747512,9,simulated
simulated,0,basic,yes,253.20241546020844,9,simulated
simulated,0,basic,yes,253.195461173723,9,simulated
simulated,0,basic,yes,253.1908369175039,9,simulated
simulated,0,basic,yes,253.1829342268177,9,simulated
simulated,0,basic,yes,253.24749668051953,9,simulated
simulated,0,basic,yes,253.21876900844904,9,simulated
simulated,0,basic,yes,253.2578383150985,9,simulated
simulated,0,basic,yes,253.18651902808674,9,simulated
simulated,0,basic,yes,253.2143671560302,9,simulated
simulated,0,basic,yes,253.22681918251254,9,simulated
simulated,0,basic,yes,253.23646673126174,9,simulated
simulated,0,basic,yes,253.22486248381753,9,simulated
simulated,0,basic,yes,253.21763835121544,9,simulated
simulated,0,basic,yes,253.19325125024235,9,simulated
simulated,0,basic,yes,253.21759811405295,9,simulated
simulated,0,basic,yes,253.11567663908096,9,simulated
simulated,0,basic,yes,253.2866491253041,9,simulated
simulated,0,basic,yes,253.1292333860711,9,simulated
simulated,0,basic,yes,253.24793688353245,9,simulated
simulated,0,basic,yes,253.08004209987553,9,simulated
simulated,0,basic,yes,253.13976536680323,9,simulated
simulated,0,basic,yes,253.1155508988573,9,simulated
simulated,0,basic,yes,253.12116410985618,9,simulated
simulated,0,basic,yes,253.18108608038568,9,simulated
simulated,0,basic,yes,253.23215809498987,9,simulated
simulated,0,basic,yes,253.1837548721737,9,simulated
simulated,0,basic,yes,253.19920924869072,9,simulated
simulated,0,basic,yes,253.1975410692735,9,simulated
simulated,0,basic,yes,253.19969322631093,9,simulated
simulated,0,basic,yes,253.15532179535367,9,simulated
simulated,0,basic,yes,253.22757214327612,9,simulated
simulated,0,basic,yes,253.2096736087406,9,simulated
simulated,0,basic,yes,253.2284533576426,9,simulated
simulated,0,basic,yes,253.2006646687326,9,simulated
simulated,0,basic,yes,253.21813931134744,9,simulated
simulated,0,basic,yes,253.1485875873417,9,simulated
simulated,0,basic,yes,253.18793273492113,9,simulated
simulated,0,basic,yes,253.20119411003236,9,simulated
simulated,0,basic,yes,253.15924214453395,9,simulated
simulated,0,basic,yes,253.18552537903636,9,simulated
simulated,0,basic,yes,253.20183525138643,9,simulated
simulated,0,basic,yes,253.1090838971561,9,simulated
simulated,0,basic,yes,253.26960427121887,9,simulated
simulated,0,basic,yes,253.22635984300118,9,simulated
simulated,0,basic,yes,253.2220242573638,9,simulated
simulated,0,basic,yes,253.20947991876986,9,simulated
simulated,0,basic,yes,253.10700664780185,9,simulated
simulated,0,basic,yes,253.1663316176036,9,simulated
simulated,0,basic,yes,253.13397908535947,9,simulated
simulated,0,basic,yes,253.22260525944603,9,simulated
simulated,0,basic,yes,253.24030857400274,9,simulated
simulated,0,basic,yes,253.18137175738892,9,simulated
simulated,0,basic,yes,253.21979574749056,9,simulated
simulated,0,basic,yes,253.24255217196728,9,simulated
simulated,0,basic,yes,253.21723493918344,9,simulated
simulated,0,basic,yes,253.2098184646871,9,simulated
simulated,0,basic,yes,253.26278620746484,9,simulated
simulated,0,basic,yes,253.1515169867931,9,simulated
simulated,0,basic,yes,253.23743357950832,9,simulated
simulated,0,basic,yes,253.233727800945,9,simulated
simulated,0,basic,yes,253.15816927195095,9,simulated
simulated,0,basic,yes,253.1841335993115,9,simulated
simulated,0,basic,yes,253.1279143397104,9,simulated
simulated,0,basic,yes,253.18320041300552,9,simulated
simulated,1,basic,yes,253.2378548590135,9,simulated
simulated,1,basic,yes,253.28152030966285,9,simulated
simulated,1,basic,yes,253.10917101029176,9,simulated
simulated,1,basic,yes,253.1576718683173,9,simulated
simulated,1,basic,yes,253.19693548926998,9,simulated
simulated,1,basic,yes,253.18521081814194,9,simulated
simulated,1,basic,yes,253.27436425950532,9,simulated
simulated,1,basic,yes,253.18183059805082,9,simulated
simulated,1,basic,yes,253.21294412941657,9,simulated
simulated,1,basic,yes,253.1764084431211,9,simulated
simulated,1,basic,yes,253.31538302395444,9,simulated
simulated,1,basic,yes,253.15174762762337,9,simulated
simulated,1,basic,yes,253.18706449607134,9,simulated
simulated,1,basic,yes,253.21016900230873,9,simulated
simulated,1,basic,yes,253.22467627937243,9,simulated
simulated,1,basic,yes,253.15490427089648,9,simulated
simulated,1,basic,yes,253.19201866505708,9,simulated
simulated,1,basic,yes,253.21541557121498,9,simulated
simulated,1,basic,yes,253.21329561857652,9,simulated
simulated,1,basic,yes,253.16724439794228,9,simulated
simulated,1,basic,yes,253.16273356370917,9,simulated
simulated,1,basic,yes,253.20666871011207,9,simulated
simulated,1,basic,yes,253.22604823783448,9,simulated
simulated,1,basic,yes,253.2105927276762,9,simulated
simulated,1,basic,yes,253.2083121375947,9,simulated
simulated,1,basic,yes,253.2021099115143,9,simulated
simulated,1,basic,yes,253.2137234531453,9,simulated
simulated,1,basic,yes,253.19144876372346,9,simulated
simulated,1,basic,yes,253.17796295242923,9,simulated
simulated,1,basic,yes,253.1928407489824,9,simulated
simulated,1,basic,yes,253.2196482737845,9,simulated
simulated,1,basic,yes,253.14677541030935,9,simulated
simulated,1,basic,yes,253.18616728170528,9,simulated
simulated,1,basic,yes,253.1642571299427,9,simulated
simulated,1,basic,yes,253.20597835783948,9,simulated
simulated,1,basic,yes,253.1511812191515,9,simulated
simulated,1,basic,yes,253.2128319181308,9,simulated
simulated,1,basic,yes,253.26665489179348,9,simulated
simulated,1,basic,yes,253.16927559703655,9,simulated
simulated,1,basic,yes,253.1514691884498,9,simulated
simulated,1,basic,yes,253.21511701516243,9,simulated
simulated,1,basic,yes,253.2082876221552,9,simulated
simulated,1,basic,yes,253.1788504105322,9,simulated
simulated,1,basic,yes,253.1946359263503,9,simulated
simulated,1,basic,yes,253.23503243235692,9,simulated
simulated,1,basic,yes,253.18038088902028,9,simulated
simulated,1,basic,yes,253.1426946150331,9,simulated
simulated,1,basic,yes,253.22350031609707,9,simulated
simulated,1,basic,yes,253.17807912932005,9,simulated
simulated,1,basic,yes,253.2210228458134,9,simulated
simulated,1,basic,yes,253.20172977413054,9,simulated
simulated,1,basic,yes,253.20974040652382,9,simulated
simulated,1,basic,yes,253.1945845552444,9,simulated
simulated,1,basic,yes,253.26788098142657,9,simulated
simulated,1,basic,yes,253.21946359356858,9,simulated
simulated,1,basic,yes,253.1475987762999,9,simulated
simulated,1,basic,yes,253.2146753123259,9,simulated
simulated,1,basic,yes,253.21893039097174,9,simulated
simulated,1,basic,yes,253.20051106363715,9,simulated
simulated,1,basic,yes,253.24489117161008,9,simulated
simulated,1,basic,yes,253.31048592894598,9,simulated
simulated,1,basic,yes,253.25655526752368,9,simulated
simulated,1,basic,yes,253.20374111700403,9,simulated
simulated,1,basic,yes,253.1948970617342,9,simulated
simulated,1,basic,yes,253.15321463304338,9,simulated
simulated,1,basic,yes,253.25038058928922,9,simulated
simulated,1,basic,yes,253.17555197690075,9,simulated
simulated,1,basic,yes,253.22851809351,9,simulated
simulated,1,basic,yes,253.20449214313527,9,simulated
simulated,1,basic,yes,253.1966210501242,9,simulated
simulated,1,basic,yes,253.25447260860918,9,simulated
simulated,1,basic,yes,253.18177673419612,9,simulated
simulated,1,basic,yes,253.20365030997624,9,simulated
simulated,1,basic,yes,253.23912033219662,9,simulated
simulated,1,basic,yes,253.14366578021475,9,simulated
simulated,1,basic,yes,253.2380730008832,9,simulated
simulated,1,basic,yes,253.2341587781461,9,simulated
simulated,1,basic,yes,253.251046846418,9,simulated
simulated,1,basic,yes,253.1651956441048,9,simulated
simulated,1,basic,yes,253.18876890677083,9,simulated
simulated,1,basic,yes,253.28695188049278,9,simulated
simulated,1,basic,yes,253.23891663692018,9,simulated
simulated,1,basic,yes,253.2715662342158,9,simulated
simulated,1,basic,yes,253.22594690988643,9,simulated
simulated,1,basic,yes,253.22124039381512,9,simulated
simulated,1,basic,yes,253.1695494429687,9,simulated
simulated,1,basic,yes,253.2995253888373,9,simulated
simulated,1,basic,yes,253.26067359358737,9,simulated
simulated,1,basic,yes,253.2108102872712,9,simulated
simulated,1,basic,yes,253.19942829605924,9,simulated
simulated,1,basic,yes,253.22905982609805,9,simulated
simulated,1,basic,yes,253.1867444408323,9,simulated
simulated,1,basic,yes,253.21801044342962,9,simulated
simulated,1,basic,yes,253.18876731809544,9,simulated
simulated,1,basic,yes,253.1540889388831,9,simulated
simulated,1,basic,yes,253.19913082312516,9,simulated
simulated,1,basic,yes,253.2460720130788,9,simulated
simulated,1,basic,yes,253.2258907395476,9,simulated
simulated,1,basic,yes,253.18050858341684,9,simulated
simulated,1,basic,yes,253.17946259159726,9,simulated
simulated,2,basic,yes,253.17430569438326,9,simulated
simulated,2,basic,yes,253.1859974068588,9,simulated
simulated,2,basic,yes,253.19430515203703,9,simulated
simulated,2,basic,yes,253.2773917539706,9,simulated
simulated,2,basic,yes,253.14771105694544,9,simulated
simulated,2,basic,yes,253.21893518810984,9,simulated
simulated,2,basic,yes,253.16224436121198,9,simulated
simulated,2,basic,yes,253.22885572110667,9,simulated
simulated,2,basic,yes,253.21551907920426,9,simulated
simulated,2,basic,yes,253.21619503265595,9,simulated
simulated,2,basic,yes,253.24980288432315,9,simulated
simulated,2,basic,yes,253.19271948609028,9,simulated
simulated,2,basic,yes,253.19734820213043,9,simulated
simulated,2,basic,yes,253.14632183706595,9,simulated
simulated,2,basic,yes,253.1800653294038,9,simulated
simulated,2,basic,yes,253.21373500174775,9,simulated
simulated,2,basic,yes,253.1684731438609,9,simulated
simulated,2,basic,yes,253.1950670343316,9,simulated
simulated,2,basic,yes,253.26368471060977,9,simulated
simulated,2,basic,yes,253.14349491823876,9,simulated
simulated,2,basic,yes,253.2340237781151,9,simulated
simulated,2,basic,yes,253.27929647538718,9,simulated
simulated,2,basic,yes,253.21996685968813,9,simulated
simulated,2,basic,yes,253.13877081378007,9,simulated
simulated,2,basic,yes,253.29308254937422,9,simulated
simulated,2,basic,yes,253.27181714141622,9,simulated
simulated,2,basic,yes,253.26842471055068,9,simulated
simulated,2,basic,yes,253.21148178899708,9,simulated
simulated,2,basic,yes,253.2300198113235,9,simulated
simulated,2,basic,yes,253.2615571496329,9,simulated
simulated,2,basic,yes,253.22088517777829,9,simulated
simulated,2,basic,yes,253.19857155703036,9,simulated
simulated,2,basic,yes,253.14766921953006,9,simulated
simulated,2,basic,yes,253.19981499533992,9,simulated
simulated,2,basic,yes,253.24353042953888,9,simulated
simulated,2,basic,yes,253.21878223467044,9,simulated
simulated,2,basic,yes,253.1827630878562,9,simulated
simulated,2,basic,yes,253.21656845264272,9,simulated
simulated,2,basic,yes,253.1825051427276,9,simulated
simulated,2,basic,yes,253.24156567246573,9,simulated
simulated,2,basic,yes,253.23227390368982,9,simulated
simulated,2,basic,yes,253.27664411802314,9,simulated
simulated,2,basic,yes,253.18474773005224,9,simulated
simulated,2,basic,yes,253.23436097391547,9,simulated
simulated,2,basic,yes,253.2020055125562,9,simulated
simulated,2,basic,yes,253.14112708562095,9,simulated
simulated,2,basic,yes,253.18629319549177,9,simulated
simulated,2,basic,yes,253.22311201280723,9,simulated
simulated,2,basic,yes,253.16144627588477,9,simulated
simulated,2,basic,yes,253.22133359686046,9,simulated
simulated,2,basic,yes,253.15255072310035,9,simulated
simulated,2,basic,yes,253.22240881587442,9,simulated
simulated,2,basic,yes,253.1960760782805,9,simulated
simulated,2,basic,yes,253.13723852626487,9,simulated
simulated,2,basic,yes,253.28625738831744,9,simulated
simulated,2,basic,yes,253.25784818989976,9,simulated
simulated,2,basic,yes,253.21059126832984,9,simulated
simulated,2,basic,yes,253.16775065256476,9,simulated
simulated,2,basic,yes,253.20260315012288,9,simulated
simulated,2,basic,yes,253.15806931964627,9,simulated
simulated,2,basic,yes,253.21977689532073,9,simulated
simulated,2,basic,yes,253.20221084676308,9,simulated
simulated,2,basic,yes,253.20031215168817,9,simulated
simulated,2,basic,yes,253.23166244870924,9,simulated
simulated,2,basic,yes,253.19552106048235,9,simulated
simulated,2,basic,yes,253.20500028622195,9,simulated
simulated,2,basic,yes,253.2067678454458,9,simulated
simulated,2,basic,yes,253.29336978884498,9,simulated
simulated,2,basic,yes,253.23739487436896,9,simulated
simulated,2,basic,yes,253.24341114089583,9,simulated
simulated,2,basic,yes,253.14562057123587,9,simulated
simulated,2,basic,yes,253.19597251667608,9,simulated
simulated,2,basic,yes,253.22973757661612,9,simulated
simulated,2,basic,yes,253.22996362431957,9,simulated
simulated,2,basic,yes,253.24830719287993,9,simulated
simulated,2,basic,yes,253.2331005872015,9,simulated
simulated,2,basic,yes,253.16909572090017,9,simulated
simulated,2,basic,yes,253.2128626714329,9,simulated
simulated,2,basic,yes,253.2409916324878,9,simulated
simulated,2,basic,yes,253.29155566276125,9,simulated
simulated,2,basic,yes,253.2646786673038,9,simulated
simulated,2,basic,yes,253.24324863623465,9,simulated
simulated,2,basic,yes,253.2509993068024,9,simulated
simulated,2,basic,yes,253.17952693080892,9,simulated
simulated,2,basic,yes,253.1905008930739,9,simulated
simulated,2,basic,yes,253.236746845088,9,simulated
simulated,2,basic,yes,253.17714030663444,9,simulated
simulated,2,basic,yes,253.2869440557471,9,simulated
simulated,2,basic,yes,253.17075705227495,9,simulated
simulated,2,basic,yes,253.18926543370878,9,simulated
simulated,2,basic,yes,253.26438224185577,9,simulated
simulated,2,basic,yes,253.25501324373934,9,simulated
simulated,2,basic,yes,253.2482504733197,9,simulated
simulated,2,basic,yes,253.22966222098677,9,simulated
simulated,2,basic,yes,253.22886753209912,9,simulated
simulated,2,basic,yes,253.2393860849954,9,simulated
simulated,2,basic,yes,253.18586233948164,9,simulated
simulated,2,basic,yes,253.12811657254886,9,simulated
simulated,2,basic,yes,253.23040801433038,9,simulated
simulated,2,basic,yes,253.1990465768129,9,simulated
simulated,3,basic,yes,253.29956097997305,9,simulated
simulated,3,basic,yes,253.23663655485976,9,simulated
simulated,3,basic,yes,253.11956706456854,9,simulated
simulated,3,basic,yes,253.26612570317263,9,simulated
simulated,3,basic,yes,253.19562024171177,9,simulated
simulated,3,basic,yes,253.22954216033105,9,simulated
simulated,3,basic,yes,253.1596535702507,9,simulated
simulated,3,basic,yes,253.17393308599523,9,simulated
simulated,3,basic,yes,253.21857962508608,9,simulated
simulated,3,basic,yes,253.24746891865266,9,simulated
simulated,3,basic,yes,253.205738134872,9,simulated
simulated,3,basic,yes,253.23706113925505,9,simulated
simulated,3,basic,yes,253.14805517981574,9,simulated
simulated,3,basic,yes,253.23950486896607,9,simulated
simulated,3,basic,yes,253.1916871367833,9,simulated
simulated,3,basic,yes,253.2080382475998,9,simulated
simulated,3,basic,yes,253.20768895605372,9,simulated
simulated,3,basic,yes,253.21347037696725,9,simulated
simulated,3,basic,yes,253.215606976804,9,simulated
simulated,3,basic,yes,253.22562173550995,9,simulated
simulated,3,basic,yes,253.1981121030631,9,simulated
simulated,3,basic,yes,253.28438047309453,9,simulated
simulated,3,basic,yes,253.19058981091004,9,simulated
simulated,3,basic,yes,253.20655394645917,9,simulated
simulated,3,basic,yes,253.16729060750808,9,simulated
simulated,3,basic,yes,253.178682143515,9,simulated
simulated,3,basic,yes,253.17462798111526,9,simulated
simulated,3,basic,yes,253.27221603623892,9,simulated
simulated,3,basic,yes,253.18221270536534,9,simulated
simulated,3,basic,yes,253.24963854278036,9,simulated
simulated,3,basic,yes,253.1226095267294,9,simulated
simulated,3,basic,yes,253.23336265286892,9,simulated
simulated,3,basic,yes,253.1691400349306,9,simulated
simulated,3,basic,yes,253.20895983414206,9,simulated
simulated,3,basic,yes,253.23681118367273,9,simulated
simulated,3,basic,yes,253.2567219575421,9,simulated
simulated,3,basic,yes,253.23159207806953,9,simulated
simulated,3,basic,yes,253.18671922927754,9,simulated
simulated,3,basic,yes,253.2067883780077,9,simulated
simulated,3,basic,yes,253.21481682911573,9,simulated
simulated,3,basic,yes,253.22747059031963,9,simulated
simulated,3,basic,yes,253.2315557325398,9,simulated
simulated,3,basic,yes,253.20207881344504,9,simulated
simulated,3,basic,yes,253.22399052648794,9,simulated
simulated,3,basic,yes,253.19379009379594,9,simulated
simulated,3,basic,yes,253.23911937117708,9,simulated
simulated,3,basic,yes,253.18672213398446,9,simulated
simulated,3,basic,yes,253.24449598565002,9,simulated
simulated,3,basic,yes,253.20584267033087,9,simulated
simulated,3,basic,yes,253.18828698829927,9,simulated
simulated,3,basic,yes,253.23962356172277,9,simulated
simulated,3,basic,yes,253.1654514113906,9,simulated
simulated,3,basic,yes,253.19607480999457,9,simulated
simulated,3,basic,yes,253.21426532251255,9,simulated
simulated,3,basic,yes,253.19249299157408,9,simulated
simulated,3,basic,yes,253.21792886271712,9,simulated
simulated,3,basic,yes,253.27201749465476,9,simulated
simulated,3,basic,yes,253.1855621154533,9,simulated
simulated,3,basic,yes,253.21312248165924,9,simulated
simulated,3,basic,yes,253.24392801436753,9,simulated
simulated,3,basic,yes,253.17656774848047,9,simulated
simulated,3,basic,yes,253.2468959404685,9,simulated
simulated,3,basic,yes,253.20712363977103,9,simulated
simulated,3,basic,yes,253.24601436742887,9,simulated
simulated,3,basic,yes,253.1846918014145,9,simulated
simulated,3,basic,yes,253.22515359297338,9,simulated
simulated,3,basic,yes,253.2630679408362,9,simulated
simulated,3,basic,yes,253.180600618278,9,simulated
simulated,3,basic,yes,253.26460981001262,9,simulated
simulated,3,basic,yes,253.21241334257854,9,simulated
simulated,3,basic,yes,253.26119241725962,9,simulated
simulated,3,basic,yes,253.23696109353295,9,simulated
simulated,3,basic,yes,253.2615913396181,9,simulated
simulated,3,basic,yes,253.2371713069496,9,simulated
simulated,3,basic,yes,253.10362501750532,9,simulated
simulated,3,basic,yes,253.1707814646215,9,simulated
simulated,3,basic,yes,253.2205917696404,9,simulated
simulated,3,basic,yes,253.1891103228765,9,simulated
simulated,3,basic,yes,253.22566868930517,9,simulated
simulated,3,basic,yes,253.2407589868703,9,simulated
simulated,3,basic,yes,253.23609918475566,9,simulated
simulated,3,basic,yes,253.2106958193385,9,simulated
simulated,3,basic,yes,253.18326095854474,9,simulated
simulated,3,basic,yes,253.1733794790261,9,simulated
simulated,3,basic,yes,253.17226481125712,9,simulated
simulated,3,basic,yes,253.2137204043662,9,simulated
simulated,3,basic,yes,253.24097557193352,9,simulated
simulated,3,basic,yes,253.2230131941173,9,simulated
simulated,3,basic,yes,253.26993435347592,9,simulated
simulated,3,basic,yes,253.16926418870693,9,simulated
simulated,3,basic,yes,253.27257593723985,9,simulated
simulated,3,basic,yes,253.241898338775,9,simulated
simulated,3,basic,yes,253.2273688211977,9,simulated
simulated,3,basic,yes,253.16980243137493,9,simulated
simulated,3,basic,yes,253.22868591802813,9,simulated
simulated,3,basic,yes,253.20475963782044,9,simulated
simulated,3,basic,yes,253.27987001689075,9,simulated
simulated,3,basic,yes,253.24205443892606,9,simulated
simulated,3,basic,yes,253.2023569094789,9,simulated
simulated,3,basic,yes,253.1355818679724,9,simulated
simulated,0,sub,yes,817.1046468401372,9,simulated
simulated,0,sub,yes,816.949420335732,9,simulated
simulated,0,sub,yes,817.027744373778,9,simulated
simulated,0,sub,yes,816.9735297794194,9,simulated
simulated,0,sub,no,816.945013527494,9,simulated
simulated,0,sub,yes,816.9447760680476,9,simulated
simulated,0,sub,yes,816.8852807217485,9,simulated
simulated,0,sub,yes,816.9801241606103,9,simulated
simulated,0,sub,yes,817.0064137733616,9,simulated
simulated,0,sub,yes,816.9064213863481,9,simulated
simulated,0,sub,yes,816.9190159229478,9,simulated
simulated,0,sub,yes,817.1013517550983,9,simulated
simulated,0,sub,yes,816.9548167489379,9,simulated
simulated,0,sub,yes,816.9384495084067,9,simulated
simulated,0,sub,yes,817.0867333705579,9,simulated
simulated,0,sub,yes,816.9918894066449,9,simulated
simulated,0,sub,yes,816.7808661718833,9,simulated
simulated,0,sub,yes,817.0087753951462,9,simulated
simulated,0,sub,yes,816.8755525076194,9,simulated
simulated,0,sub,yes,817.0984850531056,9,simulated
simulated,0,sub,yes,817.0921010646935,9,simulated
simulated,0,sub,yes,816.9893568875887,9,simulated
simulated,0,sub,yes,816.9077646720283,9,simulated
simulated,0,sub,no,816.9860108549191,9,simulated
simulated,0,sub,yes,817.0229042557745,9,simulated
simulated,0,sub,yes,817.1467066348753,9,simulated
simulated,0,sub,yes,817.0080431023315,9,simulated
simulated,0,sub,yes,816.8354348160897,9,simulated
simulated,0,sub,yes,816.9515811764841,9,simulated
simulated,0,sub,yes,816.8830157777448,9,simulated
simulated,0,sub,yes,816.967679909643,9,simulated
simulated,0,sub,yes,816.9183681032259,9,simulated
simulated,0,sub,yes,817.0724762399203,9,simulated
simulated,0,sub,yes,816.98731736952,9,simulated
simulated,0,sub,yes,816.8722878769779,9,simulated
simulated,0,sub,yes,816.918232682097,9,simulated
simulated,0,sub,yes,816.9593935966595,9,simulated
simulated,0,sub,yes,816.9981405788866,9,simulated
simulated,0,sub,yes,816.9435603321594,9,simulated
simulated,0,sub,yes,817.0426525789319,9,simulated
simulated,0,sub,yes,817.0109037549355,9,simulated
simulated,0,sub,yes,817.0639406500917,9,simulated
simulated,0,sub,yes,817.1939181142471,9,simulated
simulated,0,sub,yes,816.9754882468218,9,simulated
simulated,0,sub,yes,817.0025750935787,9,simulated
simulated,0,sub,yes,816.8609897586235,9,simulated
simulated,0,sub,yes,816.9643894197546,9,simulated
simulated,0,sub,yes,817.031312438498,9,simulated
simulated,0,sub,yes,817.0839795010569,9,simulated
simulated,0,sub,yes,816.9708091392517,9,simulated
simulated,1,sub,yes,817.0119350114447,9,simulated
simulated,1,sub,yes,816.7183217909633,9,simulated
simulated,1,sub,yes,816.9331466746579,9,simulated
simulated,1,sub,yes,816.760005022573,9,simulated
simulated,1,sub,yes,817.1532710336771,9,simulated
simulated,1,sub,yes,816.919086935212,9,simulated
simulated,1,sub,yes,817.0642762825227,9,simulated
simulated,1,sub,yes,816.8615066387829,9,simulated
simulated,1,sub,yes,816.8097130124643,9,simulated
simulated,1,sub,yes,817.0159528630004,9,simulated
simulated,1,sub,yes,817.0500801248022,9,simulated
simulated,1,sub,yes,816.818885178393,9,simulated
simulated,1,sub,no,816.9556922627456,9,simulated
simulated,1,sub,yes,817.0498537021139,9,simulated
simulated,1,sub,yes,817.0004032879776,9,simulated
simulated,1,sub,yes,816.8891990254375,9,simulated
simulated,1,sub,yes,816.8939094966822,9,simulated
simulated,1,sub,yes,816.9909404079293,9,simulated
simulated,1,sub,yes,817.0366008376204,9,simulated
simulated,1,sub,yes,816.8158518901032,9,simulated
simulated,1,sub,yes,817.0217255997676,9,simulated
simulated,1,sub,yes,816.8731331877118,9,simulated
simulated,1,sub,yes,816.8824831203257,9,simulated
simulated,1,sub,yes,816.9044242702294,9,simulated
simulated,1,sub,yes,817.0353598406385,9,simulated
simulated,1,sub,yes,816.9026129498327,9,simulated
simulated,1,sub,yes,816.9773943968254,9,simulated
simulated,1,sub,yes,816.8595439029395,9,simulated
simulated,1,sub,yes,817.0444596128444,9,simulated
simulated,1,sub,yes,816.9785263445776,9,simulated
simulated,1,sub,yes,816.9492047118243,9,simulated
simulated,1,sub,yes,816.9895363775578,9,simulated
simulated,1,sub,yes,816.8866632085437,9,simulated
simulated,1,sub,yes,817.0221005965409,9,simulated
simulated,1,sub,yes,816.9792193401124,9,simulated
simulated,1,sub,yes,816.873315191256,9,simulated
simulated,1,sub,yes,816.9992036496265,9,simulated
simulated,1,sub,yes,816.9499153240955,9,simulated
simulated,1,sub,yes,817.049395370617,9,simulated
simulated,1,sub,yes,816.988472133989,9,simulated
simulated,1,sub,yes,816.9876732356851,9,simulated
simulated,1,sub,yes,816.9078515031521,9,simulated
simulated,1,sub,yes,816.9757217800601,9,simulated
simulated,1,sub,yes,816.8771520508479,9,simulated
simulated,1,sub,yes,817.0064044093032,9,simulated
simulated,1,sub,yes,816.9611133921478,9,simulated
simulated,1,sub,no,816.9145517176069,9,simulated
simulated,1,sub,yes,816.8336859737454,9,simulated
simulated,1,sub,yes,816.9820870723357,9,simulated
simulated,1,sub,yes,816.8949603122999,9,simulated
simulated,2,sub,yes,817.0008133786617,9,simulated
simulated,2,sub,yes,817.0240667798372,9,simulated
simulated,2,sub,yes,816.9987948541049,9,simulated
simulated,2,sub,yes,816.8915552565102,9,simulated
simulated,2,sub,yes,816.9855395055678,9,simulated
simulated,2,sub,yes,817.0140277613085,9,simulated
simulated,2,sub,yes,817.0753525523613,9,simulated
simulated,2,sub,yes,816.8945212359982,9,simulated
simulated,2,sub,yes,817.1063168161759,9,simulated
simulated,2,sub,yes,816.898672934372,9,simulated
simulated,2,sub,yes,816.9903607594864,9,simulated
simulated,2,sub,yes,816.9892860786557,9,simulated
simulated,2,sub,yes,817.035172858731,9,simulated
simulated,2,sub,yes,816.8506687703018,9,simulated
simulated,2,sub,yes,817.0669578937702,9,simulated
simulated,2,sub,yes,816.9399521571886,9,simulated
simulated,2,sub,yes,816.9658275992551,9,simulated
simulated,2,sub,yes,817.090841879215,9,simulated
simulated,2,sub,yes,816.9304185745982,9,simulated
simulated,2,sub,yes,816.9063172455064,9,simulated
simulated,2,sub,yes,816.9871514530121,9,simulated
simulated,2,sub,yes,816.9228059647025,9,simulated
simulated,2,sub,yes,817.0471887597075,9,simulated
simulated,2,sub,yes,816.8903273512391,9,simulated
simulated,2,sub,yes,816.9504488939722,9,simulated
simulated,2,sub,yes,817.1060809186424,9,simulated
simulated,2,sub,yes,816.8370546231608,9,simulated
simulated,2,sub,yes,817.0988430651465,9,simulated
simulated,2,sub,yes,816.8510864889382,9,simulated
simulated,2,sub,yes,816.9357338351462,9,simulated
simulated,2,sub,yes,817.0585481378538,9,simulated
simulated,2,sub,yes,816.8122559130676,9,simulated
simulated,2,sub,yes,817.0935755331462,9,simulated
simulated,2,sub,yes,816.8861292346863,9,simulated
simulated,2,sub,yes,817.0450509176105,9,simulated
simulated,2,sub,yes,816.8566375879237,9,simulated
simulated,2,sub,yes,817.0123863233994,9,simulated
simulated,2,sub,yes,817.0324592134922,9,simulated
simulated,2,sub,yes,817.0182408120677,9,simulated
simulated,2,sub,yes,816.8228907910393,9,simulated
simulated,2,sub,yes,816.923822438546,9,simulated
simulated,2,sub,yes,816.8497176134275,9,simulated
simulated,2,sub,yes,817.0185611298297,9,simulated
simulated,2,sub,yes,817.0951093355287,9,simulated
simulated,2,sub,yes,816.9884200312242,9,simulated
simulated,2,sub,yes,816.7165618605499,9,simulated
simulated,2,sub,yes,816.9010016431782,9,simulated
simulated,2,sub,yes,817.0081238481384,9,simulated
simulated,2,sub,yes,816.9220778609663,9,simulated
simulated,2,sub,yes,817.0579847108729,9,simulated
simulated,3,sub,yes,816.978960383651,9,simulated
simulated,3,sub,yes,817.0008911733921,9,simulated
simulated,3,sub,yes,816.8556069227786,9,simulated
simulated,3,sub,yes,816.9513853406771,9,simulated
simulated,3,sub,yes,817.1681569450877,9,simulated
simulated,3,sub,yes,817.0508898541733,9,simulated
simulated,3,sub,yes,817.1965751181788,9,simulated
simulated,3,sub,yes,816.9846468798644,9,simulated
simulated,3,sub,yes,816.9400020621965,9,simulated
simulated,3,sub,yes,817.0598438335531,9,simulated
simulated,3,sub,yes,817.1635233431168,9,simulated
simulated,3,sub,yes,817.0250535319748,9,simulated
simulated,3,sub,yes,816.9869693951937,9,simulated
simulated,3,sub,yes,816.9139735862117,9,simulated
simulated,3,sub,yes,816.8534708754613,9,simulated
simulated,3,sub,yes,817.1356939412206,9,simulated
simulated,3,sub,yes,816.9854490673098,9,simulated
simulated,3,sub,yes,816.8830664260145,9,simulated
simulated,3,sub,yes,816.8974656970023,9,simulated
simulated,3,sub,yes,817.0247786525731,9,simulated
simulated,3,sub,yes,816.960642305304,9,simulated
simulated,3,sub,yes,816.90186815377,9,simulated
simulated,3,sub,yes,817.0485293111738,9,simulated
simulated,3,sub,yes,817.167267797348,9,simulated
simulated,3,sub,yes,816.8574005179406,9,simulated
simulated,3,sub,no,817.1427481406598,9,simulated
simulated,3,sub,yes,816.9774450527236,9,simulated
simulated,3,sub,yes,817.2009802257893,9,simulated
simulated,3,sub,yes,816.8994838135976,9,simulated
simulated,3,sub,yes,816.9415597361764,9,simulated
simulated,3,sub,yes,817.0802374125442,9,simulated
simulated,3,sub,yes,816.9385973799655,9,simulated
simulated,3,sub,yes,817.0577101572027,9,simulated
simulated,3,sub,yes,817.0651951831644,9,simulated
simulated,3,sub,yes,817.312034129833,9,simulated
simulated,3,sub,yes,816.882827571457,9,simulated
simulated,3,sub,yes,817.1713704601157,9,simulated
simulated,3,sub,yes,816.9878703245357,9,simulated
simulated,3,sub,yes,816.9952020296439,9,simulated
simulated,3,sub,yes,816.982575520477,9,simulated
simulated,3,sub,yes,817.1672241772661,9,simulated
simulated,3,sub,yes,817.0343011324364,9,simulated
simulated,3,sub,yes,817.0373184835179,9,simulated
simulated,3,sub,yes,816.9135604315633,9,simulated
simulated,3,sub,yes,816.9968509023486,9,simulated
simulated,3,sub,yes,816.8681417627623,9,simulated
simulated,3,sub,yes,816.9215423182175,9,simulated
simulated,3,sub,yes,816.9074067971126,9,simulated
simulated,3,sub,yes,816.9453012915367,9,simulated
simulated,3,sub,yes,817.0115909815988,9,simulated
simulated,4,sub,yes,816.929370624513,9,simulated
simulated,4,sub,yes,816.9342665488043,9,simulated
simulated,4,sub,yes,816.8997293761406,9,simulated
simulated,4,sub,yes,816.8892488011583,9,simulated
simulated,4,sub,yes,816.8506730587275,9,simulated
simulated,4,sub,yes,816.801944043994,9,simulated
simulated,4,sub,yes,816.815118184157,9,simulated
simulated,4,sub,yes,816.9950116534912,9,simulated
simulated,4,sub,yes,816.8490679620708,9,simulated
simulated,4,sub,yes,816.9584687711226,9,simulated
simulated,4,sub,yes,816.993326385716,9,simulated
simulated,4,sub,yes,816.9306357818049,9,simulated
simulated,4,sub,yes,816.9714739433583,9,simulated
simulated,4,sub,yes,816.970304584508,9,simulated
simulated,4,sub,yes,816.8626394161673,9,simulated
simulated,4,sub,yes,816.7860335876927,9,simulated
simulated,4,sub,yes,816.8582060735511,9,simulated
simulated,4,sub,yes,817.0351951554643,9,simulated
simulated,4,sub,yes,816.9356864197973,9,simulated
simulated,4,sub,yes,816.7350427838952,9,simulated
simulated,4,sub,yes,816.9330484354074,9,simulated
simulated,4,sub,yes,816.9733137899285,9,simulated
simulated,4,sub,yes,816.9938344685775,9,simulated
simulated,4,sub,yes,816.9710068498696,9,simulated
simulated,4,sub,yes,817.0554436658606,9,simulated
simulated,4,sub,yes,817.0225807305922,9,simulated
simulated,4,sub,yes,817.1003632395731,9,simulated
simulated,4,sub,yes,816.8708566874196,9,simulated
simulated,4,sub,yes,816.9703533144555,9,simulated
simulated,4,sub,yes,816.9951178525313,9,simulated
simulated,4,sub,yes,816.9837826205168,9,simulated
simulated,4,sub,yes,817.017043657066,9,simulated
simulated,4,sub,yes,816.8885407128049,9,simulated
simulated,4,sub,yes,816.9425494948637,9,simulated
simulated,4,sub,yes,817.1319993351359,9,simulated
simulated,4,sub,yes,817.093664381824,9,simulated
simulated,4,sub,yes,816.8701237852313,9,simulated
simulated,4,sub,no,817.0256600891012,9,simulated
simulated,4,sub,yes,816.9541945858122,9,simulated
simulated,4,sub,yes,817.0540989157712,9,simulated
simulated,4,sub,yes,817.1828330257636,9,simulated
simulated,4,sub,yes,817.2377906223486,9,simulated
simulated,4,sub,yes,816.9775414533276,9,simulated
simulated,4,sub,yes,816.9593388163926,9,simulated
simulated,4,sub,yes,816.9739478104754,9,simulated
simulated,4,sub,yes,817.0566732824838,9,simulated
simulated,4,sub,yes,817.0105579828561,9,simulated
simulated,4,sub,yes,816.9865346373074,9,simulated
simulated,4,sub,yes,816.8935168457193,9,simulated
simulated,4,sub,yes,817.1036637843229,9,simulated
simulated,5,sub,yes,816.8925492557794,9,simulated
simulated,5,sub,yes,816.9989860566704,9,simulated
simulated,5,sub,yes,816.9264303545897,9,simulated
simulated,5,sub,yes,816.8886749978698,9,simulated
simulated,5,sub,yes,816.8830611639314,9,simulated
simulated,5,sub,yes,816.9315771579088,9,simulated
simulated,5,sub,yes,817.0301457565201,9,simulated
simulated,5,sub,yes,816.9509917700423,9,simulated
simulated,5,sub,yes,816.8266653718251,9,simulated
simulated,5,sub,yes,816.9836521002318,9,simulated
simulated,5,sub,yes,816.9603343773387,9,simulated
simulated,5,sub,yes,816.9248556211438,9,simulated
simulated,5,sub,yes,816.8851929887032,9,simulated
simulated,5,sub,yes,817.1618734271896,9,simulated
simulated,5,sub,yes,816.9271523178819,9,simulated
simulated,5,sub,yes,817.046024529451,9,simulated
simulated,5,sub,yes,816.8674536854892,9,simulated
simulated,5,sub,yes,816.9490537726945,9,simulated
simulated,5,sub,yes,816.942141430894,9,simulated
simulated,5,sub,yes,816.9163339018917,9,simulated
simulated,5,sub,yes,816.8580340947185,9,simulated
simulated,5,sub,yes,817.1743426078252,9,simulated
simulated,5,sub,yes,816.8478559655321,9,simulated
simulated,5,sub,yes,816.958582416865,9,simulated
simulated,5,sub,yes,817.0564082541053,9,simulated
simulated,5,sub,yes,817.2024554985431,9,simulated
simulated,5,sub,yes,816.8392270535915,9,simulated
simulated,5,sub,yes,817.0864079218028,9,simulated
simulated,5,sub,yes,817.1452959465081,9,simulated
simulated,5,sub,yes,817.1009609960694,9,simulated
simulated,5,sub,yes,817.0753285954687,9,simulated
simulated,5,sub,yes,817.0251736774524,9,simulated
simulated,5,sub,no,817.1244450647699,9,simulated
simulated,5,sub,yes,816.9477526945745,9,simulated
simulated,5,sub,yes,816.9641125061596,9,simulated
simulated,5,sub,yes,817.069479767722,9,simulated
simulated,5,sub,yes,816.966046872571,9,simulated
simulated,5,sub,yes,816.9809895093655,9,simulated
simulated,5,sub,yes,817.1022178216613,9,simulated
simulated,5,sub,yes,816.7234974168313,9,simulated
simulated,5,sub,yes,816.976968302531,9,simulated
simulated,5,sub,yes,817.2534381372767,9,simulated
simulated,5,sub,yes,817.1202376725405,9,simulated
simulated,5,sub,yes,816.9014681752157,9,simulated
simulated,5,sub,yes,817.0203994660267,9,simulated
simulated,5,sub,yes,817.0987794734531,9,simulated
simulated,5,sub,yes,816.9922154169758,9,simulated
simulated,5,sub,yes,816.9009337149687,9,simulated
simulated,5,sub,yes,816.9988162093615,9,simulated
simulated,5,sub,yes,816.9113722292857,9,simulated
simulated,6,sub,yes,817.0571026403417,9,simulated
simulated,6,sub,yes,817.0850723088062,9,simulated
simulated,6,sub,yes,816.9967657593693,9,simulated
simulated,6,sub,yes,816.8104602672814,9,simulated
simulated,6,sub,yes,817.0806367063411,9,simulated
simulated,6,sub,yes,817.0568199362816,9,simulated
simulated,6,sub,yes,817.06246136034,9,simulated
simulated,6,sub,yes,816.9248344998974,9,simulated
simulated,6,sub,yes,817.0344663871825,9,simulated
simulated,6,sub,yes,816.9515964693556,9,simulated
simulated,6,sub,yes,816.8893261267145,9,simulated
simulated,6,sub,yes,817.072866367219,9,simulated
simulated,6,sub,yes,816.9561386591266,9,simulated
simulated,6,sub,yes,817.0367971202822,9,simulated
simulated,6,sub,yes,816.8489859138124,9,simulated
simulated,6,sub,yes,816.9276520538227,9,simulated
simulated,6,sub,yes,816.9553274074984,9,simulated
simulated,6,sub,yes,816.9954862113497,9,simulated
simulated,6,sub,yes,816.9503197785781,9,simulated
simulated,6,sub,yes,817.039771800041,9,simulated
simulated,6,sub,yes,816.8308094759633,9,simulated
simulated,6,sub,yes,816.9868649023975,9,simulated
simulated,6,sub,yes,816.9596367130143,9,simulated
simulated,6,sub,yes,816.8478544368995,9,simulated
simulated,6,sub,yes,816.9617207456738,9,simulated
simulated,6,sub,yes,816.8060117247743,9,simulated
simulated,6,sub,yes,816.7152817937596,9,simulated
simulated,6,sub,yes,817.064208480414,9,simulated
simulated,6,sub,yes,817.0783826624136,9,simulated
simulated,6,sub,yes,816.9175611341489,9,simulated
simulated,6,sub,yes,816.8131636397015,9,simulated
simulated,6,sub,yes,816.9411750962158,9,simulated
simulated,6,sub,yes,816.9663761888796,9,simulated
simulated,6,sub,yes,817.0251292903156,9,simulated
simulated,6,sub,yes,817.043064709794,9,simulated
simulated,6,sub,yes,816.9605149462286,9,simulated
simulated,6,sub,yes,817.1991387525198,9,simulated
simulated,6,sub,yes,817.0627110499152,9,simulated
simulated,6,sub,yes,816.973518416334,9,simulated
simulated,6,sub,yes,816.9273271199071,9,simulated
simulated,6,sub,yes,817.1405158725155,9,simulated
simulated,6,sub,yes,816.9957025070081,9,simulated
simulated,6,sub,yes,816.9420022108633,9,simulated
simulated,6,sub,yes,817.0653193853744,9,simulated
simulated,6,sub,yes,816.9730672948651,9,simulated
simulated,6,sub,yes,817.0609795786006,9,simulated
simulated,6,sub,yes,816.9911876868152,9,simulated
simulated,6,sub,yes,817.0408071116016,9,simulated
simulated,6,sub,yes,817.1176931951987,9,simulated
simulated,6,sub,no,816.9837933057165,9,simulated
simulated,7,sub,yes,816.8316097359234,9,simulated
simulated,7,sub,yes,816.9259082421316,9,simulated
simulated,7,sub,yes,816.9131497093574,9,simulated
simulated,7,sub,yes,816.9575135883475,9,simulated
simulated,7,sub,yes,816.8901240578562,9,simulated
simulated,7,sub,yes,816.9090838550613,9,simulated
simulated,7,sub,yes,817.1211910165085,9,simulated
simulated,7,sub,yes,816.8294355470617,9,simulated
simulated,7,sub,yes,816.9766589969954,9,simulated
simulated,7,sub,yes,817.097181739756,9,simulated
simulated,7,sub,yes,816.939039327907,9,simulated
simulated,7,sub,yes,817.0150008322889,9,simulated
simulated,7,sub,yes,817.0025706986066,9,simulated
simulated,7,sub,yes,817.1174919037082,9,simulated
simulated,7,sub,yes,816.8699444977303,9,simulated
simulated,7,sub,yes,817.0238602660248,9,simulated
simulated,7,sub,yes,817.0745700848335,9,simulated
simulated,7,sub,yes,816.836524540426,9,simulated
simulated,7,sub,yes,817.0218575058142,9,simulated
simulated,7,sub,yes,817.0062185031632,9,simulated
simulated,7,sub,yes,817.0704434035543,9,simulated
simulated,7,sub,yes,816.8751482152837,9,simulated
simulated,7,sub,yes,816.9943136028248,9,simulated
simulated,7,sub,yes,817.0318571483621,9,simulated
simulated,7,sub,yes,816.9962199899638,9,simulated
simulated,7,sub,yes,816.8725069422294,9,simulated
simulated,7,sub,yes,816.8277921072051,9,simulated
simulated,7,sub,yes,816.8436080173369,9,simulated
simulated,7,sub,no,816.9143390461211,9,simulated
simulated,7,sub,yes,817.0012797679075,9,simulated
simulated,7,sub,yes,817.1110382509381,9,simulated
simulated,7,sub,yes,816.977087353036,9,simulated
simulated,7,sub,yes,816.9900906488168,9,simulated
simulated,7,sub,yes,816.9087559164955,9,simulated
simulated,7,sub,yes,816.9830382045989,9,simulated
simulated,7,sub,yes,816.8556976196162,9,simulated
simulated,7,sub,yes,816.9757955719895,9,simulated
simulated,7,sub,yes,816.9323688678884,9,simulated
simulated,7,sub,yes,817.0118219917266,9,simulated
simulated,7,sub,yes,816.9286347123699,9,simulated
simulated,7,sub,yes,817.0720045700082,9,simulated
simulated,7,sub,yes,817.1463947630402,9,simulated
simulated,7,sub,yes,816.953072323352,9,simulated
simulated,7,sub,yes,816.9673840426884,9,simulated
simulated,7,sub,yes,817.1443636388485,9,simulated
simulated,7,sub,yes,816.8950292099175,9,simulated
simulated,7,sub,yes,816.9714625166913,9,simulated
simulated,7,sub,yes,816.9904306260705,9,simulated
simulated,7,sub,yes,817.0126228579275,9,simulated
simulated,7,sub,yes,816.9716140281963,9,simulated
simulated,0,super,yes,85.62412229932612,10,simulated
simulated,0,super,yes,85.64057840352969,10,simulated
simulated,0,super,yes,85.70997249908926,10,simulated
simulated,0,super,yes,85.64702012764799,10,simulated
simulated,0,super,yes,85.6204730974305,10,simulated
simulated,0,super,yes,85.654697153451,10,simulated
simulated,0,super,yes,85.69183021680357,10,simulated
simulated,0,super,yes,85.7011347957675,10,simulated
simulated,0,super,yes,85.59721355902204,10,simulated
simulated,0,super,yes,85.6529914484275,10,simulated
simulated,0,super,yes,85.69128119527277,10,simulated
simulated,0,super,yes,85.72318896796227,10,simulated
simulated,0,super,yes,85.68462006308421,10,simulated
simulated,0,super,yes,85.70698400011022,10,simulated
simulated,0,super,yes,85.67314624621075,10,simulated
simulated,0,super,yes,85.6220937126471,10,simulated
simulated,0,super,yes,85.66475732115057,10,simulated
simulated,0,super,yes,85.63408593698668,10,simulated
simulated,0,super,yes,85.69189080922385,10,simulated
simulated,0,super,yes,85.67627120834945,10,simulated
simulated,0,super,yes,85.64504206499325,10,simulated
simulated,0,super,yes,85.71987066374635,10,simulated
simulated,0,super,yes,85.6042390047198,10,simulated
simulated,0,super,yes,85.69260798656579,10,simulated
simulated,0,super,yes,85.6371425656729,10,simulated
simulated,0,super,yes,85.59300746113952,10,simulated
simulated,0,super,yes,85.67074661036449,10,simulated
simulated,0,super,yes,85.66194914182371,10,simulated
simulated,0,super,yes,85.65651100429042,10,simulated
simulated,0,super,yes,85.70833570589558,10,simulated
simulated,0,super,yes,85.61143540324377,10,simulated
simulated,0,super,yes,85.71108839254256,10,simulated
simulated,0,super,yes,85.6724311392892,10,simulated
simulated,0,super,yes,85.63088352492396,10,simulated
simulated,0,super,yes,85.6719569130163,10,simulated
simulated,0,super,yes,85.63410273450756,10,simulated
simulated,0,super,yes,85.67804907630156,10,simulated
simulated,0,super,yes,85.7131781707339,10,simulated
simulated,0,super,yes,85.65866682049605,10,simulated
simulated,0,super,yes,85.6093242840644,10,simulated
simulated,0,super,yes,85.61768485722214,10,simulated
simulated,0,super,yes,85.67455841370187,10,simulated
simulated,0,super,yes,85.64424404483883,10,simulated
simulated,0,super,yes,85.72008131033832,10,simulated
simulated,0,super,yes,85.63268496948996,10,simulated
simulated,0,super,yes,85.65926240262876,10,simulated
simulated,0,super,yes,85.68884614760823,10,simulated
simulated,0,super,yes,85.67715238138972,10,simulated
simulated,0,super,yes,85.67339270230013,10,simulated
simulated,0,super,yes,85.59891316716825,10,simulated
simulated,0,super,yes,85.61835297841297,10,simulated
simulated,0,super,yes,85.60492420004361,10,simulated
simulated,0,super,yes,85.68165839971606,10,simulated
simulated,0,super,yes,85.73373812047429,10,simulated
simulated,0,super,yes,85.64671375033016,10,simulated
simulated,0,super,yes,85.62634404621915,10,simulated
simulated,0,super,yes,85.68339357347477,10,simulated
simulated,0,super,yes,85.6614194155587,10,simulated
simulated,0,super,yes,85.67486182052527,10,simulated
simulated,0,super,yes,85.61031540078153,10,simulated
simulated,0,super,yes,85.66671609574303,10,simulated
simulated,0,super,yes,85.66797931273526,10,simulated
simulated,0,super,yes,85.70474586333762,10,simulated
simulated,0,super,yes,85.64763197902909,10,simulated
simulated,0,super,yes,85.62578498476661,10,simulated
simulated,0,super,yes,85.6634836514823,10,simulated
simulated,0,super,yes,85.72271019335548,10,simulated
simulated,0,super,yes,85.68919034439108,10,simulated
simulated,0,super,yes,85.63104058140985,10,simulated
simulated,0,super,yes,85.66854926817241,10,simulated
simulated,0,super,yes,85.64763046561494,10,simulated
simulated,0,super,yes,85.66013519731065,10,simulated
simulated,0,super,yes,85.69852366260733,10,simulated
simulated,0,super,yes,85.7229172558019,10,simulated
simulated,0,super,yes,85.6443316723859,10,simulated
simulated,0,super,yes,85.65810567482498,10,simulated
simulated,0,super,yes,85.69764593383262,10,simulated
simulated,0,super,yes,85.66843651966339,10,simulated
simulated,0,super,yes,85.76744879768523,10,simulated
simulated,0,super,yes,85.66987669679287,10,simulated
simulated,0,super,yes,85.65153158289371,10,simulated
simulated,0,super,yes,85.67572903127642,10,simulated
simulated,0,super,yes,85.63976856409379,10,simulated
simulated,0,super,yes,85.57144521055794,10,simulated
simulated,0,super,yes,85.71473344165287,10,simulated
simulated,0,super,yes,85.68718191423122,10,simulated
simulated,0,super,yes,85.71678740992428,10,simulated
simulated,0,super,yes,85.6495980806034,10,simulated
simulated,0,super,yes,85.70320501808645,10,simulated
simulated,0,super,yes,85.674201899664,10,simulated
simulated,0,super,yes,85.6880902369006,10,simulated
simulated,0,super,yes,85.67947677708894,10,simulated
simulated,0,super,yes,85.73365943280324,10,simulated
simulated,0,super,yes,85.65528824816684,10,simulated
simulated,0,super,yes,85.73398494397489,10,simulated
simulated,0,super,yes,85.63415077228481,10,simulated
simulated,0,super,yes,85.77127907643826,10,simulated
simulated,0,super,yes,85.70672365214186,10,simulated
simulated,0,super,yes,85.6246940597451,10,simulated
simulated,0,super,yes,85.57109389140435,10,simulated
simulated,0,super,yes,85.64746823293258,10,simulated
simulated,0,super,yes,85.74079929546264,10,simulated
simulated,0,super,yes,85.65032166610754,10,simulated
simulated,0,super,yes,85.60192957319819,10,simulated
simulated,0,super,yes,85.71907438893172,10,simulated
simulated,0,super,yes,85.6741265955984,10,simulated
simulated,0,super,yes,85.69196077023572,10,simulated
simulated,0,super,yes,85.60991235911165,10,simulated
simulated,0,super,yes,85.69786943578829,10,simulated
simulated,0,super,yes,85.69173182778292,10,simulated
simulated,0,super,yes,85.63385759312368,10,simulated
simulated,0,super,yes,85.72662428291731,10,simulated
simulated,0,super,yes,85.5979823420499,10,simulated
simulated,0,super,yes,85.6790733890956,10,simulated
simulated,0,super,yes,85.63721150930536,10,simulated
simulated,0,super,yes,85.58826546410853,10,simulated
simulated,0,super,yes,85.5971137423704,10,simulated
simulated,0,super,yes,85.6856211536329,10,simulated
simulated,0,super,yes,85.72316511016588,10,simulated
simulated,0,super,yes,85.69534542517334,10,simulated
simulated,0,super,yes,85.68295803803744,10,simulated
simulated,0,super,yes,85.65473004951478,10,simulated
simulated,0,super,yes,85.67347191800667,10,simulated
simulated,0,super,yes,85.66725474216702,10,simulated
simulated,0,super,yes,85.57988468841617,10,simulated
simulated,0,super,yes,85.62797759226267,10,simulated
simulated,0,super,yes,85.62681378143283,10,simulated
simulated,0,super,yes,85.60516606498612,10,simulated
simulated,0,super,yes,85.65762278206087,10,simulated
simulated,0,super,yes,85.61688342576734,10,simulated
simulated,0,super,yes,85.682129115841,10,simulated
simulated,0,super,yes,85.68581818995769,10,simulated
simulated,0,super,yes,85.61471974568052,10,simulated
simulated,0,super,yes,85.64815441089068,10,simulated
simulated,0,super,yes,85.64085817487612,10,simulated
simulated,0,super,yes,85.58047484302074,10,simulated
simulated,0,super,yes,85.67544105507315,10,simulated
simulated,0,super,yes,85.67857037792339,10,simulated
simulated,0,super,yes,85.6245441956624,10,simulated
simulated,0,super,yes,85.6305817196186,10,simulated
simulated,0,super,yes,85.68460394086073,10,simulated
simulated,0,super,yes,85.61581830089625,10,simulated
simulated,0,super,yes,85.66876818820398,10,simulated
simulated,0,super,yes,85.64105690440424,10,simulated
simulated,0,super,yes,85.64016670565937,10,simulated
simulated,0,super,yes,85.64260638570353,10,simulated
simulated,0,super,yes,85.58424211746545,10,simulated
simulated,0,super,yes,85.63094834489532,10,simulated
simulated,0,super,yes,85.64973884501205,10,simulated
simulated,0,super,yes,85.6618766960075,10,simulated
simulated,0,super,yes,85.68795960180223,10,simulated
simulated,0,super,yes,85.62445968526268,10,simulated
simulated,0,super,yes,85.73160942821649,10,simulated
simulated,0,super,yes,85.63740988545271,10,simulated
simulated,0,super,yes,85.74633602747824,10,simulated
simulated,0,super,yes,85.62671178005206,10,simulated
simulated,0,super,yes,85.69335061132185,10,simulated
simulated,0,super,yes,85.62521175886044,10,simulated
simulated,0,super,yes,85.61288886171408,10,simulated
simulated,0,super,yes,85.66505066751857,10,simulated
simulated,0,super,yes,85.63825128888908,10,simulated
simulated,0,super,yes,85.6913288016743,10,simulated
simulated,0,super,yes,85.64855535286942,10,simulated
simulated,0,super,yes,85.63193128322021,10,simulated
simulated,0,super,yes,85.65821922573093,10,simulated
simulated,0,super,yes,85.63577992846747,10,simulated
simulated,0,super,yes,85.60728249048498,10,simulated
simulated,0,super,yes,85.65400653389986,10,simulated
simulated,0,super,yes,85.71786725985484,10,simulated
simulated,0,super,yes,85.69543968632692,10,simulated
simulated,0,super,yes,85.71571994318195,10,simulated
simulated,0,super,yes,85.63703193052987,10,simulated
simulated,0,super,yes,85.66846616018405,10,simulated
simulated,0,super,yes,85.58222263818256,10,simulated
simulated,0,super,yes,85.60792466758043,10,simulated
simulated,0,super,yes,85.71340383764624,10,simulated
simulated,0,super,yes,85.68357707410077,10,simulated
simulated,0,super,yes,85.62198023694182,10,simulated
simulated,0,super,yes,85.6250709266598,10,simulated
simulated,0,super,yes,85.66349197922547,10,simulated
simulated,0,super,yes,85.67175169170707,10,simulated
simulated,0,super,yes,85.69136633762888,10,simulated
simulated,0,super,yes,85.67583242544708,10,simulated
simulated,0,super,yes,85.66048372751168,10,simulated
simulated,0,super,yes,85.62101945606656,10,simulated
simulated,0,super,yes,85.7049950366937,10,simulated
simulated,0,super,yes,85.59469269171001,10,simulated
simulated,0,super,yes,85.69606081092783,10,simulated
simulated,0,super,yes,85.67101707633964,10,simulated
simulated,0,super,yes,85.69190720694304,10,simulated
simulated,0,super,yes,85.64530274568205,10,simulated
simulated,0,super,yes,85.6139250702871,10,simulated
simulated,0,super,yes,85.6009873151836,10,simulated
simulated,0,super,yes,85.60919869498326,10,simulated
simulated,0,super,yes,85.64496716965768,10,simulated
simulated,0,super,yes,85.66491420060203,10,simulated
simulated,0,super,yes,85.75740498448823,10,simulated
simulated,0,super,yes,85.63149254494027,10,simulated
simulated,0,super,yes,85.66860547057456,10,simulated
simulated,0,super,yes,85.63437950300926,10,simulated
simulated,1,super,yes,85.67232686461334,10,simulated
simulated,1,super,yes,85.66379562282236,10,simulated
simulated,1,super,yes,85.67088656106101,10,simulated
simulated,1,super,yes,85.62360396848882,10,simulated
simulated,1,super,yes,85.63963290888967,10,simulated
simulated,1,super,yes,85.66282140254161,10,simulated
simulated,1,super,yes,85.62271020686669,10,simulated
simulated,1,super,yes,85.64661054772114,10,simulated
simulated,1,super,yes,85.6760617165068,10,simulated
simulated,1,super,yes,85.65420228345273,10,simulated
simulated,1,super,yes,85.65434739264663,10,simulated
simulated,1,super,yes,85.64996729436503,10,simulated
simulated,1,super,yes,85.71059169986334,10,simulated
simulated,1,super,yes,85.63274113463764,10,simulated
simulated,1,super,yes,85.68291716261105,10,simulated
simulated,1,super,yes,85.62459181704294,10,simulated
simulated,1,super,yes,85.6479178902572,10,simulated
simulated,1,super,yes,85.60053763408195,10,simulated
simulated,1,super,yes,85.69965110693333,10,simulated
simulated,1,super,yes,85.70433845094725,10,simulated
simulated,1,super,yes,85.63983905473492,10,simulated
simulated,1,super,yes,85.76353038772172,10,simulated
simulated,1,super,yes,85.62022698279772,10,simulated
simulated,1,super,yes,85.6672559976886,10,simulated
simulated,1,super,yes,85.6982573812459,10,simulated
simulated,1,super,yes,85.61803798962463,10,simulated
simulated,1,super,yes,85.65482942615787,10,simulated
simulated,1,super,yes,85.6477422275822,10,simulated
simulated,1,super,yes,85.66949825469905,10,simulated
simulated,1,super,yes,85.67255977268817,10,simulated
simulated,1,super,yes,85.6685939896262,10,simulated
simulated,1,super,yes,85.64445756440156,10,simulated
simulated,1,super,yes,85.70756876246574,10,simulated
simulated,1,super,yes,85.65387809897089,10,simulated
simulated,1,super,yes,85.72216767997973,10,simulated
simulated,1,super,yes,85.6399826472774,10,simulated
simulated,1,super,yes,85.69210527308395,10,simulated
simulated,1,super,yes,85.69408668390511,10,simulated
simulated,1,super,yes,85.62803740450661,10,simulated
simulated,1,super,yes,85.68523846155315,10,simulated
simulated,1,super,yes,85.63915764656205,10,simulated
simulated,1,super,yes,85.63436548398128,10,simulated
simulated,1,super,yes,85.63546488049526,10,simulated
simulated,1,super,yes,85.70999297215842,10,simulated
simulated,1,super,yes,85.70869322695414,10,simulated
simulated,1,super,yes,85.65367032596573,10,simulated
simulated,1,super,yes,85.66554721867831,10,simulated
simulated,1,super,yes,85.60656885174951,10,simulated
simulated,1,super,yes,85.64601795497897,10,simulated
simulated,1,super,yes,85.70953096206588,10,simulated
simulated,1,super,yes,85.56996858781973,10,simulated
simulated,1,super,yes,85.70822439035801,10,simulated
simulated,1,super,yes,85.6265496467699,10,simulated
simulated,1,super,yes,85.70893630486879,10,simulated
simulated,1,super,yes,85.67471474895542,10,simulated
simulated,1,super,yes,85.71169413018836,10,simulated
simulated,1,super,yes,85.6420252322547,10,simulated
simulated,1,super,yes,85.68929563364112,10,simulated
simulated,1,super,yes,85.69522034341716,10,simulated
simulated,1,super,yes,85.72103525485068,10,simulated
simulated,1,super,yes,85.67558954045792,10,simulated
simulated,1,super,yes,85.70878631954167,10,simulated
simulated,1,super,yes,85.65072840257098,10,simulated
simulated,1,super,yes,85.7438654506561,10,simulated
simulated,1,super,yes,85.6414051481084,10,simulated
simulated,1,super,yes,85.63407369734112,10,simulated
simulated,1,super,yes,85.58237821502267,10,simulated
simulated,1,super,yes,85.6583849661537,10,simulated
simulated,1,super,yes,85.6455498891832,10,simulated
simulated,1,super,yes,85.75020131371039,10,simulated
simulated,1,super,yes,85.62822303147777,10,simulated
simulated,1,super,yes,85.71425957419507,10,simulated
simulated,1,super,yes,85.69763461038114,10,simulated
simulated,1,super,yes,85.66102471362426,10,simulated
simulated,1,super,yes,85.66983491550621,10,simulated
simulated,1,super,yes,85.65196588813389,10,simulated
simulated,1,super,yes,85.74355765959218,10,simulated
simulated,1,super,yes,85.64606623167755,10,simulated
simulated,1,super,yes,85.67152070646782,10,simulated
simulated,1,super,yes,85.75518084050728,10,simulated
simulated,1,super,yes,85.7093229068097,10,simulated
simulated,1,super,yes,85.66222382682334,10,simulated
simulated,1,super,yes,85.65658740770269,10,simulated
simulated,1,super,yes,85.68487037619413,10,simulated
simulated,1,super,yes,85.66722080299344,10,simulated
simulated,1,super,yes,85.69000509612944,10,simulated
simulated,1,super,yes,85.69281126208607,10,simulated
simulated,1,super,yes,85.66511622194916,10,simulated
simulated,1,super,yes,85.6908210716532,10,simulated
simulated,1,super,yes,85.70653322792671,10,simulated
simulated,1,super,yes,85.65394711511492,10,simulated
simulated,1,super,yes,85.72822776125604,10,simulated
simulated,1,super,yes,85.68659146228194,10,simulated
simulated,1,super,yes,85.66044744161321,10,simulated
simulated,1,super,yes,85.72121892043539,10,simulated
simulated,1,super,yes,85.62040408832148,10,simulated
simulated,1,super,yes,85.65628223071414,10,simulated
simulated,1,super,yes,85.67901871951773,10,simulated
simulated,1,super,yes,85.65244537053822,10,simulated
simulated,1,super,yes,85.65045966132827,10,simulated
simulated,1,super,yes,85.65689060265716,10,simulated
simulated,1,super,yes,85.64730949565127,10,simulated
simulated,1,super,yes,85.64991529756998,10,simulated
simulated,1,super,yes,85.60569618002019,10,simulated
simulated,1,super,yes,85.564624403326,10,simulated
simulated,1,super,yes,85.64250740520787,10,simulated
simulated,1,super,yes,85.68304360129754,10,simulated
simulated,1,super,yes,85.66954623729625,10,simulated
simulated,1,super,yes,85.60760789311895,10,simulated
simulated,1,super,yes,85.58951008953642,10,simulated
simulated,1,super,yes,85.64315080921666,10,simulated
simulated,1,super,yes,85.68492339311787,10,simulated
simulated,1,super,yes,85.67336308476584,10,simulated
simulated,1,super,yes,85.65525782101172,10,simulated
simulated,1,super,yes,85.68461271964226,10,simulated
simulated,1,super,yes,85.64157913400251,10,simulated
simulated,1,super,yes,85.6567213429903,10,simulated
simulated,1,super,yes,85.68183701823997,10,simulated
simulated,1,super,yes,85.65191459992091,10,simulated
simulated,1,super,yes,85.67811586569385,10,simulated
simulated,1,super,yes,85.72528116351411,10,simulated
simulated,1,super,yes,85.66447289334079,10,simulated
simulated,1,super,yes,85.59078625657375,10,simulated
simulated,1,super,yes,85.70211024681437,10,simulated
simulated,1,super,yes,85.62524274930026,10,simulated
simulated,1,super,yes,85.73551438357237,10,simulated
simulated,1,super,yes,85.66196653361094,10,simulated
simulated,1,super,yes,85.62684156862335,10,simulated
simulated,1,super,yes,85.62223589467885,10,simulated
simulated,1,super,yes,85.64555046733929,10,simulated
simulated,1,super,yes,85.71485484491721,10,simulated
simulated,1,super,yes,85.70447015023818,10,simulated
simulated,1,super,yes,85.71519238707229,10,simulated
simulated,1,super,yes,85.6569098742876,10,simulated
simulated,1,super,yes,85.65184825335136,10,simulated
simulated,1,super,yes,85.59888332597048,10,simulated
simulated,1,super,yes,85.72414263702098,10,simulated
simulated,1,super,yes,85.76787473278587,10,simulated
simulated,1,super,yes,85.62600622685757,10,simulated
simulated,1,super,yes,85.61503996206885,10,simulated
simulated,1,super,yes,85.69757942081137,10,simulated
simulated,1,super,yes,85.71910159198572,10,simulated
simulated,1,super,yes,85.64587912711195,10,simulated
simulated,1,super,yes,85.62623226968766,10,simulated
simulated,1,super,yes,85.68201647051761,10,simulated
simulated,1,super,yes,85.67073276894536,10,simulated
simulated,1,super,yes,85.64556727519958,10,simulated
simulated,1,super,yes,85.71780749274404,10,simulated
simulated,1,super,yes,85.65607749142262,10,simulated
simulated,1,super,yes,85.65254141814319,10,simulated
simulated,1,super,yes,85.69437440988418,10,simulated
simulated,1,super,yes,85.68409879934045,10,simulated
simulated,1,super,yes,85.68780841082344,10,simulated
simulated,1,super,yes,85.75217751196526,10,simulated
simulated,1,super,yes,85.74783377270609,10,simulated
simulated,1,super,yes,85.61988308169288,10,simulated
simulated,1,super,yes,85.64129943237361,10,simulated
simulated,1,super,yes,85.56413466234575,10,simulated
simulated,1,super,yes,85.66428954365038,10,simulated
simulated,1,super,yes,85.65565016919201,10,simulated
simulated,1,super,yes,85.72100777783608,10,simulated
simulated,1,super,yes,85.68029468602116,10,simulated
simulated,1,super,yes,85.70659363317597,10,simulated
simulated,1,super,yes,85.66217013946412,10,simulated
simulated,1,super,yes,85.67123515196795,10,simulated
simulated,1,super,yes,85.65612855354804,10,simulated
simulated,1,super,yes,85.69774141042764,10,simulated
simulated,1,super,yes,85.64683586189643,10,simulated
simulated,1,super,yes,85.65248719761097,10,simulated
simulated,1,super,yes,85.64697882106725,10,simulated
simulated,1,super,yes,85.66335198843433,10,simulated
simulated,1,super,yes,85.65546335782349,10,simulated
simulated,1,super,yes,85.74403302608967,10,simulated
simulated,1,super,yes,85.6326077132263,10,simulated
simulated,1,super,yes,85.65559990246624,10,simulated
simulated,1,super,yes,85.59677774358164,10,simulated
simulated,1,super,yes,85.69998511416159,10,simulated
simulated,1,super,yes,85.66755659994637,10,simulated
simulated,1,super,yes,85.64416625194288,10,simulated
simulated,1,super,yes,85.68493883975404,10,simulated
simulated,1,super,yes,85.59040641652237,10,simulated
simulated,1,super,yes,85.6467303760871,10,simulated
simulated,1,super,yes,85.7227291061414,10,simulated
simulated,1,super,yes,85.66092336380045,10,simulated
simulated,1,super,yes,85.63836818463135,10,simulated
simulated,1,super,yes,85.61549462855285,10,simulated
simulated,1,super,yes,85.71436117536376,10,simulated
simulated,1,super,yes,85.61141303586646,10,simulated
simulated,1,super,yes,85.64560671055204,10,simulated
simulated,1,super,yes,85.66798094737959,10,simulated
simulated,1,super,yes,85.74060553640697,10,simulated
simulated,1,super,yes,85.63543559808933,10,simulated
simulated,1,super,yes,85.61105863539088,10,simulated
simulated,1,super,yes,85.65543655698649,10,simulated
simulated,1,super,yes,85.67956016537997,10,simulated
simulated,1,super,yes,85.72659468902258,10,simulated
simulated,1,super,yes,85.73568611651147,10,simulated
simulated,1,super,yes,85.64466361797788,10,simulated
simulated,1,super,yes,85.68338252816191,10,simulated
simulated,1,super,yes,85.60839781051794,10,simulated
simulated,0,basic,yes,253.22367610562273,10,simulated
simulated,0,basic,yes,253.241109683601,10,simulated
simulated,0,basic,yes,253.2298349906155,10,simulated
simulated,0,basic,yes,253.17643370643407,10,simulated
simulated,0,basic,yes,253.16886423597575,10,simulated
simulated,0,basic,yes,253.22834836300837,10,simulated
simulated,0,basic,yes,253.15268470006825,10,simulated
simulated,0,basic,yes,253.23649463025427,10,simulated
simulated,0,basic,yes,253.18255997066632,10,simulated
simulated,0,basic,yes,253.19727757769994,10,simulated
simulated,0,basic,yes,253.2257897425399,10,simulated
simulated,0,basic,yes,253.21756576396834,10,simulated
simulated,0,basic,yes,253.2496679352317,10,simulated
simulated,0,basic,yes,253.2445406027499,10,simulated
simulated,0,basic,yes,253.25676952180518,10,simulated
simulated,0,basic,yes,253.24859196718282,10,simulated
simulated,0,basic,yes,253.1430420516267,10,simulated
simulated,0,basic,yes,253.1860110974041,10,simulated
simulated,0,basic,yes,253.18076475993016,10,simulated
simulated,0,basic,yes,253.26147967020557,10,simulated
simulated,0,basic,yes,253.23677451071015,10,simulated
simulated,0,basic,yes,253.24435786811054,10,simulated
simulated,0,basic,yes,253.16253532592725,10,simulated
simulated,0,basic,yes,253.1305235393756,10,simulated
simulated,0,basic,yes,253.27263745925575,10,simulated
simulated,0,basic,yes,253.26083796211643,10,simulated
simulated,0,basic,yes,253.22282464954324,10,simulated
simulated,0,basic,yes,253.18196885204037,10,simulated
simulated,0,basic,yes,253.25263521479013,10,simulated
simulated,0,basic,yes,253.14313643501262,10,simulated
simulated,0,basic,yes,253.1792009799262,10,simulated
simulated,0,basic,yes,253.14405190458723,10,simulated
simulated,0,basic,yes,253.25006620684587,10,simulated
simulated,0,basic,yes,253.15208203168623,10,simulated
simulated,0,basic,yes,253.13637918948893,10,simulated
simulated,0,basic,yes,253.23067506747512,10,simulated
simulated,0,basic,yes,253.20241546020844,10,simulated
simulated,0,basic,yes,253.195461173723,10,simulated
simulated,0,basic,yes,253.1908369175039,10,simulated
simulated,0,basic,yes,253.1829342268177,10,simulated
simulated,0,basic,yes,253.24749668051953,10,simulated
simulated,0,basic,yes,253.21876900844904,10,simulated
simulated,0,basic,yes,253.2578383150985,10,simulated
simulated,0,basic,yes,253.18651902808674,10,simulated
simulated,0,basic,yes,253.2143671560302,10,simulated
simulated,0,basic,yes,253.22681918251254,10,simulated
simulated,0,basic,yes,253.23646673126174,10,simulated
simulated,0,basic,yes,253.22486248381753,10,simulated
simulated,0,basic,yes,253.21763835121544,10,simulated
simulated,0,basic,yes,253.19325125024235,10,simulated
simulated,0,basic,yes,253.21759811405295,10,simulated
simulated,0,basic,yes,253.11567663908096,10,simulated
simulated,0,basic,yes,253.2866491253041,10,simulated
simulated,0,basic,yes,253.1292333860711,10,simulated
simulated,0,basic,yes,253.24793688353245,10,simulated
simulated,0,basic,yes,253.08004209987553,10,simulated
simulated,0,basic,yes,253.13976536680323,10,simulated
simulated,0,basic,yes,253.1155508988573,10,simulated
simulated,0,basic,yes,253.12116410985618,10,simulated
simulated,0,basic,yes,253.18108608038568,10,simulated
simulated,0,basic,yes,253.23215809498987,10,simulated
simulated,0,basic,yes,253.1837548721737,10,simulated
simulated,0,basic,yes,253.19920924869072,10,simulated
simulated,0,basic,yes,253.1975410692735,10,simulated
simulated,0,basic,yes,253.19969322631093,10,simulated
simulated,0,basic,yes,253.15532179535367,10,simulated
simulated,0,basic,yes,253.22757214327612,10,simulated
simulated,0,basic,yes,253.2096736087406,10,simulated
simulated,0,basic,yes,253.2284533576426,10,simulated
simulated,0,basic,yes,253.2006646687326,10,simulated
simulated,0,basic,yes,253.21813931134744,10,simulated
simulated,0,basic,yes,253.1485875873417,10,simulated
simulated,0,basic,yes,253.18793273492113,10,simulated
simulated,0,basic,yes,253.20119411003236,10,simulated
simulated,0,basic,yes,253.15924214453395,10,simulated
simulated,0,basic,yes,253.18552537903636,10,simulated
simulated,0,basic,yes,253.20183525138643,10,simulated
simulated,0,basic,yes,253.1090838971561,10,simulated
simulated,0,basic,yes,253.26960427121887,10,simulated
simulated,0,basic,yes,253.22635984300118,10,simulated
simulated,0,basic,yes,253.2220242573638,10,simulated
simulated,0,basic,yes,253.20947991876986,10,simulated
simulated,0,basic,yes,253.10700664780185,10,simulated
simulated,0,basic,yes,253.1663316176036,10,simulated
simulated,0,basic,yes,253.13397908535947,10,simulated
simulated,0,basic,yes,253.22260525944603,10,simulated
simulated,0,basic,yes,253.24030857400274,10,simulated
simulated,0,basic,yes,253.18137175738892,10,simulated
simulated,0,basic,yes,253.21979574749056,10,simulated
simulated,0,basic,yes,253.24255217196728,10,simulated
simulated,0,basic,yes,253.21723493918344,10,simulated
simulated,0,basic,yes,253.2098184646871,10,simulated
simulated,0,basic,yes,253.26278620746484,10,simulated
simulated,0,basic,yes,253.1515169867931,10,simulated
simulated,0,basic,yes,253.23743357950832,10,simulated
simulated,0,basic,yes,253.233727800945,10,simulated
simulated,0,basic,yes,253.15816927195095,10,simulated
simulated,0,basic,yes,253.1841335993115,10,simulated
simulated,0,basic,yes,253.1279143397104,10,simulated
simulated,0,basic,yes,253.18320041300552,10,simulated
simulated,1,basic,yes,253.2378548590135,10,simulated
simulated,1,basic,yes,253.28152030966285,10,simulated
simulated,1,basic,yes,253.10917101029176,10,simulated
simulated,1,basic,yes,253.1576718683173,10,simulated
simulated,1,basic,yes,253.19693548926998,10,simulated
simulated,1,basic,yes,253.18521081814194,10,simulated
simulated,1,basic,yes,253.27436425950532,10,simulated
simulated,1,basic,yes,253.18183059805082,10,simulated
simulated,1,basic,yes,253.21294412941657,10,simulated
simulated,1,basic,yes,253.1764084431211,10,simulated
simulated,1,basic,yes,253.31538302395444,10,simulated
simulated,1,basic,yes,253.15174762762337,10,simulated
simulated,1,basic,yes,253.18706449607134,10,simulated
simulated,1,basic,yes,253.21016900230873,10,simulated
simulated,1,basic,yes,253.22467627937243,10,simulated
simulated,1,basic,yes,253.15490427089648,10,simulated
simulated,1,basic,yes,253.19201866505708,10,simulated
simulated,1,basic,yes,253.21541557121498,10,simulated
simulated,1,basic,yes,253.21329561857652,10,simulated
simulated,1,basic,yes,253.16724439794228,10,simulated
simulated,1,basic,yes,253.16273356370917,10,simulated
simulated,1,basic,yes,253.20666871011207,10,simulated
simulated,1,basic,yes,253.22604823783448,10,simulated
simulated,1,basic,yes,253.2105927276762,10,simulated
simulated,1,basic,yes,253.2083121375947,10,simulated
simulated,1,basic,yes,253.2021099115143,10,simulated
simulated,1,basic,yes,253.2137234531453,10,simulated
simulated,1,basic,yes,253.19144876372346,10,simulated
simulated,1,basic,yes,253.17796295242923,10,simulated
simulated,1,basic,yes,253.1928407489824,10,simulated
simulated,1,basic,yes,253.2196482737845,10,simulated
simulated,1,basic,yes,253.14677541030935,10,simulated
simulated,1,basic,yes,253.18616728170528,10,simulated
simulated,1,basic,yes,253.1642571299427,10,simulated
simulated,1,basic,yes,253.20597835783948,10,simulated
simulated,1,basic,yes,253.1511812191515,10,simulated
simulated,1,basic,yes,253.2128319181308,10,simulated
simulated,1,basic,yes,253.26665489179348,10,simulated
simulated,1,basic,yes,253.16927559703655,10,simulated
simulated,1,basic,yes,253.1514691884498,10,simulated
simulated,1,basic,yes,253.21511701516243,10,simulated
simulated,1,basic,yes,253.2082876221552,10,simulated
simulated,1,basic,yes,253.1788504105322,10,simulated
simulated,1,basic,yes,253.1946359263503,10,simulated
simulated,1,basic,yes,253.23503243235692,10,simulated
simulated,1,basic,yes,253.18038088902028,10,simulated
simulated,1,basic,yes,253.1426946150331,10,simulated
simulated,1,basic,yes,253.22350031609707,10,simulated
simulated,1,basic,yes,253.17807912932005,10,simulated
simulated,1,basic,yes,253.2210228458134,10,simulated
simulated,1,basic,yes,253.20172977413054,10,simulated
simulated,1,basic,yes,253.20974040652382,10,simulated
simulated,1,basic,yes,253.1945845552444,10,simulated
simulated,1,basic,yes,253.26788098142657,10,simulated
simulated,1,basic,yes,253.21946359356858,10,simulated
simulated,1,basic,yes,253.1475987762999,10,simulated
simulated,1,basic,yes,253.2146753123259,10,simulated
simulated,1,basic,yes,253.21893039097174,10,simulated
simulated,1,basic,yes,253.20051106363715,10,simulated
simulated,1,basic,yes,253.24489117161008,10,simulated
simulated,1,basic,yes,253.31048592894598,10,simulated
simulated,1,basic,yes,253.25655526752368,10,simulated
simulated,1,basic,yes,253.20374111700403,10,simulated
simulated,1,basic,yes,253.1948970617342,10,simulated
simulated,1,basic,yes,253.15321463304338,10,simulated
simulated,1,basic,yes,253.25038058928922,10,simulated
simulated,1,basic,yes,253.17555197690075,10,simulated
simulated,1,basic,yes,253.22851809351,10,simulated
simulated,1,basic,yes,253.20449214313527,10,simulated
simulated,1,basic,yes,253.1966210501242,10,simulated
simulated,1,basic,yes,253.25447260860918,10,simulated
simulated,1,basic,yes,253.18177673419612,10,simulated
simulated,1,basic,yes,253.20365030997624,10,simulated
simulated,1,basic,yes,253.23912033219662,10,simulated
simulated,1,basic,yes,253.14366578021475,10,simulated
simulated,1,basic,yes,253.2380730008832,10,simulated
simulated,1,basic,yes,253.2341587781461,10,simulated
simulated,1,basic,yes,253.251046846418,10,simulated
simulated,1,basic,yes,253.1651956441048,10,simulated
simulated,1,basic,yes,253.18876890677083,10,simulated
simulated,1,basic,yes,253.28695188049278,10,simulated
simulated,1,basic,yes,253.23891663692018,10,simulated
simulated,1,basic,yes,253.2715662342158,10,simulated
simulated,1,basic,yes,253.22594690988643,10,simulated
simulated,1,basic,yes,253.22124039381512,10,simulated
simulated,1,basic,yes,253.1695494429687,10,simulated
simulated,1,basic,yes,253.2995253888373,10,simulated
simulated,1,basic,yes,253.26067359358737,10,simulated
simulated,1,basic,yes,253.2108102872712,10,simulated
simulated,1,basic,yes,253.19942829605924,10,simulated
simulated,1,basic,yes,253.22905982609805,10,simulated
simulated,1,basic,yes,253.1867444408323,10,simulated
simulated,1,basic,yes,253.21801044342962,10,simulated
simulated,1,basic,yes,253.18876731809544,10,simulated
simulated,1,basic,yes,253.1540889388831,10,simulated
simulated,1,basic,yes,253.19913082312516,10,simulated
simulated,1,basic,yes,253.2460720130788,10,simulated
simulated,1,basic,yes,253.2258907395476,10,simulated
simulated,1,basic,yes,253.18050858341684,10,simulated
simulated,1,basic,yes,253.17946259159726,10,simulated
simulated,2,basic,yes,253.17430569438326,10,simulated
simulated,2,basic,yes,253.1859974068588,10,simulated
simulated,2,basic,yes,253.19430515203703,10,simulated
simulated,2,basic,yes,253.2773917539706,10,simulated
simulated,2,basic,yes,253.14771105694544,10,simulated
simulated,2,basic,yes,253.21893518810984,10,simulated
simulated,2,basic,yes,253.16224436121198,10,simulated
simulated,2,basic,yes,253.22885572110667,10,simulated
simulated,2,basic,yes,253.21551907920426,10,simulated
simulated,2,basic,yes,253.21619503265595,10,simulated
simulated,2,basic,yes,253.24980288432315,10,simulated
simulated,2,basic,yes,253.19271948609028,10,simulated
simulated,2,basic,yes,253.19734820213043,10,simulated
simulated,2,basic,yes,253.14632183706595,10,simulated
simulated,2,basic,yes,253.1800653294038,10,simulated
simulated,2,basic,yes,253.21373500174775,10,simulated
simulated,2,basic,yes,253.1684731438609,10,simulated
simulated,2,basic,yes,253.1950670343316,10,simulated
simulated,2,basic,yes,253.26368471060977,10,simulated
simulated,2,basic,yes,253.14349491823876,10,simulated
simulated,2,basic,yes,253.2340237781151,10,simulated
simulated,2,basic,yes,253.27929647538718,10,simulated
simulated,2,basic,yes,253.21996685968813,10,simulated
simulated,2,basic,yes,253.13877081378007,10,simulated
simulated,2,basic,yes,253.29308254937422,10,simulated
simulated,2,basic,yes,253.27181714141622,10,simulated
simulated,2,basic,yes,253.26842471055068,10,simulated
simulated,2,basic,yes,253.21148178899708,10,simulated
simulated,2,basic,yes,253.2300198113235,10,simulated
simulated,2,basic,yes,253.2615571496329,10,simulated
simulated,2,basic,yes,253.22088517777829,10,simulated
simulated,2,basic,yes,253.19857155703036,10,simulated
simulated,2,basic,yes,253.14766921953006,10,simulated
simulated,2,basic,yes,253.19981499533992,10,simulated
simulated,2,basic,yes,253.24353042953888,10,simulated
simulated,2,basic,yes,253.21878223467044,10,simulated
simulated,2,basic,yes,253.1827630878562,10,simulated
simulated,2,basic,yes,253.21656845264272,10,simulated
simulated,2,basic,yes,253.1825051427276,10,simulated
simulated,2,basic,yes,253.24156567246573,10,simulated
simulated,2,basic,yes,253.23227390368982,10,simulated
simulated,2,basic,yes,253.27664411802314,10,simulated
simulated,2,basic,yes,253.18474773005224,10,simulated
simulated,2,basic,yes,253.23436097391547,10,simulated
simulated,2,basic,yes,253.2020055125562,10,simulated
simulated,2,basic,yes,253.14112708562095,10,simulated
simulated,2,basic,yes,253.18629319549177,10,simulated
simulated,2,basic,yes,253.22311201280723,10,simulated
simulated,2,basic,yes,253.16144627588477,10,simulated
simulated,2,basic,yes,253.22133359686046,10,simulated
simulated,2,basic,yes,253.15255072310035,10,simulated
simulated,2,basic,yes,253.22240881587442,10,simulated
simulated,2,basic,yes,253.1960760782805,10,simulated
simulated,2,basic,yes,253.13723852626487,10,simulated
simulated,2,basic,yes,253.28625738831744,10,simulated
simulated,2,basic,yes,253.25784818989976,10,simulated
simulated,2,basic,yes,253.21059126832984,10,simulated
simulated,2,basic,yes,253.16775065256476,10,simulated
simulated,2,basic,yes,253.20260315012288,10,simulated
simulated,2,basic,yes,253.15806931964627,10,simulated
simulated,2,basic,yes,253.21977689532073,10,simulated
simulated,2,basic,yes,253.20221084676308,10,simulated
simulated,2,basic,yes,253.20031215168817,10,simulated
simulated,2,basic,yes,253.23166244870924,10,simulated
simulated,2,basic,yes,253.19552106048235,10,simulated
simulated,2,basic,yes,253.20500028622195,10,simulated
simulated,2,basic,yes,253.2067678454458,10,simulated
simulated,2,basic,yes,253.29336978884498,10,simulated
simulated,2,basic,yes,253.23739487436896,10,simulated
simulated,2,basic,yes,253.24341114089583,10,simulated
simulated,2,basic,yes,253.14562057123587,10,simulated
simulated,2,basic,yes,253.19597251667608,10,simulated
simulated,2,basic,yes,253.22973757661612,10,simulated
simulated,2,basic,yes,253.22996362431957,10,simulated
simulated,2,basic,yes,253.24830719287993,10,simulated
simulated,2,basic,yes,253.2331005872015,10,simulated
simulated,2,basic,yes,253.16909572090017,10,simulated
simulated,2,basic,yes,253.2128626714329,10,simulated
simulated,2,basic,yes,253.2409916324878,10,simulated
simulated,2,basic,yes,253.29155566276125,10,simulated
simulated,2,basic,yes,253.2646786673038,10,simulated
simulated,2,basic,yes,253.24324863623465,10,simulated
simulated,2,basic,yes,253.2509993068024,10,simulated
simulated,2,basic,yes,253.17952693080892,10,simulated
simulated,2,basic,yes,253.1905008930739,10,simulated
simulated,2,basic,no,253.23674684508794,10,simulated
simulated,2,basic,yes,253.17714030663444,10,simulated
simulated,2,basic,yes,253.2869440557471,10,simulated
simulated,2,basic,yes,253.17075705227495,10,simulated
simulated,2,basic,yes,253.18926543370878,10,simulated
simulated,2,basic,yes,253.26438224185577,10,simulated
simulated,2,basic,yes,253.25501324373934,10,simulated
simulated,2,basic,yes,253.2482504733197,10,simulated
simulated,2,basic,yes,253.22966222098677,10,simulated
simulated,2,basic,yes,253.22886753209912,10,simulated
simulated,2,basic,yes,253.2393860849954,10,simulated
simulated,2,basic,yes,253.18586233948164,10,simulated
simulated,2,basic,yes,253.12811657254886,10,simulated
simulated,2,basic,yes,253.23040801433038,10,simulated
simulated,2,basic,yes,253.1990465768129,10,simulated
simulated,3,basic,yes,253.29956097997305,10,simulated
simulated,3,basic,yes,253.23663655485976,10,simulated
simulated,3,basic,yes,253.11956706456854,10,simulated
simulated,3,basic,yes,253.26612570317263,10,simulated
simulated,3,basic,yes,253.19562024171177,10,simulated
simulated,3,basic,yes,253.22954216033105,10,simulated
simulated,3,basic,yes,253.1596535702507,10,simulated
simulated,3,basic,yes,253.17393308599523,10,simulated
simulated,3,basic,yes,253.21857962508608,10,simulated
simulated,3,basic,yes,253.24746891865266,10,simulated
simulated,3,basic,yes,253.205738134872,10,simulated
simulated,3,basic,yes,253.23706113925505,10,simulated
simulated,3,basic,yes,253.14805517981574,10,simulated
simulated,3,basic,yes,253.23950486896607,10,simulated
simulated,3,basic,yes,253.1916871367833,10,simulated
simulated,3,basic,yes,253.2080382475998,10,simulated
simulated,3,basic,yes,253.20768895605372,10,simulated
simulated,3,basic,yes,253.21347037696725,10,simulated
simulated,3,basic,yes,253.215606976804,10,simulated
simulated,3,basic,yes,253.22562173550995,10,simulated
simulated,3,basic,yes,253.1981121030631,10,simulated
simulated,3,basic,yes,253.28438047309453,10,simulated
simulated,3,basic,yes,253.19058981091004,10,simulated
simulated,3,basic,yes,253.20655394645917,10,simulated
simulated,3,basic,no,253.16729060750797,10,simulated
simulated,3,basic,yes,253.178682143515,10,simulated
simulated,3,basic,yes,253.17462798111526,10,simulated
simulated,3,basic,yes,253.27221603623892,10,simulated
simulated,3,basic,yes,253.18221270536534,10,simulated
simulated,3,basic,yes,253.24963854278036,10,simulated
simulated,3,basic,yes,253.1226095267294,10,simulated
simulated,3,basic,yes,253.23336265286892,10,simulated
simulated,3,basic,yes,253.1691400349306,10,simulated
simulated,3,basic,yes,253.20895983414206,10,simulated
simulated,3,basic,yes,253.23681118367273,10,simulated
simulated,3,basic,yes,253.2567219575421,10,simulated
simulated,3,basic,yes,253.23159207806953,10,simulated
simulated,3,basic,yes,253.18671922927754,10,simulated
simulated,3,basic,yes,253.2067883780077,10,simulated
simulated,3,basic,yes,253.21481682911573,10,simulated
simulated,3,basic,yes,253.22747059031963,10,simulated
simulated,3,basic,yes,253.2315557325398,10,simulated
simulated,3,basic,yes,253.20207881344504,10,simulated
simulated,3,basic,yes,253.22399052648794,10,simulated
simulated,3,basic,yes,253.19379009379594,10,simulated
simulated,3,basic,yes,253.23911937117708,10,simulated
simulated,3,basic,yes,253.18672213398446,10,simulated
simulated,3,basic,yes,253.24449598565002,10,simulated
simulated,3,basic,yes,253.20584267033087,10,simulated
simulated,3,basic,yes,253.18828698829927,10,simulated
simulated,3,basic,yes,253.23962356172277,10,simulated
simulated,3,basic,yes,253.1654514113906,10,simulated
simulated,3,basic,yes,253.19607480999457,10,simulated
simulated,3,basic,yes,253.21426532251255,10,simulated
simulated,3,basic,yes,253.19249299157408,10,simulated
simulated,3,basic,yes,253.21792886271712,10,simulated
simulated,3,basic,yes,253.27201749465476,10,simulated
simulated,3,basic,yes,253.1855621154533,10,simulated
simulated,3,basic,yes,253.21312248165924,10,simulated
simulated,3,basic,yes,253.24392801436753,10,simulated
simulated,3,basic,yes,253.17656774848047,10,simulated
simulated,3,basic,yes,253.2468959404685,10,simulated
simulated,3,basic,yes,253.20712363977103,10,simulated
simulated,3,basic,yes,253.24601436742887,10,simulated
simulated,3,basic,yes,253.1846918014145,10,simulated
simulated,3,basic,yes,253.22515359297338,10,simulated
simulated,3,basic,yes,253.2630679408362,10,simulated
simulated,3,basic,yes,253.180600618278,10,simulated
simulated,3,basic,yes,253.26460981001262,10,simulated
simulated,3,basic,yes,253.21241334257854,10,simulated
simulated,3,basic,yes,253.26119241725962,10,simulated
simulated,3,basic,yes,253.23696109353295,10,simulated
simulated,3,basic,yes,253.2615913396181,10,simulated
simulated,3,basic,yes,253.2371713069496,10,simulated
simulated,3,basic,yes,253.10362501750532,10,simulated
simulated,3,basic,yes,253.1707814646215,10,simulated
simulated,3,basic,yes,253.2205917696404,10,simulated
simulated,3,basic,yes,253.1891103228765,10,simulated
simulated,3,basic,yes,253.22566868930517,10,simulated
simulated,3,basic,yes,253.2407589868703,10,simulated
simulated,3,basic,yes,253.23609918475566,10,simulated
simulated,3,basic,yes,253.2106958193385,10,simulated
simulated,3,basic,yes,253.18326095854474,10,simulated
simulated,3,basic,yes,253.1733794790261,10,simulated
simulated,3,basic,yes,253.17226481125712,10,simulated
simulated,3,basic,yes,253.2137204043662,10,simulated
simulated,3,basic,yes,253.24097557193352,10,simulated
simulated,3,basic,yes,253.2230131941173,10,simulated
simulated,3,basic,yes,253.26993435347592,10,simulated
simulated,3,basic,yes,253.16926418870693,10,simulated
simulated,3,basic,yes,253.27257593723985,10,simulated
simulated,3,basic,yes,253.241898338775,10,simulated
simulated,3,basic,yes,253.2273688211977,10,simulated
simulated,3,basic,yes,253.16980243137493,10,simulated
simulated,3,basic,yes,253.22868591802813,10,simulated
simulated,3,basic,yes,253.20475963782044,10,simulated
simulated,3,basic,yes,253.27987001689075,10,simulated
simulated,3,basic,yes,253.24205443892606,10,simulated
simulated,3,basic,yes,253.2023569094789,10,simulated
simulated,3,basic,yes,253.1355818679724,10,simulated
simulated,0,sub,yes,817.1046468401372,10,simulated
simulated,0,sub,yes,816.949420335732,10,simulated
simulated,0,sub,yes,817.027744373778,10,simulated
simulated,0,sub,yes,816.9735297794194,10,simulated
simulated,0,sub,yes,816.9450135274934,10,simulated
simulated,0,sub,yes,816.9447760680476,10,simulated
simulated,0,sub,yes,816.8852807217485,10,simulated
simulated,0,sub,yes,816.9801241606103,10,simulated
simulated,0,sub,no,817.0064137733613,10,simulated
simulated,0,sub,yes,816.9064213863481,10,simulated
simulated,0,sub,yes,816.9190159229478,10,simulated
simulated,0,sub,yes,817.1013517550983,10,simulated
simulated,0,sub,yes,816.9548167489379,10,simulated
simulated,0,sub,yes,816.9384495084067,10,simulated
simulated,0,sub,yes,817.0867333705579,10,simulated
simulated,0,sub,yes,816.9918894066449,10,simulated
simulated,0,sub,yes,816.7808661718833,10,simulated
simulated,0,sub,yes,817.0087753951462,10,simulated
simulated,0,sub,yes,816.8755525076194,10,simulated
simulated,0,sub,yes,817.0984850531056,10,simulated
simulated,0,sub,yes,817.0921010646935,10,simulated
simulated,0,sub,yes,816.9893568875887,10,simulated
simulated,0,sub,yes,816.9077646720283,10,simulated
simulated,0,sub,yes,816.9860108549191,10,simulated
simulated,0,sub,yes,817.0229042557745,10,simulated
simulated,0,sub,yes,817.1467066348753,10,simulated
simulated,0,sub,yes,817.0080431023315,10,simulated
simulated,0,sub,yes,816.8354348160897,10,simulated
simulated,0,sub,yes,816.9515811764841,10,simulated
simulated,0,sub,yes,816.8830157777448,10,simulated
simulated,0,sub,yes,816.967679909643,10,simulated
simulated,0,sub,yes,816.9183681032259,10,simulated
simulated,0,sub,yes,817.0724762399203,10,simulated
simulated,0,sub,yes,816.98731736952,10,simulated
simulated,0,sub,yes,816.8722878769779,10,simulated
simulated,0,sub,yes,816.918232682097,10,simulated
simulated,0,sub,yes,816.9593935966595,10,simulated
simulated,0,sub,yes,816.9981405788866,10,simulated
simulated,0,sub,yes,816.9435603321594,10,simulated
simulated,0,sub,yes,817.0426525789319,10,simulated
simulated,0,sub,yes,817.0109037549355,10,simulated
simulated,0,sub,yes,817.0639406500917,10,simulated
simulated,0,sub,yes,817.1939181142471,10,simulated
simulated,0,sub,yes,816.9754882468218,10,simulated
simulated,0,sub,yes,817.0025750935787,10,simulated
simulated,0,sub,yes,816.8609897586235,10,simulated
simulated,0,sub,yes,816.9643894197546,10,simulated
simulated,0,sub,yes,817.031312438498,10,simulated
simulated,0,sub,yes,817.0839795010569,10,simulated
simulated,0,sub,yes,816.9708091392517,10,simulated
simulated,1,sub,yes,817.0119350114447,10,simulated
simulated,1,sub,yes,816.7183217909633,10,simulated
simulated,1,sub,yes,816.9331466746579,10,simulated
simulated,1,sub,yes,816.760005022573,10,simulated
simulated,1,sub,yes,817.1532710336771,10,simulated
simulated,1,sub,yes,816.919086935212,10,simulated
simulated,1,sub,yes,817.0642762825227,10,simulated
simulated,1,sub,yes,816.8615066387829,10,simulated
simulated,1,sub,yes,816.8097130124643,10,simulated
simulated,1,sub,yes,817.0159528630004,10,simulated
simulated,1,sub,yes,817.0500801248022,10,simulated
simulated,1,sub,no,816.818885178393,10,simulated
simulated,1,sub,yes,816.9556922627456,10,simulated
simulated,1,sub,yes,817.0498537021139,10,simulated
simulated,1,sub,yes,817.0004032879776,10,simulated
simulated,1,sub,yes,816.8891990254375,10,simulated
simulated,1,sub,yes,816.8939094966822,10,simulated
simulated,1,sub,yes,816.9909404079293,10,simulated
simulated,1,sub,yes,817.0366008376204,10,simulated
simulated,1,sub,yes,816.8158518901032,10,simulated
simulated,1,sub,yes,817.0217255997676,10,simulated
simulated,1,sub,yes,816.8731331877118,10,simulated
simulated,1,sub,yes,816.8824831203257,10,simulated
simulated,1,sub,yes,816.9044242702294,10,simulated
simulated,1,sub,yes,817.0353598406385,10,simulated
simulated,1,sub,yes,816.9026129498327,10,simulated
simulated,1,sub,yes,816.9773943968254,10,simulated
simulated,1,sub,yes,816.8595439029395,10,simulated
simulated,1,sub,yes,817.0444596128444,10,simulated
simulated,1,sub,no,816.9785263445776,10,simulated
simulated,1,sub,yes,816.9492047118243,10,simulated
simulated,1,sub,yes,816.9895363775578,10,simulated
simulated,1,sub,yes,816.8866632085437,10,simulated
simulated,1,sub,no,817.0221005965406,10,simulated
simulated,1,sub,yes,816.9792193401124,10,simulated
simulated,1,sub,yes,816.873315191256,10,simulated
simulated,1,sub,yes,816.9992036496265,10,simulated
simulated,1,sub,yes,816.9499153240955,10,simulated
simulated,1,sub,yes,817.049395370617,10,simulated
simulated,1,sub,yes,816.988472133989,10,simulated
simulated,1,sub,yes,816.9876732356851,10,simulated
simulated,1,sub,yes,816.9078515031521,10,simulated
simulated,1,sub,yes,816.9757217800601,10,simulated
simulated,1,sub,yes,816.8771520508479,10,simulated
simulated,1,sub,yes,817.0064044093032,10,simulated
simulated,1,sub,yes,816.9611133921478,10,simulated
simulated,1,sub,yes,816.9145517176069,10,simulated
simulated,1,sub,yes,816.8336859737454,10,simulated
simulated,1,sub,yes,816.9820870723357,10,simulated
simulated,1,sub,no,816.8949603122999,10,simulated
simulated,2,sub,yes,817.0008133786617,10,simulated
simulated,2,sub,yes,817.0240667798372,10,simulated
simulated,2,sub,yes,816.9987948541049,10,simulated
simulated,2,sub,yes,816.8915552565102,10,simulated
simulated,2,sub,yes,816.9855395055678,10,simulated
simulated,2,sub,yes,817.0140277613085,10,simulated
simulated,2,sub,yes,817.0753525523613,10,simulated
simulated,2,sub,yes,816.8945212359982,10,simulated
simulated,2,sub,yes,817.1063168161759,10,simulated
simulated,2,sub,yes,816.898672934372,10,simulated
simulated,2,sub,yes,816.9903607594864,10,simulated
simulated,2,sub,yes,816.9892860786557,10,simulated
simulated,2,sub,yes,817.035172858731,10,simulated
simulated,2,sub,yes,816.8506687703018,10,simulated
simulated,2,sub,yes,817.0669578937702,10,simulated
simulated,2,sub,yes,816.9399521571886,10,simulated
simulated,2,sub,yes,816.9658275992551,10,simulated
simulated,2,sub,yes,817.090841879215,10,simulated
simulated,2,sub,yes,816.9304185745982,10,simulated
simulated,2,sub,yes,816.9063172455064,10,simulated
simulated,2,sub,yes,816.9871514530121,10,simulated
simulated,2,sub,yes,816.9228059647025,10,simulated
simulated,2,sub,yes,817.0471887597075,10,simulated
simulated,2,sub,yes,816.8903273512391,10,simulated
simulated,2,sub,yes,816.9504488939722,10,simulated
simulated,2,sub,yes,817.1060809186424,10,simulated
simulated,2,sub,yes,816.8370546231608,10,simulated
simulated,2,sub,yes,817.0988430651465,10,simulated
simulated,2,sub,yes,816.8510864889382,10,simulated
simulated,2,sub,yes,816.9357338351462,10,simulated
simulated,2,sub,yes,817.0585481378538,10,simulated
simulated,2,sub,yes,816.8122559130676,10,simulated
simulated,2,sub,yes,817.0935755331462,10,simulated
simulated,2,sub,yes,816.8861292346863,10,simulated
simulated,2,sub,yes,817.0450509176105,10,simulated
simulated,2,sub,yes,816.8566375879237,10,simulated
simulated,2,sub,yes,817.0123863233994,10,simulated
simulated,2,sub,yes,817.0324592134922,10,simulated
simulated,2,sub,yes,817.0182408120677,10,simulated
simulated,2,sub,yes,816.8228907910393,10,simulated
simulated,2,sub,yes,816.923822438546,10,simulated
simulated,2,sub,yes,816.8497176134275,10,simulated
simulated,2,sub,yes,817.0185611298297,10,simulated
simulated,2,sub,yes,817.0951093355287,10,simulated
simulated,2,sub,yes,816.9884200312242,10,simulated
simulated,2,sub,yes,816.7165618605499,10,simulated
simulated,2,sub,yes,816.9010016431782,10,simulated
simulated,2,sub,yes,817.0081238481384,10,simulated
simulated,2,sub,yes,816.9220778609663,10,simulated
simulated,2,sub,yes,817.0579847108729,10,simulated
simulated,3,sub,yes,816.978960383651,10,simulated
simulated,3,sub,yes,817.0008911733921,10,simulated
simulated,3,sub,yes,816.8556069227786,10,simulated
simulated,3,sub,yes,816.9513853406771,10,simulated
simulated,3,sub,no,817.1681569450881,10,simulated
simulated,3,sub,yes,817.0508898541733,10,simulated
simulated,3,sub,yes,817.1965751181788,10,simulated
simulated,3,sub,yes,816.9846468798644,10,simulated
simulated,3,sub,yes,816.9400020621965,10,simulated
simulated,3,sub,yes,817.0598438335531,10,simulated
simulated,3,sub,yes,817.1635233431168,10,simulated
simulated,3,sub,yes,817.0250535319748,10,simulated
simulated,3,sub,yes,816.9869693951937,10,simulated
simulated,3,sub,yes,816.9139735862117,10,simulated
simulated,3,sub,yes,816.8534708754613,10,simulated
simulated,3,sub,yes,817.1356939412206,10,simulated
simulated,3,sub,yes,816.9854490673098,10,simulated
simulated,3,sub,yes,816.8830664260145,10,simulated
simulated,3,sub,yes,816.8974656970023,10,simulated
simulated,3,sub,yes,817.0247786525731,10,simulated
simulated,3,sub,yes,816.960642305304,10,simulated
simulated,3,sub,yes,816.90186815377,10,simulated
simulated,3,sub,yes,817.0485293111738,10,simulated
simulated,3,sub,yes,817.167267797348,10,simulated
simulated,3,sub,yes,816.8574005179406,10,simulated
simulated,3,sub,yes,817.1427481406596,10,simulated
simulated,3,sub,yes,816.9774450527236,10,simulated
simulated,3,sub,yes,817.2009802257893,10,simulated
simulated,3,sub,yes,816.8994838135976,10,simulated
simulated,3,sub,yes,816.9415597361764,10,simulated
simulated,3,sub,yes,817.0802374125442,10,simulated
simulated,3,sub,yes,816.9385973799655,10,simulated
simulated,3,sub,yes,817.0577101572027,10,simulated
simulated,3,sub,yes,817.0651951831644,10,simulated
simulated,3,sub,yes,817.312034129833,10,simulated
simulated,3,sub,yes,816.882827571457,10,simulated
simulated,3,sub,yes,817.1713704601157,10,simulated
simulated,3,sub,yes,816.9878703245357,10,simulated
simulated,3,sub,yes,816.9952020296439,10,simulated
simulated,3,sub,yes,816.982575520477,10,simulated
simulated,3,sub,yes,817.1672241772661,10,simulated
simulated,3,sub,yes,817.0343011324364,10,simulated
simulated,3,sub,yes,817.0373184835179,10,simulated
simulated,3,sub,yes,816.9135604315633,10,simulated
simulated,3,sub,yes,816.9968509023486,10,simulated
simulated,3,sub,yes,816.8681417627623,10,simulated
simulated,3,sub,yes,816.9215423182175,10,simulated
simulated,3,sub,yes,816.9074067971126,10,simulated
simulated,3,sub,yes,816.9453012915367,10,simulated
simulated,3,sub,yes,817.0115909815988,10,simulated
simulated,4,sub,yes,816.929370624513,10,simulated
simulated,4,sub,yes,816.9342665488043,10,simulated
simulated,4,sub,yes,816.8997293761406,10,simulated
simulated,4,sub,yes,816.8892488011583,10,simulated
simulated,4,sub,yes,816.8506730587275,10,simulated
simulated,4,sub,yes,816.801944043994,10,simulated
simulated,4,sub,yes,816.815118184157,10,simulated
simulated,4,sub,yes,816.9950116534912,10,simulated
simulated,4,sub,yes,816.8490679620708,10,simulated
simulated,4,sub,yes,816.9584687711226,10,simulated
simulated,4,sub,yes,816.993326385716,10,simulated
simulated,4,sub,yes,816.9306357818049,10,simulated
simulated,4,sub,yes,816.9714739433583,10,simulated
simulated,4,sub,yes,816.970304584508,10,simulated
simulated,4,sub,yes,816.8626394161673,10,simulated
simulated,4,sub,yes,816.7860335876927,10,simulated
simulated,4,sub,yes,816.8582060735511,10,simulated
simulated,4,sub,yes,817.0351951554643,10,simulated
simulated,4,sub,yes,816.9356864197973,10,simulated
simulated,4,sub,yes,816.7350427838952,10,simulated
simulated,4,sub,yes,816.9330484354074,10,simulated
simulated,4,sub,yes,816.9733137899285,10,simulated
simulated,4,sub,yes,816.9938344685775,10,simulated
simulated,4,sub,yes,816.9710068498696,10,simulated
simulated,4,sub,yes,817.0554436658606,10,simulated
simulated,4,sub,yes,817.0225807305922,10,simulated
simulated,4,sub,yes,817.1003632395731,10,simulated
simulated,4,sub,yes,816.8708566874196,10,simulated
simulated,4,sub,yes,816.9703533144555,10,simulated
simulated,4,sub,yes,816.9951178525313,10,simulated
simulated,4,sub,yes,816.9837826205168,10,simulated
simulated,4,sub,yes,817.017043657066,10,simulated
simulated,4,sub,no,816.8885407128049,10,simulated
simulated,4,sub,yes,816.9425494948637,10,simulated
simulated,4,sub,yes,817.1319993351359,10,simulated
simulated,4,sub,yes,817.093664381824,10,simulated
simulated,4,sub,yes,816.8701237852313,10,simulated
simulated,4,sub,yes,817.0256600891008,10,simulated
simulated,4,sub,yes,816.9541945858122,10,simulated
simulated,4,sub,yes,817.0540989157712,10,simulated
simulated,4,sub,yes,817.1828330257636,10,simulated
simulated,4,sub,yes,817.2377906223486,10,simulated
simulated,4,sub,yes,816.9775414533276,10,simulated
simulated,4,sub,yes,816.9593388163926,10,simulated
simulated,4,sub,yes,816.9739478104754,10,simulated
simulated,4,sub,yes,817.0566732824838,10,simulated
simulated,4,sub,yes,817.0105579828561,10,simulated
simulated,4,sub,yes,816.9865346373074,10,simulated
simulated,4,sub,yes,816.8935168457193,10,simulated
simulated,4,sub,yes,817.1036637843229,10,simulated
simulated,5,sub,yes,816.8925492557794,10,simulated
simulated,5,sub,yes,816.9989860566704,10,simulated
simulated,5,sub,yes,816.9264303545897,10,simulated
simulated,5,sub,yes,816.8886749978698,10,simulated
simulated,5,sub,yes,816.8830611639314,10,simulated
simulated,5,sub,yes,816.9315771579088,10,simulated
simulated,5,sub,yes,817.0301457565201,10,simulated
simulated,5,sub,yes,816.9509917700423,10,simulated
simulated,5,sub,yes,816.8266653718251,10,simulated
simulated,5,sub,yes,816.9836521002318,10,simulated
simulated,5,sub,yes,816.9603343773387,10,simulated
simulated,5,sub,yes,816.9248556211438,10,simulated
simulated,5,sub,yes,816.8851929887032,10,simulated
simulated,5,sub,yes,817.1618734271896,10,simulated
simulated,5,sub,yes,816.9271523178819,10,simulated
simulated,5,sub,yes,817.046024529451,10,simulated
simulated,5,sub,yes,816.8674536854892,10,simulated
simulated,5,sub,yes,816.9490537726945,10,simulated
simulated,5,sub,yes,816.942141430894,10,simulated
simulated,5,sub,yes,816.9163339018917,10,simulated
simulated,5,sub,yes,816.8580340947185,10,simulated
simulated,5,sub,yes,817.1743426078252,10,simulated
simulated,5,sub,yes,816.8478559655321,10,simulated
simulated,5,sub,yes,816.958582416865,10,simulated
simulated,5,sub,yes,817.0564082541053,10,simulated
simulated,5,sub,yes,817.2024554985431,10,simulated
simulated,5,sub,yes,816.8392270535915,10,simulated
simulated,5,sub,yes,817.0864079218028,10,simulated
simulated,5,sub,yes,817.1452959465081,10,simulated
simulated,5,sub,yes,817.1009609960694,10,simulated
simulated,5,sub,yes,817.0753285954687,10,simulated
simulated,5,sub,yes,817.0251736774524,10,simulated
simulated,5,sub,no,817.1244450647699,10,simulated
simulated,5,sub,yes,816.9477526945745,10,simulated
simulated,5,sub,yes,816.9641125061596,10,simulated
simulated,5,sub,yes,817.069479767722,10,simulated
simulated,5,sub,yes,816.966046872571,10,simulated
simulated,5,sub,yes,816.9809895093655,10,simulated
simulated,5,sub,yes,817.1022178216613,10,simulated
simulated,5,sub,yes,816.7234974168313,10,simulated
simulated,5,sub,yes,816.976968302531,10,simulated
simulated,5,sub,yes,817.2534381372767,10,simulated
simulated,5,sub,yes,817.1202376725405,10,simulated
simulated,5,sub,yes,816.9014681752157,10,simulated
simulated,5,sub,no,817.0203994660267,10,simulated
simulated,5,sub,yes,817.0987794734531,10,simulated
simulated,5,sub,yes,816.9922154169758,10,simulated
simulated,5,sub,yes,816.9009337149687,10,simulated
simulated,5,sub,yes,816.9988162093615,10,simulated
simulated,5,sub,yes,816.9113722292857,10,simulated
simulated,6,sub,yes,817.0571026403417,10,simulated
simulated,6,sub,yes,817.0850723088062,10,simulated
simulated,6,sub,yes,816.9967657593693,10,simulated
simulated,6,sub,yes,816.8104602672814,10,simulated
simulated,6,sub,yes,817.0806367063411,10,simulated
simulated,6,sub,yes,817.0568199362816,10,simulated
simulated,6,sub,yes,817.06246136034,10,simulated
simulated,6,sub,yes,816.9248344998974,10,simulated
simulated,6,sub,yes,817.0344663871825,10,simulated
simulated,6,sub,yes,816.9515964693556,10,simulated
simulated,6,sub,yes,816.8893261267145,10,simulated
simulated,6,sub,yes,817.072866367219,10,simulated
simulated,6,sub,yes,816.9561386591266,10,simulated
simulated,6,sub,yes,817.0367971202822,10,simulated
simulated,6,sub,yes,816.8489859138124,10,simulated
simulated,6,sub,no,816.9276520538226,10,simulated
simulated,6,sub,yes,816.9553274074984,10,simulated
simulated,6,sub,yes,816.9954862113497,10,simulated
simulated,6,sub,yes,816.9503197785781,10,simulated
simulated,6,sub,yes,817.039771800041,10,simulated
simulated,6,sub,yes,816.8308094759633,10,simulated
simulated,6,sub,yes,816.9868649023975,10,simulated
simulated,6,sub,yes,816.9596367130143,10,simulated
simulated,6,sub,no,816.8478544368992,10,simulated
simulated,6,sub,yes,816.9617207456738,10,simulated
simulated,6,sub,yes,816.8060117247743,10,simulated
simulated,6,sub,yes,816.7152817937596,10,simulated
simulated,6,sub,yes,817.064208480414,10,simulated
simulated,6,sub,yes,817.0783826624136,10,simulated
simulated,6,sub,yes,816.9175611341489,10,simulated
simulated,6,sub,yes,816.8131636397015,10,simulated
simulated,6,sub,yes,816.9411750962158,10,simulated
simulated,6,sub,yes,816.9663761888796,10,simulated
simulated,6,sub,yes,817.0251292903156,10,simulated
simulated,6,sub,yes,817.043064709794,10,simulated
simulated,6,sub,yes,816.9605149462286,10,simulated
simulated,6,sub,yes,817.1991387525198,10,simulated
simulated,6,sub,yes,817.0627110499152,10,simulated
simulated,6,sub,yes,816.973518416334,10,simulated
simulated,6,sub,yes,816.9273271199071,10,simulated
simulated,6,sub,yes,817.1405158725155,10,simulated
simulated,6,sub,yes,816.9957025070081,10,simulated
simulated,6,sub,yes,816.9420022108633,10,simulated
simulated,6,sub,yes,817.0653193853744,10,simulated
simulated,6,sub,yes,816.9730672948651,10,simulated
simulated,6,sub,yes,817.0609795786006,10,simulated
simulated,6,sub,yes,816.9911876868152,10,simulated
simulated,6,sub,yes,817.0408071116016,10,simulated
simulated,6,sub,yes,817.1176931951987,10,simulated
simulated,6,sub,yes,816.9837933057165,10,simulated
simulated,7,sub,yes,816.8316097359234,10,simulated
simulated,7,sub,yes,816.9259082421316,10,simulated
simulated,7,sub,yes,816.9131497093574,10,simulated
simulated,7,sub,yes,816.9575135883475,10,simulated
simulated,7,sub,yes,816.8901240578562,10,simulated
simulated,7,sub,yes,816.9090838550613,10,simulated
simulated,7,sub,yes,817.1211910165085,10,simulated
simulated,7,sub,yes,816.8294355470617,10,simulated
simulated,7,sub,yes,816.9766589969954,10,simulated
simulated,7,sub,yes,817.097181739756,10,simulated
simulated,7,sub,yes,816.939039327907,10,simulated
simulated,7,sub,yes,817.0150008322889,10,simulated
simulated,7,sub,yes,817.0025706986066,10,simulated
simulated,7,sub,yes,817.1174919037082,10,simulated
simulated,7,sub,yes,816.8699444977303,10,simulated
simulated,7,sub,yes,817.0238602660248,10,simulated
simulated,7,sub,no,817.0745700848338,10,simulated
simulated,7,sub,yes,816.836524540426,10,simulated
simulated,7,sub,yes,817.0218575058142,10,simulated
simulated,7,sub,yes,817.0062185031632,10,simulated
simulated,7,sub,yes,817.0704434035543,10,simulated
simulated,7,sub,yes,816.8751482152837,10,simulated
simulated,7,sub,yes,816.9943136028248,10,simulated
simulated,7,sub,yes,817.0318571483621,10,simulated
simulated,7,sub,yes,816.9962199899638,10,simulated
simulated,7,sub,yes,816.8725069422294,10,simulated
simulated,7,sub,yes,816.8277921072051,10,simulated
simulated,7,sub,yes,816.8436080173369,10,simulated
simulated,7,sub,yes,816.9143390461215,10,simulated
simulated,7,sub,yes,817.0012797679075,10,simulated
simulated,7,sub,yes,817.1110382509381,10,simulated
simulated,7,sub,yes,816.977087353036,10,simulated
simulated,7,sub,yes,816.9900906488168,10,simulated
simulated,7,sub,yes,816.9087559164955,10,simulated
simulated,7,sub,yes,816.9830382045989,10,simulated
simulated,7,sub,yes,816.8556976196162,10,simulated
simulated,7,sub,yes,816.9757955719895,10,simulated
simulated,7,sub,yes,816.9323688678884,10,simulated
simulated,7,sub,yes,817.0118219917266,10,simulated
simulated,7,sub,yes,816.9286347123699,10,simulated
simulated,7,sub,yes,817.0720045700082,10,simulated
simulated,7,sub,yes,817.1463947630402,10,simulated
simulated,7,sub,no,816.953072323352,10,simulated
simulated,7,sub,yes,816.9673840426884,10,simulated
simulated,7,sub,yes,817.1443636388485,10,simulated
simulated,7,sub,yes,816.8950292099175,10,simulated
simulated,7,sub,yes,816.9714625166913,10,simulated
simulated,7,sub,yes,816.9904306260705,10,simulated
simulated,7,sub,yes,817.0126228579275,10,simulated
simulated,7,sub,yes,816.9716140281963,10,simulated
